,ID,TIME,FEATURE_0,FEATURE_1,FEATURE_2,FEATURE_3,FEATURE_4,FEATURE_5,FEATURE_6,ACTION,RISK,OG_CLUSTER,CLUSTER,NEXT_CLUSTER
0,0,0,1,2,1,2,0,0,0,4.0,0.0,1,1,1
1,0,1,1,2,1,1,1,0,0,0.0,0.0,1,1,1
2,0,2,1,2,1,1,0,0,0,6.0,0.0,1,1,1
3,0,3,1,2,1,1,1,0,1,5.0,0.0,1,1,1
4,0,4,1,2,1,1,1,1,0,4.0,0.0,1,1,1
5,0,5,1,1,1,1,1,0,0,0.0,0.0,1,1,1
6,0,6,1,1,1,1,0,0,0,5.0,0.0,1,1,1
7,0,7,1,1,1,1,1,1,0,4.0,0.0,1,1,0
8,0,8,1,1,1,1,1,0,0,5.0,-1.0,1,0,0
9,0,9,1,2,0,1,1,1,0,,-1.0,1,0,None
10,1,0,0,1,1,3,0,0,0,7.0,-1.0,1,0,0
11,1,1,0,2,1,3,1,1,1,,-1.0,1,0,None
12,2,0,2,2,1,2,0,0,0,3.0,0.0,1,1,1
13,2,1,2,2,1,2,0,1,1,0.0,0.0,1,1,1
14,2,2,2,2,1,2,0,0,0,4.0,0.0,1,1,1
15,2,3,2,2,1,2,1,0,0,6.0,0.0,1,1,1
16,2,4,1,1,1,2,1,0,1,0.0,0.0,1,1,1
17,2,5,1,1,0,2,0,0,0,2.0,0.0,1,1,1
18,2,6,1,1,0,2,0,0,1,4.0,0.0,1,1,1
19,2,7,1,1,0,2,1,0,0,6.0,0.0,1,1,1
20,2,8,1,1,1,2,1,0,1,6.0,0.0,1,1,1
21,2,9,1,1,1,2,1,0,1,0.0,0.0,1,1,1
22,2,10,2,1,1,2,0,0,0,2.0,0.0,1,1,1
23,2,11,2,1,1,2,0,0,1,3.0,0.0,1,1,1
24,2,12,2,2,1,2,0,1,1,7.0,0.0,1,1,1
25,2,13,1,2,1,2,1,1,1,7.0,0.0,1,1,1
26,2,14,1,2,1,2,1,1,1,7.0,0.0,1,1,1
27,2,15,1,2,1,2,1,1,1,1.0,0.0,1,1,1
28,2,16,1,2,1,2,0,1,0,0.0,0.0,1,1,1
29,2,17,1,2,1,2,0,0,0,1.0,0.0,1,1,1
30,2,18,1,2,0,2,0,1,0,2.0,0.0,1,1,1
31,2,19,0,1,0,2,0,0,1,5.0,0.0,1,1,1
32,2,20,0,1,0,2,1,1,0,,0.0,1,1,None
33,3,0,1,0,1,2,0,0,0,5.0,0.0,1,1,2
34,3,1,1,1,1,2,1,1,0,0.0,1.0,1,2,2
35,3,2,1,1,1,2,0,0,0,,1.0,1,2,None
36,4,0,2,1,1,2,0,0,0,5.0,0.0,1,1,1
37,4,1,2,2,1,2,1,1,0,4.0,0.0,1,1,1
38,4,2,1,2,1,2,1,0,0,3.0,0.0,1,1,1
39,4,3,1,2,1,2,0,1,1,7.0,0.0,1,1,1
40,4,4,1,2,1,2,1,1,1,1.0,0.0,1,1,2
41,4,5,1,2,1,2,0,1,0,0.0,1.0,1,2,2
42,4,6,1,1,1,2,0,0,0,,1.0,1,2,None
43,5,0,0,1,1,4,0,0,0,4.0,0.0,1,1,1
44,5,1,0,1,1,4,1,0,0,3.0,0.0,1,1,1
45,5,2,0,1,1,4,0,1,1,0.0,0.0,1,1,0
46,5,3,0,1,1,1,0,0,0,7.0,-1.0,1,0,0
47,5,4,0,2,1,1,1,1,1,,-1.0,1,0,None
48,6,0,1,0,1,2,0,0,0,3.0,0.0,1,1,1
49,6,1,2,1,1,2,0,1,1,6.0,0.0,1,1,1
50,6,2,1,1,1,2,1,0,1,2.0,0.0,1,1,1
51,6,3,2,1,1,2,0,0,1,5.0,0.0,1,1,1
52,6,4,1,2,1,2,1,1,0,5.0,0.0,1,1,1
53,6,5,1,1,1,2,1,1,0,1.0,0.0,1,1,1
54,6,6,1,1,1,2,0,1,0,3.0,0.0,1,1,1
55,6,7,1,1,1,2,0,1,1,6.0,0.0,1,1,1
56,6,8,1,1,1,2,1,0,1,5.0,0.0,1,1,1
57,6,9,1,2,1,2,1,1,0,0.0,0.0,1,1,1
58,6,10,1,2,1,2,0,0,0,0.0,0.0,1,1,1
59,6,11,1,2,1,2,0,0,0,7.0,0.0,1,1,1
60,6,12,1,2,1,2,1,1,1,5.0,0.0,1,1,1
61,6,13,1,2,1,2,1,1,0,0.0,0.0,1,1,1
62,6,14,1,2,1,2,0,0,0,7.0,0.0,1,1,1
63,6,15,1,2,1,2,1,1,1,2.0,0.0,1,1,1
64,6,16,1,2,1,2,0,0,1,1.0,0.0,1,1,1
65,6,17,1,2,1,2,0,1,0,5.0,0.0,1,1,1
66,6,18,1,2,1,2,1,1,0,2.0,0.0,1,1,1
67,6,19,1,2,1,2,0,0,1,4.0,0.0,1,1,1
68,6,20,1,2,1,2,1,0,0,,0.0,1,1,None
69,7,0,0,1,1,1,0,0,0,4.0,0.0,1,1,1
70,7,1,0,1,1,1,1,0,0,6.0,0.0,1,1,1
71,7,2,0,1,1,1,1,0,1,1.0,0.0,1,1,0
72,7,3,0,1,1,1,0,1,0,3.0,-1.0,1,0,0
73,7,4,0,2,1,1,0,1,1,,-1.0,1,0,None
74,8,0,1,1,1,1,0,0,0,2.0,0.0,1,1,1
75,8,1,1,1,1,1,0,0,1,1.0,0.0,1,1,1
76,8,2,1,2,1,1,0,1,0,0.0,0.0,1,1,1
77,8,3,1,2,1,1,0,0,0,6.0,0.0,1,1,1
78,8,4,1,1,1,1,1,0,1,5.0,0.0,1,1,1
79,8,5,1,1,1,1,1,1,0,6.0,0.0,1,1,1
80,8,6,1,1,1,1,1,0,1,4.0,0.0,1,1,1
81,8,7,1,1,1,1,1,0,0,7.0,0.0,1,1,1
82,8,8,1,2,1,1,1,1,1,3.0,0.0,1,1,0
83,8,9,1,2,1,1,0,1,1,2.0,-1.0,1,0,0
84,8,10,0,2,1,1,0,0,1,,-1.0,1,0,None
85,9,0,2,1,0,2,0,0,0,4.0,0.0,1,1,1
86,9,1,1,1,0,2,1,0,0,7.0,0.0,1,1,1
87,9,2,1,2,0,2,1,1,1,2.0,0.0,1,1,1
88,9,3,1,2,1,2,0,0,1,3.0,0.0,1,1,1
89,9,4,1,2,1,2,0,1,1,7.0,0.0,1,1,1
90,9,5,1,2,1,2,1,1,1,4.0,0.0,1,1,1
91,9,6,1,2,1,2,1,0,0,0.0,0.0,1,1,1
92,9,7,1,2,1,2,0,0,0,0.0,0.0,1,1,1
93,9,8,0,2,1,2,0,0,0,5.0,0.0,1,1,1
94,9,9,0,1,1,2,1,1,0,5.0,0.0,1,1,1
95,9,10,0,2,1,2,1,1,0,6.0,0.0,1,1,1
96,9,11,0,1,1,2,1,0,1,3.0,0.0,1,1,1
97,9,12,0,2,1,2,0,1,1,1.0,0.0,1,1,1
98,9,13,0,2,1,2,0,1,0,5.0,0.0,1,1,1
99,9,14,0,2,1,2,1,1,0,0.0,0.0,1,1,1
100,9,15,0,2,1,2,0,0,0,1.0,0.0,1,1,0
101,9,16,0,2,1,2,0,1,0,0.0,-1.0,1,0,0
102,9,17,0,2,1,1,0,0,0,,-1.0,1,0,None
103,10,0,2,1,0,2,0,0,0,7.0,0.0,1,1,1
104,10,1,1,2,1,2,1,1,1,2.0,0.0,1,1,1
105,10,2,1,2,1,2,0,0,1,5.0,0.0,1,1,1
106,10,3,1,2,1,2,1,1,0,7.0,0.0,1,1,1
107,10,4,1,2,1,2,1,1,1,1.0,0.0,1,1,1
108,10,5,1,2,1,2,0,1,0,7.0,0.0,1,1,1
109,10,6,1,2,1,2,1,1,1,2.0,0.0,1,1,1
110,10,7,1,2,1,2,0,0,1,1.0,0.0,1,1,1
111,10,8,1,2,1,2,0,1,0,6.0,0.0,1,1,1
112,10,9,1,2,1,2,1,0,1,0.0,0.0,1,1,1
113,10,10,1,2,1,2,0,0,0,0.0,0.0,1,1,1
114,10,11,1,2,1,2,0,0,0,4.0,0.0,1,1,1
115,10,12,1,1,1,1,1,0,0,5.0,0.0,1,1,1
116,10,13,1,2,1,1,1,1,0,5.0,0.0,1,1,1
117,10,14,1,2,1,1,1,1,0,2.0,0.0,1,1,1
118,10,15,1,2,1,1,0,0,1,2.0,0.0,1,1,1
119,10,16,1,2,1,1,0,0,1,4.0,0.0,1,1,1
120,10,17,1,2,1,1,1,0,0,3.0,0.0,1,1,0
121,10,18,1,2,1,1,0,1,1,2.0,-1.0,1,0,0
122,10,19,0,2,1,1,0,0,1,,-1.0,1,0,None
123,11,0,2,0,1,2,0,0,0,3.0,0.0,1,1,1
124,11,1,1,1,1,2,0,1,1,6.0,0.0,1,1,1
125,11,2,1,1,1,1,1,0,1,1.0,0.0,1,1,1
126,11,3,1,2,1,1,0,1,0,4.0,0.0,1,1,1
127,11,4,1,2,1,1,1,0,0,2.0,0.0,1,1,0
128,11,5,1,2,1,1,0,0,1,0.0,-1.0,1,0,0
129,11,6,1,2,0,1,0,0,0,,-1.0,1,0,None
130,12,0,2,2,1,2,0,0,0,6.0,0.0,1,1,1
131,12,1,1,2,1,2,1,0,1,3.0,0.0,1,1,1
132,12,2,1,2,1,2,0,1,1,0.0,0.0,1,1,1
133,12,3,1,2,1,2,0,0,0,4.0,0.0,1,1,1
134,12,4,1,1,1,1,1,0,0,0.0,0.0,1,1,1
135,12,5,1,2,1,1,0,0,0,3.0,0.0,1,1,1
136,12,6,1,2,1,1,0,1,1,7.0,0.0,1,1,1
137,12,7,1,2,1,1,1,1,1,1.0,0.0,1,1,1
138,12,8,1,2,1,1,0,1,0,5.0,0.0,1,1,1
139,12,9,1,2,1,1,1,1,0,1.0,0.0,1,1,1
140,12,10,1,2,1,1,0,1,0,0.0,0.0,1,1,1
141,12,11,2,1,1,1,0,0,0,7.0,0.0,1,1,1
142,12,12,1,2,1,1,1,1,1,1.0,0.0,1,1,1
143,12,13,1,2,1,1,0,1,0,5.0,0.0,1,1,1
144,12,14,1,2,1,1,1,1,0,7.0,0.0,1,1,1
145,12,15,1,2,1,1,1,1,1,0.0,0.0,1,1,1
146,12,16,1,2,1,1,0,0,0,1.0,0.0,1,1,1
147,12,17,1,2,1,1,0,1,0,2.0,0.0,1,1,1
148,12,18,1,2,1,0,0,0,1,7.0,0.0,1,1,1
149,12,19,1,2,1,0,1,1,1,1.0,0.0,1,1,1
150,12,20,1,2,1,0,0,1,0,,0.0,1,1,None
151,13,0,1,1,1,3,0,0,0,5.0,0.0,1,1,1
152,13,1,1,2,1,3,1,1,0,6.0,0.0,1,1,1
153,13,2,1,1,1,2,1,0,1,6.0,0.0,1,1,1
154,13,3,1,1,1,1,1,0,1,3.0,0.0,1,1,1
155,13,4,1,2,1,1,0,1,1,5.0,0.0,1,1,1
156,13,5,1,2,1,1,1,1,0,2.0,0.0,1,1,1
157,13,6,1,2,1,1,0,0,1,4.0,0.0,1,1,1
158,13,7,1,1,1,1,1,0,0,4.0,0.0,1,1,1
159,13,8,1,1,1,1,1,0,0,3.0,0.0,1,1,0
160,13,9,1,2,1,1,0,1,1,1.0,-1.0,1,0,0
161,13,10,2,2,1,1,0,1,0,,-1.0,1,0,None
162,14,0,0,0,1,2,0,0,0,1.0,0.0,1,1,1
163,14,1,0,1,1,2,0,1,0,4.0,0.0,1,1,1
164,14,2,0,1,1,2,1,0,0,5.0,0.0,1,1,1
165,14,3,0,1,1,2,1,1,0,3.0,0.0,1,1,1
166,14,4,0,1,1,2,0,1,1,3.0,0.0,1,1,1
167,14,5,1,2,1,2,0,1,1,3.0,0.0,1,1,1
168,14,6,1,2,1,2,0,1,1,4.0,0.0,1,1,1
169,14,7,1,2,1,2,1,0,0,2.0,0.0,1,1,1
170,14,8,1,2,1,2,0,0,1,6.0,0.0,1,1,1
171,14,9,1,2,1,2,1,0,1,2.0,0.0,1,1,1
172,14,10,1,2,1,2,0,0,1,0.0,0.0,1,1,1
173,14,11,1,2,1,2,0,0,0,3.0,0.0,1,1,1
174,14,12,1,2,1,2,0,1,1,1.0,0.0,1,1,1
175,14,13,1,2,1,2,0,1,0,2.0,0.0,1,1,1
176,14,14,1,2,1,1,0,0,1,3.0,0.0,1,1,1
177,14,15,1,2,1,1,0,1,1,6.0,0.0,1,1,1
178,14,16,1,1,1,1,1,0,1,1.0,0.0,1,1,0
179,14,17,1,2,1,1,0,1,0,0.0,-1.0,1,0,0
180,14,18,1,2,0,0,0,0,0,,-1.0,1,0,None
181,15,0,0,1,1,3,0,0,0,2.0,0.0,1,1,1
182,15,1,1,1,1,3,0,0,1,6.0,0.0,1,1,1
183,15,2,1,1,1,1,1,0,1,1.0,0.0,1,1,1
184,15,3,1,2,1,1,0,1,0,6.0,0.0,1,1,0
185,15,4,1,2,1,1,1,0,1,5.0,-1.0,1,0,0
186,15,5,1,2,0,1,1,1,0,,-1.0,1,0,None
187,16,0,2,2,1,2,0,0,0,7.0,0.0,1,1,1
188,16,1,2,2,1,2,1,1,1,5.0,0.0,1,1,1
189,16,2,1,2,1,2,1,1,0,5.0,0.0,1,1,1
190,16,3,1,2,1,2,1,1,0,7.0,0.0,1,1,1
191,16,4,1,2,1,2,1,1,1,7.0,0.0,1,1,1
192,16,5,1,2,1,2,1,1,1,5.0,0.0,1,1,1
193,16,6,1,2,1,2,1,1,0,4.0,0.0,1,1,1
194,16,7,1,2,1,2,1,0,0,6.0,0.0,1,1,1
195,16,8,1,1,1,1,1,0,1,1.0,0.0,1,1,1
196,16,9,1,1,1,1,0,1,0,0.0,0.0,1,1,1
197,16,10,1,1,1,1,0,0,0,1.0,0.0,1,1,1
198,16,11,2,1,1,1,0,1,0,1.0,0.0,1,1,1
199,16,12,1,1,1,1,0,1,0,6.0,0.0,1,1,1
200,16,13,1,1,1,1,1,0,1,7.0,0.0,1,1,1
201,16,14,1,2,1,1,1,1,1,2.0,0.0,1,1,1
202,16,15,1,2,1,1,0,0,1,0.0,0.0,1,1,1
203,16,16,1,1,1,0,0,0,0,6.0,0.0,1,1,1
204,16,17,1,1,1,0,1,0,1,7.0,0.0,1,1,1
205,16,18,1,1,1,0,1,1,1,5.0,0.0,1,1,1
206,16,19,1,2,1,0,1,1,0,5.0,0.0,1,1,1
207,16,20,1,2,1,0,1,1,0,,0.0,1,1,None
208,17,0,1,1,1,1,0,0,0,1.0,-1.0,1,0,0
209,17,1,2,2,1,1,0,1,0,,-1.0,1,0,None
210,18,0,2,1,0,2,0,0,0,0.0,0.0,1,1,0
211,18,1,2,1,0,2,0,0,0,0.0,-1.0,1,0,0
212,18,2,2,1,0,1,0,0,0,,-1.0,1,0,None
213,19,0,2,1,1,3,0,0,0,6.0,0.0,1,1,1
214,19,1,1,1,1,2,1,0,1,4.0,0.0,1,1,1
215,19,2,1,1,1,2,1,0,0,3.0,0.0,1,1,1
216,19,3,1,2,1,2,0,1,1,4.0,0.0,1,1,1
217,19,4,1,1,1,2,1,0,0,7.0,0.0,1,1,1
218,19,5,1,2,1,2,1,1,1,5.0,0.0,1,1,1
219,19,6,1,2,1,2,1,1,0,6.0,0.0,1,1,1
220,19,7,1,1,1,2,1,0,1,3.0,0.0,1,1,1
221,19,8,1,2,1,2,0,1,1,7.0,0.0,1,1,1
222,19,9,1,1,1,2,1,1,1,1.0,0.0,1,1,1
223,19,10,1,2,1,2,0,1,0,5.0,0.0,1,1,1
224,19,11,1,1,1,2,1,1,0,6.0,0.0,1,1,1
225,19,12,1,1,1,2,1,0,1,4.0,0.0,1,1,1
226,19,13,1,1,1,2,1,0,0,5.0,0.0,1,1,1
227,19,14,1,1,1,2,1,1,0,3.0,0.0,1,1,1
228,19,15,1,2,1,2,0,1,1,5.0,0.0,1,1,1
229,19,16,1,1,1,2,1,1,0,7.0,0.0,1,1,1
230,19,17,1,2,1,2,1,1,1,4.0,0.0,1,1,2
231,19,18,1,1,1,2,1,0,0,0.0,1.0,1,2,2
232,19,19,1,1,1,2,0,0,0,,1.0,1,2,None
233,20,0,1,0,1,1,0,0,0,2.0,0.0,1,1,1
234,20,1,1,0,1,2,0,0,1,1.0,0.0,1,1,1
235,20,2,1,1,1,2,0,1,0,4.0,0.0,1,1,1
236,20,3,1,1,1,3,1,0,0,7.0,0.0,1,1,1
237,20,4,1,2,1,4,1,1,1,4.0,0.0,1,1,1
238,20,5,1,1,1,4,1,0,0,6.0,0.0,1,1,1
239,20,6,1,1,1,3,1,0,1,0.0,0.0,1,1,1
240,20,7,1,1,1,4,0,0,0,6.0,0.0,1,1,1
241,20,8,1,1,1,4,1,0,1,6.0,0.0,1,1,1
242,20,9,1,1,1,4,1,0,1,1.0,0.0,1,1,1
243,20,10,1,1,1,4,0,1,0,2.0,0.0,1,1,1
244,20,11,1,1,1,4,0,0,1,7.0,0.0,1,1,1
245,20,12,1,2,1,4,1,1,1,0.0,0.0,1,1,1
246,20,13,1,2,1,3,0,0,0,5.0,0.0,1,1,0
247,20,14,1,2,1,3,1,1,0,2.0,-1.0,1,0,0
248,20,15,2,2,1,3,0,0,1,,-1.0,1,0,None
249,21,0,1,1,1,1,0,0,0,0.0,0.0,1,1,1
250,21,1,1,1,1,1,0,0,0,2.0,0.0,1,1,1
251,21,2,1,0,1,1,0,0,1,5.0,0.0,1,1,1
252,21,3,1,1,1,1,1,1,0,7.0,0.0,1,1,1
253,21,4,1,1,1,1,1,1,1,2.0,0.0,1,1,1
254,21,5,1,1,1,1,0,0,1,3.0,0.0,1,1,1
255,21,6,0,1,1,1,0,1,1,4.0,0.0,1,1,0
256,21,7,0,1,1,1,1,0,0,3.0,-1.0,1,0,0
257,21,8,0,2,1,1,0,1,1,,-1.0,1,0,None
258,22,0,1,2,1,1,0,0,0,6.0,0.0,1,1,1
259,22,1,1,2,1,1,1,0,1,6.0,0.0,1,1,1
260,22,2,1,1,1,1,1,0,1,6.0,0.0,1,1,1
261,22,3,1,1,1,0,1,0,1,2.0,0.0,1,1,1
262,22,4,1,1,1,0,0,0,1,2.0,0.0,1,1,1
263,22,5,0,1,1,0,0,0,1,1.0,0.0,1,1,1
264,22,6,0,1,1,0,0,1,0,2.0,0.0,1,1,0
265,22,7,0,1,1,0,0,0,1,1.0,-1.0,1,0,0
266,22,8,0,2,1,0,0,1,0,,-1.0,1,0,None
267,23,0,2,2,1,2,0,0,0,3.0,0.0,1,1,1
268,23,1,1,2,1,2,0,1,1,6.0,0.0,1,1,1
269,23,2,1,1,1,2,1,0,1,6.0,0.0,1,1,1
270,23,3,1,1,1,2,1,0,1,7.0,0.0,1,1,1
271,23,4,1,2,1,2,1,1,1,0.0,0.0,1,1,1
272,23,5,1,2,1,2,0,0,0,1.0,0.0,1,1,1
273,23,6,1,2,1,2,0,1,0,2.0,0.0,1,1,1
274,23,7,1,2,1,2,0,0,1,2.0,0.0,1,1,1
275,23,8,1,2,1,2,0,0,1,5.0,0.0,1,1,1
276,23,9,1,2,1,2,1,1,0,2.0,0.0,1,1,1
277,23,10,1,2,1,2,0,0,1,5.0,0.0,1,1,1
278,23,11,1,2,1,2,1,1,0,7.0,0.0,1,1,1
279,23,12,1,2,1,2,1,1,1,7.0,0.0,1,1,1
280,23,13,1,2,1,2,1,1,1,1.0,0.0,1,1,1
281,23,14,1,2,1,2,0,1,0,2.0,0.0,1,1,1
282,23,15,2,2,1,2,0,0,1,3.0,0.0,1,1,1
283,23,16,2,2,1,2,0,1,1,6.0,0.0,1,1,1
284,23,17,1,1,1,2,1,0,1,1.0,0.0,1,1,1
285,23,18,1,2,1,2,0,1,0,7.0,0.0,1,1,1
286,23,19,1,2,1,2,1,1,1,4.0,0.0,1,1,1
287,23,20,1,1,0,2,1,0,0,,0.0,1,1,None
288,24,0,0,2,1,2,0,0,0,1.0,0.0,1,1,1
289,24,1,0,2,1,2,0,1,0,0.0,0.0,1,1,1
290,24,2,0,2,1,2,0,0,0,4.0,0.0,1,1,1
291,24,3,0,2,1,2,1,0,0,5.0,0.0,1,1,1
292,24,4,0,2,1,2,1,1,0,6.0,0.0,1,1,0
293,24,5,0,2,1,2,1,0,1,2.0,-1.0,1,0,0
294,24,6,0,2,1,1,0,0,1,,-1.0,1,0,None
295,25,0,2,1,1,1,0,0,0,7.0,-1.0,1,0,0
296,25,1,2,2,1,1,1,1,1,,-1.0,1,0,None
297,26,0,1,1,0,2,0,0,0,0.0,0.0,1,1,0
298,26,1,1,1,0,2,0,0,0,0.0,-1.0,1,0,0
299,26,2,2,1,0,1,0,0,0,,-1.0,1,0,None
300,27,0,1,2,1,2,0,0,0,0.0,-1.0,1,0,0
301,27,1,2,2,0,1,0,0,0,,-1.0,1,0,None
302,28,0,2,1,1,1,0,0,0,6.0,0.0,1,1,0
303,28,1,2,1,1,1,1,0,1,7.0,-1.0,1,0,0
304,28,2,2,2,1,1,1,1,1,,-1.0,1,0,None
305,29,0,1,2,1,1,0,0,0,1.0,0.0,1,1,1
306,29,1,1,2,1,1,0,1,0,6.0,0.0,1,1,1
307,29,2,1,2,1,1,1,0,1,7.0,0.0,1,1,1
308,29,3,1,2,1,1,1,1,1,7.0,0.0,1,1,1
309,29,4,1,2,1,1,1,1,1,6.0,0.0,1,1,1
310,29,5,1,1,1,1,1,0,1,6.0,0.0,1,1,1
311,29,6,1,1,1,1,1,0,1,7.0,0.0,1,1,1
312,29,7,1,2,1,1,1,1,1,3.0,0.0,1,1,1
313,29,8,1,2,1,1,0,1,1,6.0,0.0,1,1,1
314,29,9,1,2,1,1,1,0,1,5.0,0.0,1,1,1
315,29,10,1,2,1,1,1,1,0,0.0,0.0,1,1,1
316,29,11,1,2,1,1,0,0,0,5.0,0.0,1,1,1
317,29,12,1,2,1,1,1,1,0,4.0,0.0,1,1,1
318,29,13,1,2,1,1,1,0,0,7.0,0.0,1,1,1
319,29,14,1,2,1,1,1,1,1,6.0,0.0,1,1,1
320,29,15,1,1,1,1,1,0,1,7.0,0.0,1,1,1
321,29,16,1,1,1,1,1,1,1,6.0,0.0,1,1,1
322,29,17,1,1,1,1,1,0,1,2.0,0.0,1,1,0
323,29,18,1,2,1,0,0,0,1,3.0,-1.0,1,0,0
324,29,19,0,2,1,0,0,1,1,,-1.0,1,0,None
325,30,0,0,2,1,2,0,0,0,1.0,0.0,1,1,1
326,30,1,0,2,1,2,0,1,0,4.0,0.0,1,1,1
327,30,2,0,1,0,2,1,0,0,0.0,0.0,1,1,1
328,30,3,0,1,0,2,0,0,0,6.0,0.0,1,1,0
329,30,4,0,1,0,2,1,0,1,1.0,-1.0,1,0,0
330,30,5,0,2,0,2,0,1,0,,-1.0,1,0,None
331,31,0,0,1,1,2,0,0,0,6.0,0.0,1,1,1
332,31,1,0,1,1,2,1,0,1,0.0,0.0,1,1,1
333,31,2,0,1,1,2,0,0,0,1.0,0.0,1,1,1
334,31,3,0,1,1,2,0,1,0,2.0,0.0,1,1,1
335,31,4,0,1,1,2,0,0,1,7.0,0.0,1,1,1
336,31,5,0,1,1,2,1,1,1,4.0,0.0,1,1,1
337,31,6,0,1,1,2,1,0,0,0.0,0.0,1,1,1
338,31,7,0,1,1,2,0,0,0,1.0,0.0,1,1,1
339,31,8,0,2,1,2,0,1,0,7.0,0.0,1,1,0
340,31,9,0,2,1,2,1,1,1,0.0,-1.0,1,0,0
341,31,10,0,2,1,1,0,0,0,,-1.0,1,0,None
342,32,0,0,1,1,1,0,0,0,2.0,0.0,1,1,0
343,32,1,0,1,1,1,0,0,1,5.0,-1.0,1,0,0
344,32,2,0,2,1,1,1,1,0,,-1.0,1,0,None
345,33,0,1,0,1,4,0,0,0,5.0,0.0,1,1,1
346,33,1,1,2,1,4,1,1,0,5.0,0.0,1,1,1
347,33,2,1,2,1,4,1,1,0,7.0,0.0,1,1,1
348,33,3,1,2,1,4,1,1,1,5.0,0.0,1,1,1
349,33,4,1,2,1,4,1,1,0,3.0,0.0,1,1,1
350,33,5,1,2,1,4,0,1,1,4.0,0.0,1,1,1
351,33,6,1,1,1,4,1,0,0,6.0,0.0,1,1,0
352,33,7,1,1,1,3,1,0,1,0.0,-1.0,1,0,0
353,33,8,2,1,0,4,0,0,0,,-1.0,1,0,None
354,34,0,1,0,1,1,0,0,0,7.0,0.0,1,1,1
355,34,1,1,0,1,1,1,1,1,4.0,0.0,1,1,1
356,34,2,1,0,1,1,1,0,0,6.0,0.0,1,1,1
357,34,3,1,0,1,1,1,0,1,1.0,0.0,1,1,1
358,34,4,2,1,1,1,0,1,0,5.0,0.0,1,1,1
359,34,5,1,2,1,1,1,1,0,2.0,0.0,1,1,1
360,34,6,1,2,1,1,0,0,1,7.0,0.0,1,1,1
361,34,7,1,2,1,1,1,1,1,3.0,0.0,1,1,1
362,34,8,1,2,1,1,0,1,1,5.0,0.0,1,1,1
363,34,9,1,2,1,1,1,1,0,2.0,0.0,1,1,1
364,34,10,1,2,1,1,0,0,1,7.0,0.0,1,1,1
365,34,11,1,2,1,1,1,1,1,5.0,0.0,1,1,1
366,34,12,1,2,1,1,1,1,0,0.0,0.0,1,1,1
367,34,13,1,2,1,0,0,0,0,5.0,0.0,1,1,1
368,34,14,1,2,1,0,1,1,0,0.0,0.0,1,1,0
369,34,15,1,2,1,0,0,0,0,0.0,-1.0,1,0,0
370,34,16,2,2,1,0,0,0,0,,-1.0,1,0,None
371,35,0,1,2,1,2,0,0,0,1.0,0.0,1,1,1
372,35,1,0,2,1,2,0,1,0,7.0,0.0,1,1,1
373,35,2,0,2,1,2,1,1,1,5.0,0.0,1,1,0
374,35,3,0,2,1,2,1,1,0,0.0,-1.0,1,0,0
375,35,4,0,2,1,1,0,0,0,,-1.0,1,0,None
376,36,0,0,1,1,2,0,0,0,3.0,0.0,1,1,1
377,36,1,1,1,1,2,0,1,1,6.0,0.0,1,1,1
378,36,2,1,1,1,2,1,0,1,7.0,0.0,1,1,1
379,36,3,1,2,1,2,1,1,1,3.0,0.0,1,1,1
380,36,4,1,2,1,2,0,1,1,4.0,0.0,1,1,2
381,36,5,1,1,1,2,1,0,0,0.0,1.0,1,2,2
382,36,6,1,1,1,2,0,0,0,,1.0,1,2,None
383,37,0,1,1,1,3,0,0,0,6.0,0.0,1,1,1
384,37,1,1,1,1,3,1,0,1,5.0,0.0,1,1,0
385,37,2,1,1,0,4,1,1,0,1.0,-1.0,1,0,0
386,37,3,2,2,0,4,0,1,0,,-1.0,1,0,None
387,38,0,1,2,1,2,0,0,0,2.0,0.0,1,1,1
388,38,1,1,2,1,2,0,0,1,6.0,0.0,1,1,1
389,38,2,1,1,1,2,1,0,1,0.0,0.0,1,1,0
390,38,3,1,1,0,1,0,0,0,3.0,-1.0,1,0,0
391,38,4,1,2,0,1,0,1,1,,-1.0,1,0,None
392,39,0,2,1,1,2,0,0,0,7.0,0.0,1,1,1
393,39,1,1,1,1,2,1,1,1,1.0,0.0,1,1,1
394,39,2,1,2,1,2,0,1,0,1.0,0.0,1,1,1
395,39,3,1,2,1,2,0,1,0,4.0,0.0,1,1,1
396,39,4,1,1,1,2,1,0,0,7.0,0.0,1,1,1
397,39,5,1,2,1,2,1,1,1,1.0,0.0,1,1,1
398,39,6,1,2,1,2,0,1,0,6.0,0.0,1,1,1
399,39,7,1,2,1,2,1,0,1,4.0,0.0,1,1,1
400,39,8,1,2,1,2,1,0,0,4.0,0.0,1,1,1
401,39,9,1,2,1,2,1,0,0,4.0,0.0,1,1,1
402,39,10,1,1,1,2,1,0,0,6.0,0.0,1,1,1
403,39,11,1,1,1,2,1,0,1,6.0,0.0,1,1,1
404,39,12,1,1,1,2,1,0,1,7.0,0.0,1,1,1
405,39,13,1,1,1,2,1,1,1,7.0,0.0,1,1,1
406,39,14,1,1,1,2,1,1,1,3.0,0.0,1,1,1
407,39,15,1,2,1,2,0,1,1,5.0,0.0,1,1,1
408,39,16,1,1,1,2,1,1,0,6.0,0.0,1,1,1
409,39,17,1,1,1,2,1,0,1,7.0,0.0,1,1,1
410,39,18,1,2,1,2,1,1,1,0.0,0.0,1,1,1
411,39,19,1,2,1,2,0,0,0,3.0,0.0,1,1,1
412,39,20,2,2,1,2,0,1,1,,0.0,1,1,None
413,40,0,1,0,1,2,0,0,0,0.0,0.0,1,1,1
414,40,1,1,0,1,2,0,0,0,3.0,0.0,1,1,1
415,40,2,1,0,1,2,0,1,1,4.0,0.0,1,1,1
416,40,3,1,0,1,2,1,0,0,7.0,0.0,1,1,1
417,40,4,1,1,1,2,1,1,1,6.0,0.0,1,1,1
418,40,5,1,1,1,2,1,0,1,4.0,0.0,1,1,1
419,40,6,1,1,0,2,1,0,0,5.0,0.0,1,1,1
420,40,7,1,1,0,2,1,1,0,1.0,0.0,1,1,1
421,40,8,1,2,0,2,0,1,0,7.0,0.0,1,1,1
422,40,9,1,2,1,2,1,1,1,0.0,0.0,1,1,1
423,40,10,1,2,1,2,0,0,0,2.0,0.0,1,1,1
424,40,11,1,2,1,1,0,0,1,4.0,0.0,1,1,1
425,40,12,1,1,1,1,1,0,0,7.0,0.0,1,1,1
426,40,13,1,1,1,1,1,1,1,4.0,0.0,1,1,1
427,40,14,1,1,1,1,1,0,0,5.0,0.0,1,1,1
428,40,15,1,1,1,1,1,1,0,4.0,0.0,1,1,1
429,40,16,1,1,1,1,1,0,0,2.0,0.0,1,1,1
430,40,17,1,1,1,1,0,0,1,2.0,0.0,1,1,1
431,40,18,1,1,1,1,0,0,1,1.0,0.0,1,1,1
432,40,19,1,2,1,1,0,1,0,4.0,0.0,1,1,1
433,40,20,1,1,1,1,1,0,0,,0.0,1,1,None
434,41,0,0,0,1,2,0,0,0,1.0,0.0,1,1,1
435,41,1,0,1,1,2,0,1,0,0.0,0.0,1,1,0
436,41,2,0,1,1,1,0,0,0,1.0,-1.0,1,0,0
437,41,3,0,2,1,1,0,1,0,,-1.0,1,0,None
438,42,0,1,2,1,3,0,0,0,4.0,0.0,1,1,1
439,42,1,1,1,1,3,1,0,0,4.0,0.0,1,1,1
440,42,2,1,1,1,3,1,0,0,3.0,0.0,1,1,1
441,42,3,1,2,1,4,0,1,1,0.0,0.0,1,1,1
442,42,4,1,2,1,4,0,0,0,0.0,0.0,1,1,0
443,42,5,1,2,1,4,0,0,0,0.0,-1.0,1,0,0
444,42,6,1,2,0,4,0,0,0,,-1.0,1,0,None
445,43,0,1,0,1,2,0,0,0,5.0,0.0,1,1,1
446,43,1,1,1,0,2,1,1,0,4.0,0.0,1,1,1
447,43,2,1,1,0,2,1,0,0,7.0,0.0,1,1,2
448,43,3,1,1,1,2,1,1,1,0.0,1.0,1,2,2
449,43,4,1,1,1,2,0,0,0,,1.0,1,2,None
450,44,0,1,0,1,2,0,0,0,1.0,0.0,1,1,1
451,44,1,0,1,1,2,0,1,0,4.0,0.0,1,1,1
452,44,2,0,1,1,1,1,0,0,2.0,0.0,1,1,0
453,44,3,0,1,1,1,0,0,1,5.0,-1.0,1,0,0
454,44,4,0,2,1,1,1,1,0,,-1.0,1,0,None
455,45,0,1,0,1,2,0,0,0,0.0,0.0,1,1,1
456,45,1,1,0,1,2,0,0,0,7.0,0.0,1,1,1
457,45,2,1,1,1,2,1,1,1,3.0,0.0,1,1,1
458,45,3,2,2,1,2,0,1,1,3.0,0.0,1,1,1
459,45,4,2,2,1,2,0,1,1,2.0,0.0,1,1,1
460,45,5,1,2,1,2,0,0,1,0.0,0.0,1,1,1
461,45,6,1,2,1,2,0,0,0,0.0,0.0,1,1,1
462,45,7,1,2,0,2,0,0,0,3.0,0.0,1,1,1
463,45,8,2,2,1,2,0,1,1,1.0,0.0,1,1,1
464,45,9,2,2,1,2,0,1,0,4.0,0.0,1,1,1
465,45,10,1,2,1,1,1,0,0,0.0,0.0,1,1,1
466,45,11,1,2,1,1,0,0,0,4.0,0.0,1,1,1
467,45,12,1,2,1,1,1,0,0,0.0,0.0,1,1,0
468,45,13,1,2,1,1,0,0,0,0.0,-1.0,1,0,0
469,45,14,2,2,1,1,0,0,0,,-1.0,1,0,None
470,46,0,1,1,1,3,0,0,0,6.0,0.0,1,1,1
471,46,1,1,1,1,3,1,0,1,1.0,0.0,1,1,1
472,46,2,1,2,1,3,0,1,0,0.0,0.0,1,1,1
473,46,3,1,2,1,3,0,0,0,5.0,0.0,1,1,1
474,46,4,1,2,1,3,1,1,0,7.0,0.0,1,1,1
475,46,5,1,2,1,3,1,1,1,2.0,0.0,1,1,1
476,46,6,1,2,1,2,0,0,1,2.0,0.0,1,1,1
477,46,7,1,2,1,2,0,0,1,6.0,0.0,1,1,1
478,46,8,1,2,1,2,1,0,1,1.0,0.0,1,1,1
479,46,9,2,2,1,2,0,1,0,2.0,0.0,1,1,1
480,46,10,2,2,1,2,0,0,1,5.0,0.0,1,1,1
481,46,11,1,2,1,2,1,1,0,6.0,0.0,1,1,1
482,46,12,1,2,1,2,1,0,1,3.0,0.0,1,1,1
483,46,13,1,2,1,2,0,1,1,4.0,0.0,1,1,1
484,46,14,1,1,1,2,1,0,0,4.0,0.0,1,1,1
485,46,15,1,1,1,2,1,0,0,7.0,0.0,1,1,1
486,46,16,1,1,1,2,1,1,1,0.0,0.0,1,1,1
487,46,17,1,1,0,1,0,0,0,6.0,0.0,1,1,1
488,46,18,1,1,0,1,1,0,1,6.0,0.0,1,1,1
489,46,19,1,1,0,1,1,0,1,5.0,0.0,1,1,1
490,46,20,1,1,0,1,1,1,0,,0.0,1,1,None
491,47,0,2,0,1,2,0,0,0,1.0,0.0,1,1,1
492,47,1,2,1,1,2,0,1,0,1.0,0.0,1,1,1
493,47,2,2,1,1,2,0,1,0,2.0,0.0,1,1,1
494,47,3,2,1,1,2,0,0,1,4.0,0.0,1,1,1
495,47,4,2,1,1,2,1,0,0,1.0,0.0,1,1,1
496,47,5,2,2,1,2,0,1,0,7.0,0.0,1,1,1
497,47,6,1,2,1,2,1,1,1,3.0,0.0,1,1,1
498,47,7,1,2,1,2,0,1,1,0.0,0.0,1,1,1
499,47,8,1,1,0,2,0,0,0,7.0,0.0,1,1,1
500,47,9,1,2,0,2,1,1,1,3.0,0.0,1,1,1
501,47,10,1,2,0,2,0,1,1,1.0,0.0,1,1,1
502,47,11,1,2,0,2,0,1,0,7.0,0.0,1,1,1
503,47,12,1,2,1,2,1,1,1,6.0,0.0,1,1,1
504,47,13,1,2,1,2,1,0,1,0.0,0.0,1,1,1
505,47,14,1,2,1,1,0,0,0,3.0,0.0,1,1,0
506,47,15,1,2,1,1,0,1,1,0.0,-1.0,1,0,0
507,47,16,2,2,1,1,0,0,0,,-1.0,1,0,None
508,48,0,0,1,1,3,0,0,0,4.0,0.0,1,1,1
509,48,1,0,1,1,2,1,0,0,2.0,0.0,1,1,1
510,48,2,0,1,1,2,0,0,1,7.0,0.0,1,1,0
511,48,3,0,2,1,2,1,1,1,2.0,-1.0,1,0,0
512,48,4,0,2,1,3,0,0,1,,-1.0,1,0,None
513,49,0,1,2,1,2,0,0,0,4.0,0.0,1,1,1
514,49,1,1,2,1,2,1,0,0,1.0,0.0,1,1,1
515,49,2,1,2,1,2,0,1,0,1.0,0.0,1,1,1
516,49,3,1,2,1,2,0,1,0,7.0,0.0,1,1,1
517,49,4,1,1,1,2,1,1,1,2.0,0.0,1,1,1
518,49,5,2,1,1,2,0,0,1,5.0,0.0,1,1,1
519,49,6,1,2,1,2,1,1,0,7.0,0.0,1,1,1
520,49,7,1,2,1,2,1,1,1,7.0,0.0,1,1,1
521,49,8,1,2,1,2,1,1,1,1.0,0.0,1,1,1
522,49,9,1,2,1,2,0,1,0,0.0,0.0,1,1,1
523,49,10,1,2,1,1,0,0,0,0.0,0.0,1,1,0
524,49,11,1,2,1,1,0,0,0,2.0,-1.0,1,0,0
525,49,12,2,2,1,1,0,0,1,,-1.0,1,0,None
526,50,0,1,2,1,2,0,0,0,1.0,0.0,1,1,1
527,50,1,0,2,1,2,0,1,0,4.0,0.0,1,1,1
528,50,2,0,1,1,2,1,0,0,6.0,0.0,1,1,1
529,50,3,0,1,1,2,1,0,1,6.0,0.0,1,1,1
530,50,4,0,1,1,2,1,0,1,5.0,0.0,1,1,1
531,50,5,0,1,1,2,1,1,0,2.0,0.0,1,1,1
532,50,6,0,1,1,2,0,0,1,2.0,0.0,1,1,1
533,50,7,0,1,1,1,0,0,1,5.0,0.0,1,1,1
534,50,8,0,1,1,1,1,1,0,1.0,0.0,1,1,1
535,50,9,0,1,1,1,0,1,0,6.0,0.0,1,1,1
536,50,10,0,1,1,1,1,0,1,0.0,0.0,1,1,0
537,50,11,0,1,1,1,0,0,0,0.0,-1.0,1,0,0
538,50,12,0,2,1,1,0,0,0,,-1.0,1,0,None
539,51,0,1,2,1,2,0,0,0,4.0,0.0,1,1,1
540,51,1,1,2,0,2,1,0,0,2.0,0.0,1,1,1
541,51,2,1,2,0,2,0,0,1,7.0,0.0,1,1,1
542,51,3,1,2,1,2,1,1,1,4.0,0.0,1,1,1
543,51,4,1,2,1,2,1,0,0,5.0,0.0,1,1,1
544,51,5,1,2,1,2,1,1,0,0.0,0.0,1,1,1
545,51,6,1,2,1,2,0,0,0,2.0,0.0,1,1,1
546,51,7,1,2,1,1,0,0,1,1.0,0.0,1,1,1
547,51,8,1,2,1,1,0,1,0,4.0,0.0,1,1,0
548,51,9,1,1,0,1,1,0,0,1.0,-1.0,1,0,0
549,51,10,1,2,0,1,0,1,0,,-1.0,1,0,None
550,52,0,1,1,1,4,0,0,0,3.0,0.0,1,1,1
551,52,1,1,2,1,4,0,1,1,3.0,0.0,1,1,1
552,52,2,1,2,1,4,0,1,1,3.0,0.0,1,1,1
553,52,3,1,2,1,4,0,1,1,5.0,0.0,1,1,1
554,52,4,1,2,1,4,1,1,0,7.0,0.0,1,1,1
555,52,5,1,2,1,4,1,1,1,7.0,0.0,1,1,1
556,52,6,1,1,1,4,1,1,1,6.0,0.0,1,1,1
557,52,7,1,1,1,3,1,0,1,3.0,0.0,1,1,1
558,52,8,1,2,1,3,0,1,1,1.0,0.0,1,1,1
559,52,9,1,2,1,3,0,1,0,6.0,0.0,1,1,0
560,52,10,1,1,1,3,1,0,1,5.0,-1.0,1,0,0
561,52,11,1,2,0,3,1,1,0,,-1.0,1,0,None
562,53,0,1,0,1,0,0,0,0,6.0,0.0,1,1,1
563,53,1,1,0,1,0,1,0,1,1.0,0.0,1,1,1
564,53,2,1,0,1,0,0,1,0,6.0,0.0,1,1,1
565,53,3,1,0,1,0,1,0,1,1.0,0.0,1,1,1
566,53,4,1,0,1,0,0,1,0,1.0,0.0,1,1,1
567,53,5,1,1,1,0,0,1,0,2.0,0.0,1,1,1
568,53,6,1,1,1,0,0,0,1,6.0,0.0,1,1,1
569,53,7,1,1,1,0,1,0,1,6.0,0.0,1,1,1
570,53,8,1,1,1,1,1,0,1,2.0,0.0,1,1,1
571,53,9,1,1,1,1,0,0,1,7.0,0.0,1,1,1
572,53,10,1,1,1,1,1,1,1,0.0,0.0,1,1,1
573,53,11,1,1,1,1,0,0,0,0.0,0.0,1,1,1
574,53,12,1,1,0,1,0,0,0,4.0,0.0,1,1,1
575,53,13,1,1,0,1,1,0,0,2.0,0.0,1,1,1
576,53,14,2,1,1,1,0,0,1,6.0,0.0,1,1,1
577,53,15,2,1,1,1,1,0,1,0.0,0.0,1,1,1
578,53,16,2,1,1,1,0,0,0,7.0,0.0,1,1,1
579,53,17,1,2,1,1,1,1,1,4.0,0.0,1,1,1
580,53,18,1,1,1,1,1,0,0,1.0,0.0,1,1,1
581,53,19,1,1,1,1,0,1,0,4.0,0.0,1,1,1
582,53,20,1,1,1,1,1,0,0,,0.0,1,1,None
583,54,0,1,1,1,1,0,0,0,6.0,0.0,1,1,1
584,54,1,1,1,1,1,1,0,1,4.0,0.0,1,1,1
585,54,2,1,1,1,1,1,0,0,7.0,0.0,1,1,1
586,54,3,1,2,1,1,1,1,1,7.0,0.0,1,1,1
587,54,4,1,2,1,1,1,1,1,4.0,0.0,1,1,1
588,54,5,1,1,1,1,1,0,0,7.0,0.0,1,1,1
589,54,6,1,2,1,1,1,1,1,3.0,0.0,1,1,1
590,54,7,1,2,1,1,0,1,1,0.0,0.0,1,1,1
591,54,8,1,1,1,1,0,0,0,2.0,0.0,1,1,0
592,54,9,2,1,1,0,0,0,1,7.0,-1.0,1,0,0
593,54,10,2,2,1,0,1,1,1,,-1.0,1,0,None
594,55,0,1,0,1,2,0,0,0,7.0,0.0,1,1,1
595,55,1,1,1,1,2,1,1,1,1.0,0.0,1,1,1
596,55,2,1,1,1,2,0,1,0,2.0,0.0,1,1,1
597,55,3,1,1,1,2,0,0,1,4.0,0.0,1,1,1
598,55,4,1,1,1,2,1,0,0,2.0,0.0,1,1,2
599,55,5,1,1,1,2,0,0,1,0.0,1.0,1,2,2
600,55,6,1,1,1,2,0,0,0,,1.0,1,2,None
601,56,0,2,2,1,2,0,0,0,0.0,0.0,1,1,1
602,56,1,2,2,1,2,0,0,0,7.0,0.0,1,1,1
603,56,2,2,2,1,2,1,1,1,1.0,0.0,1,1,0
604,56,3,2,2,1,2,0,1,0,1.0,-1.0,1,0,0
605,56,4,2,2,0,2,0,1,0,,-1.0,1,0,None
606,57,0,2,1,1,2,0,0,0,5.0,0.0,1,1,0
607,57,1,2,2,1,2,1,1,0,5.0,-1.0,1,0,0
608,57,2,2,2,0,2,1,1,0,,-1.0,1,0,None
609,58,0,0,1,1,3,0,0,0,5.0,-1.0,1,0,0
610,58,1,0,2,1,3,1,1,0,,-1.0,1,0,None
611,59,0,2,1,1,2,0,0,0,2.0,0.0,1,1,1
612,59,1,2,1,1,2,0,0,1,1.0,0.0,1,1,1
613,59,2,2,1,1,2,0,1,0,0.0,0.0,1,1,1
614,59,3,2,1,1,2,0,0,0,1.0,0.0,1,1,1
615,59,4,2,2,1,2,0,1,0,7.0,0.0,1,1,1
616,59,5,2,2,1,2,1,1,1,1.0,0.0,1,1,1
617,59,6,2,2,1,2,0,1,0,0.0,0.0,1,1,1
618,59,7,2,2,1,2,0,0,0,4.0,0.0,1,1,0
619,59,8,1,1,1,1,1,0,0,1.0,-1.0,1,0,0
620,59,9,1,2,0,1,0,1,0,,-1.0,1,0,None
621,60,0,1,1,1,3,0,0,0,6.0,0.0,1,1,1
622,60,1,1,1,1,3,1,0,1,5.0,0.0,1,1,1
623,60,2,1,2,1,3,1,1,0,3.0,0.0,1,1,1
624,60,3,1,2,1,3,0,1,1,7.0,0.0,1,1,0
625,60,4,1,2,1,3,1,1,1,0.0,-1.0,1,0,0
626,60,5,1,2,0,3,0,0,0,,-1.0,1,0,None
627,61,0,1,1,0,3,0,0,0,1.0,-1.0,1,0,0
628,61,1,1,2,0,3,0,1,0,,-1.0,1,0,None
629,62,0,2,0,1,2,0,0,0,3.0,0.0,1,1,1
630,62,1,2,0,1,2,0,1,1,0.0,0.0,1,1,1
631,62,2,2,0,1,2,0,0,0,6.0,0.0,1,1,0
632,62,3,2,0,1,2,1,0,1,6.0,-1.0,1,0,0
633,62,4,2,0,1,1,1,0,1,,-1.0,1,0,None
634,63,0,1,1,0,2,0,0,0,2.0,0.0,1,1,1
635,63,1,2,2,1,2,0,0,1,6.0,0.0,1,1,1
636,63,2,1,2,1,2,1,0,1,6.0,0.0,1,1,1
637,63,3,1,1,1,2,1,0,1,7.0,0.0,1,1,1
638,63,4,1,2,1,2,1,1,1,7.0,0.0,1,1,1
639,63,5,1,2,1,2,1,1,1,7.0,0.0,1,1,2
640,63,6,1,2,1,2,1,1,1,0.0,1.0,1,2,2
641,63,7,1,1,1,2,0,0,0,,1.0,1,2,None
642,64,0,0,1,1,2,0,0,0,1.0,0.0,1,1,1
643,64,1,0,2,1,2,0,1,0,2.0,0.0,1,1,1
644,64,2,0,2,1,2,0,0,1,5.0,0.0,1,1,1
645,64,3,0,1,1,2,1,1,0,1.0,0.0,1,1,1
646,64,4,0,1,1,2,0,1,0,5.0,0.0,1,1,1
647,64,5,0,2,1,2,1,1,0,6.0,0.0,1,1,1
648,64,6,0,2,1,2,1,0,1,6.0,0.0,1,1,1
649,64,7,0,2,1,2,1,0,1,7.0,0.0,1,1,1
650,64,8,0,1,1,2,1,1,1,5.0,0.0,1,1,1
651,64,9,0,1,0,2,1,1,0,1.0,0.0,1,1,1
652,64,10,0,1,0,2,0,1,0,1.0,0.0,1,1,1
653,64,11,1,1,0,2,0,1,0,2.0,0.0,1,1,1
654,64,12,1,1,1,2,0,0,1,7.0,0.0,1,1,1
655,64,13,1,2,1,2,1,1,1,2.0,0.0,1,1,1
656,64,14,1,2,1,1,0,0,1,0.0,0.0,1,1,1
657,64,15,1,1,1,1,0,0,0,0.0,0.0,1,1,1
658,64,16,1,2,1,1,0,0,0,2.0,0.0,1,1,1
659,64,17,1,2,1,1,0,0,1,1.0,0.0,1,1,1
660,64,18,1,2,1,1,0,1,0,2.0,0.0,1,1,1
661,64,19,1,1,1,1,0,0,1,4.0,0.0,1,1,1
662,64,20,1,1,1,1,1,0,0,,0.0,1,1,None
663,65,0,1,1,0,3,0,0,0,0.0,0.0,1,1,1
664,65,1,1,1,1,4,0,0,0,0.0,0.0,1,1,1
665,65,2,1,1,1,4,0,0,0,3.0,0.0,1,1,1
666,65,3,1,2,1,4,0,1,1,0.0,0.0,1,1,1
667,65,4,1,2,1,4,0,0,0,6.0,0.0,1,1,0
668,65,5,1,2,1,4,1,0,1,1.0,-1.0,1,0,0
669,65,6,2,2,1,4,0,1,0,,-1.0,1,0,None
670,66,0,1,0,1,2,0,0,0,0.0,0.0,1,1,1
671,66,1,1,0,1,2,0,0,0,3.0,0.0,1,1,2
672,66,2,1,1,1,2,0,1,1,0.0,1.0,1,2,2
673,66,3,1,1,1,2,0,0,0,,1.0,1,2,None
674,67,0,1,2,1,2,0,0,0,1.0,0.0,1,1,1
675,67,1,1,2,1,2,0,1,0,1.0,0.0,1,1,1
676,67,2,1,2,1,2,0,1,0,3.0,0.0,1,1,1
677,67,3,2,2,1,2,0,1,1,2.0,0.0,1,1,1
678,67,4,1,2,1,1,0,0,1,1.0,0.0,1,1,1
679,67,5,1,2,1,1,0,1,0,1.0,0.0,1,1,1
680,67,6,1,2,1,1,0,1,0,6.0,0.0,1,1,1
681,67,7,1,1,1,1,1,0,1,1.0,0.0,1,1,1
682,67,8,1,1,1,1,0,1,0,1.0,0.0,1,1,1
683,67,9,1,1,1,1,0,1,0,2.0,0.0,1,1,1
684,67,10,1,1,1,0,0,0,1,7.0,0.0,1,1,1
685,67,11,1,1,1,0,1,1,1,6.0,0.0,1,1,1
686,67,12,1,1,1,0,1,0,1,1.0,0.0,1,1,0
687,67,13,1,2,1,0,0,1,0,0.0,-1.0,1,0,0
688,67,14,0,2,1,1,0,0,0,,-1.0,1,0,None
689,68,0,2,1,1,2,0,0,0,5.0,-1.0,1,0,0
690,68,1,2,2,0,2,1,1,0,,-1.0,1,0,None
691,69,0,0,1,1,3,0,0,0,3.0,-1.0,1,0,0
692,69,1,0,2,1,3,0,1,1,,-1.0,1,0,None
693,70,0,2,2,1,2,0,0,0,2.0,-1.0,1,0,0
694,70,1,2,2,1,1,0,0,1,,-1.0,1,0,None
695,71,0,1,2,1,2,0,0,0,6.0,0.0,1,1,2
696,71,1,1,1,1,2,1,0,1,0.0,1.0,1,2,2
697,71,2,1,1,1,2,0,0,0,,1.0,1,2,None
698,72,0,2,2,1,2,0,0,0,0.0,-1.0,1,0,0
699,72,1,2,2,1,1,0,0,0,,-1.0,1,0,None
700,73,0,1,0,1,2,0,0,0,2.0,0.0,1,1,1
701,73,1,1,0,1,2,0,0,1,7.0,0.0,1,1,1
702,73,2,1,1,1,2,1,1,1,1.0,0.0,1,1,1
703,73,3,1,2,1,2,0,1,0,2.0,0.0,1,1,1
704,73,4,1,2,1,2,0,0,1,4.0,0.0,1,1,1
705,73,5,1,2,0,2,1,0,0,6.0,0.0,1,1,1
706,73,6,1,2,1,1,1,0,1,4.0,0.0,1,1,1
707,73,7,1,2,1,1,1,0,0,6.0,0.0,1,1,1
708,73,8,1,1,1,1,1,0,1,3.0,0.0,1,1,0
709,73,9,1,2,1,1,0,1,1,2.0,-1.0,1,0,0
710,73,10,0,2,1,1,0,0,1,,-1.0,1,0,None
711,74,0,1,2,0,2,0,0,0,4.0,0.0,1,1,1
712,74,1,1,1,0,1,1,0,0,4.0,0.0,1,1,0
713,74,2,1,1,0,1,1,0,0,5.0,-1.0,1,0,0
714,74,3,1,2,0,1,1,1,0,,-1.0,1,0,None
715,75,0,1,0,1,2,0,0,0,2.0,0.0,1,1,1
716,75,1,1,1,1,2,0,0,1,3.0,0.0,1,1,1
717,75,2,2,2,1,2,0,1,1,4.0,0.0,1,1,1
718,75,3,2,1,1,2,1,0,0,2.0,0.0,1,1,1
719,75,4,2,1,1,2,0,0,1,6.0,0.0,1,1,1
720,75,5,1,1,1,1,1,0,1,2.0,0.0,1,1,1
721,75,6,1,1,1,1,0,0,1,6.0,0.0,1,1,1
722,75,7,1,1,1,1,1,0,1,6.0,0.0,1,1,1
723,75,8,1,1,1,1,1,0,1,5.0,0.0,1,1,1
724,75,9,1,1,1,1,1,1,0,3.0,0.0,1,1,1
725,75,10,1,1,1,1,0,1,1,5.0,0.0,1,1,1
726,75,11,1,2,1,1,1,1,0,6.0,0.0,1,1,1
727,75,12,1,2,1,1,1,0,1,0.0,0.0,1,1,1
728,75,13,1,2,1,1,0,0,0,2.0,0.0,1,1,1
729,75,14,1,1,1,0,0,0,1,7.0,0.0,1,1,1
730,75,15,1,2,1,0,1,1,1,0.0,0.0,1,1,1
731,75,16,1,2,1,0,0,0,0,7.0,0.0,1,1,1
732,75,17,1,2,1,0,1,1,1,2.0,0.0,1,1,1
733,75,18,1,1,1,0,0,0,1,4.0,0.0,1,1,1
734,75,19,1,1,0,0,1,0,0,5.0,0.0,1,1,1
735,75,20,1,1,0,0,1,1,0,,0.0,1,1,None
736,76,0,2,2,1,2,0,0,0,6.0,0.0,1,1,1
737,76,1,1,2,1,2,1,0,1,5.0,0.0,1,1,1
738,76,2,1,2,1,2,1,1,0,2.0,0.0,1,1,1
739,76,3,1,2,1,1,0,0,1,7.0,0.0,1,1,1
740,76,4,1,1,1,1,1,1,1,0.0,0.0,1,1,1
741,76,5,1,1,1,0,0,0,0,5.0,0.0,1,1,1
742,76,6,1,2,1,0,1,1,0,5.0,0.0,1,1,1
743,76,7,1,1,1,0,1,1,0,7.0,0.0,1,1,0
744,76,8,1,2,1,0,1,1,1,1.0,-1.0,1,0,0
745,76,9,2,2,1,0,0,1,0,,-1.0,1,0,None
746,77,0,2,1,1,2,0,0,0,4.0,0.0,1,1,1
747,77,1,1,1,1,2,1,0,0,7.0,0.0,1,1,1
748,77,2,1,1,1,2,1,1,1,7.0,0.0,1,1,1
749,77,3,1,2,1,2,1,1,1,1.0,0.0,1,1,1
750,77,4,1,2,1,2,0,1,0,4.0,0.0,1,1,1
751,77,5,1,1,0,2,1,0,0,0.0,0.0,1,1,1
752,77,6,1,1,0,2,0,0,0,2.0,0.0,1,1,1
753,77,7,1,1,1,1,0,0,1,5.0,0.0,1,1,1
754,77,8,1,1,1,1,1,1,0,0.0,0.0,1,1,0
755,77,9,1,1,1,1,0,0,0,0.0,-1.0,1,0,0
756,77,10,0,1,0,1,0,0,0,,-1.0,1,0,None
757,78,0,1,2,1,2,0,0,0,3.0,0.0,1,1,1
758,78,1,2,2,1,2,0,1,1,3.0,0.0,1,1,1
759,78,2,1,2,1,2,0,1,1,0.0,0.0,1,1,1
760,78,3,1,2,1,2,0,0,0,5.0,0.0,1,1,1
761,78,4,1,2,1,2,1,1,0,4.0,0.0,1,1,1
762,78,5,1,1,1,1,1,0,0,1.0,0.0,1,1,1
763,78,6,1,2,1,1,0,1,0,4.0,0.0,1,1,1
764,78,7,1,2,1,1,1,0,0,0.0,0.0,1,1,1
765,78,8,1,2,1,1,0,0,0,6.0,0.0,1,1,1
766,78,9,1,1,1,1,1,0,1,6.0,0.0,1,1,1
767,78,10,1,1,1,1,1,0,1,0.0,0.0,1,1,1
768,78,11,1,1,1,1,0,0,0,0.0,0.0,1,1,1
769,78,12,1,0,1,1,0,0,0,7.0,0.0,1,1,1
770,78,13,1,1,1,1,1,1,1,4.0,0.0,1,1,1
771,78,14,1,1,1,1,1,0,0,2.0,0.0,1,1,1
772,78,15,1,1,1,1,0,0,1,2.0,0.0,1,1,1
773,78,16,2,1,1,1,0,0,1,7.0,0.0,1,1,0
774,78,17,1,2,1,1,1,1,1,2.0,-1.0,1,0,0
775,78,18,2,2,1,1,0,0,1,,-1.0,1,0,None
776,79,0,2,2,1,2,0,0,0,6.0,0.0,1,1,1
777,79,1,1,1,1,1,1,0,1,1.0,0.0,1,1,1
778,79,2,1,2,1,1,0,1,0,6.0,0.0,1,1,0
779,79,3,1,2,1,0,1,0,1,5.0,-1.0,1,0,0
780,79,4,1,2,0,0,1,1,0,,-1.0,1,0,None
781,80,0,1,1,1,4,0,0,0,5.0,0.0,1,1,1
782,80,1,1,2,1,4,1,1,0,4.0,0.0,1,1,1
783,80,2,1,1,1,4,1,0,0,7.0,0.0,1,1,1
784,80,3,1,2,1,4,1,1,1,1.0,0.0,1,1,1
785,80,4,1,2,1,4,0,1,0,6.0,0.0,1,1,1
786,80,5,1,1,1,4,1,0,1,5.0,0.0,1,1,1
787,80,6,1,2,1,4,1,1,0,6.0,0.0,1,1,1
788,80,7,1,2,1,4,1,0,1,0.0,0.0,1,1,1
789,80,8,1,2,1,4,0,0,0,2.0,0.0,1,1,1
790,80,9,1,2,1,3,0,0,1,3.0,0.0,1,1,1
791,80,10,1,2,1,3,0,1,1,1.0,0.0,1,1,1
792,80,11,1,2,1,3,0,1,0,5.0,0.0,1,1,1
793,80,12,1,2,1,3,1,1,0,0.0,0.0,1,1,0
794,80,13,1,2,1,3,0,0,0,4.0,-1.0,1,0,0
795,80,14,1,2,0,1,1,0,0,,-1.0,1,0,None
796,81,0,1,2,1,2,0,0,0,4.0,0.0,1,1,1
797,81,1,1,2,1,1,1,0,0,0.0,0.0,1,1,1
798,81,2,1,2,1,1,0,0,0,6.0,0.0,1,1,1
799,81,3,1,1,1,1,1,0,1,2.0,0.0,1,1,1
800,81,4,1,1,1,1,0,0,1,0.0,0.0,1,1,1
801,81,5,1,1,1,1,0,0,0,2.0,0.0,1,1,1
802,81,6,1,1,1,1,0,0,1,3.0,0.0,1,1,1
803,81,7,1,2,1,1,0,1,1,4.0,0.0,1,1,1
804,81,8,1,1,1,1,1,0,0,1.0,0.0,1,1,0
805,81,9,1,2,1,1,0,1,0,3.0,-1.0,1,0,0
806,81,10,2,2,1,1,0,1,1,,-1.0,1,0,None
807,82,0,1,2,0,2,0,0,0,4.0,0.0,1,1,1
808,82,1,1,1,0,2,1,0,0,2.0,0.0,1,1,1
809,82,2,2,1,1,2,0,0,1,3.0,0.0,1,1,1
810,82,3,2,2,1,2,0,1,1,6.0,0.0,1,1,1
811,82,4,1,1,1,2,1,0,1,5.0,0.0,1,1,1
812,82,5,1,1,1,2,1,1,0,0.0,0.0,1,1,1
813,82,6,1,2,1,2,0,0,0,7.0,0.0,1,1,1
814,82,7,1,2,1,2,1,1,1,4.0,0.0,1,1,1
815,82,8,1,2,1,1,1,0,0,1.0,0.0,1,1,1
816,82,9,1,2,1,1,0,1,0,5.0,0.0,1,1,1
817,82,10,1,2,1,1,1,1,0,4.0,0.0,1,1,1
818,82,11,1,1,1,1,1,0,0,2.0,0.0,1,1,1
819,82,12,1,1,1,0,0,0,1,4.0,0.0,1,1,1
820,82,13,1,1,1,0,1,0,0,2.0,0.0,1,1,1
821,82,14,2,1,1,0,0,0,1,0.0,0.0,1,1,1
822,82,15,2,1,1,0,0,0,0,5.0,0.0,1,1,1
823,82,16,1,2,1,0,1,1,0,6.0,0.0,1,1,1
824,82,17,1,1,1,0,1,0,1,1.0,0.0,1,1,1
825,82,18,1,1,1,0,0,1,0,4.0,0.0,1,1,1
826,82,19,1,0,1,0,1,0,0,0.0,0.0,1,1,1
827,82,20,1,0,1,0,0,0,0,,0.0,1,1,None
828,83,0,1,0,1,2,0,0,0,2.0,0.0,1,1,1
829,83,1,1,0,1,2,0,0,1,1.0,0.0,1,1,1
830,83,2,1,1,0,2,0,1,0,7.0,0.0,1,1,1
831,83,3,1,2,0,2,1,1,1,7.0,0.0,1,1,1
832,83,4,1,1,0,2,1,1,1,3.0,0.0,1,1,1
833,83,5,2,1,1,2,0,1,1,1.0,0.0,1,1,1
834,83,6,1,2,1,2,0,1,0,6.0,0.0,1,1,1
835,83,7,1,2,1,2,1,0,1,5.0,0.0,1,1,1
836,83,8,1,2,1,2,1,1,0,5.0,0.0,1,1,1
837,83,9,1,2,1,2,1,1,0,7.0,0.0,1,1,1
838,83,10,1,2,1,2,1,1,1,0.0,0.0,1,1,1
839,83,11,1,2,0,2,0,0,0,5.0,0.0,1,1,1
840,83,12,1,2,0,2,1,1,0,4.0,0.0,1,1,1
841,83,13,1,1,0,2,1,0,0,1.0,0.0,1,1,1
842,83,14,1,2,1,2,0,1,0,5.0,0.0,1,1,1
843,83,15,1,2,1,2,1,1,0,7.0,0.0,1,1,1
844,83,16,1,1,1,2,1,1,1,7.0,0.0,1,1,1
845,83,17,1,1,1,2,1,1,1,2.0,0.0,1,1,1
846,83,18,1,1,1,1,0,0,1,2.0,0.0,1,1,1
847,83,19,1,1,1,1,0,0,1,0.0,0.0,1,1,1
848,83,20,1,1,0,1,0,0,0,,0.0,1,1,None
849,84,0,0,1,0,2,0,0,0,6.0,0.0,1,1,1
850,84,1,0,1,1,1,1,0,1,4.0,0.0,1,1,1
851,84,2,0,1,1,1,1,0,0,1.0,0.0,1,1,1
852,84,3,0,1,1,1,0,1,0,0.0,0.0,1,1,0
853,84,4,0,1,1,1,0,0,0,5.0,-1.0,1,0,0
854,84,5,0,2,1,1,1,1,0,,-1.0,1,0,None
855,85,0,2,2,1,2,0,0,0,3.0,0.0,1,1,1
856,85,1,2,2,1,2,0,1,1,5.0,0.0,1,1,1
857,85,2,2,2,1,2,1,1,0,3.0,0.0,1,1,1
858,85,3,2,2,1,2,0,1,1,6.0,0.0,1,1,1
859,85,4,1,2,1,2,1,0,1,2.0,0.0,1,1,1
860,85,5,1,2,1,1,0,0,1,7.0,0.0,1,1,1
861,85,6,1,1,1,1,1,1,1,6.0,0.0,1,1,1
862,85,7,1,1,1,1,1,0,1,6.0,0.0,1,1,1
863,85,8,1,1,1,1,1,0,1,2.0,0.0,1,1,1
864,85,9,1,1,1,1,0,0,1,4.0,0.0,1,1,1
865,85,10,1,1,1,1,1,0,0,2.0,0.0,1,1,1
866,85,11,1,1,1,1,0,0,1,0.0,0.0,1,1,1
867,85,12,1,1,1,1,0,0,0,6.0,0.0,1,1,1
868,85,13,1,1,1,1,1,0,1,0.0,0.0,1,1,1
869,85,14,1,1,1,1,0,0,0,3.0,0.0,1,1,1
870,85,15,1,2,1,1,0,1,1,5.0,0.0,1,1,1
871,85,16,1,2,1,1,1,1,0,4.0,0.0,1,1,0
872,85,17,1,1,1,1,1,0,0,5.0,-1.0,1,0,0
873,85,18,1,2,0,1,1,1,0,,-1.0,1,0,None
874,86,0,0,1,1,4,0,0,0,7.0,-1.0,1,0,0
875,86,1,0,2,1,4,1,1,1,,-1.0,1,0,None
876,87,0,0,1,1,0,0,0,0,7.0,-1.0,1,0,0
877,87,1,0,2,1,0,1,1,1,,-1.0,1,0,None
878,88,0,1,2,1,3,0,0,0,7.0,0.0,1,1,1
879,88,1,1,2,1,3,1,1,1,3.0,0.0,1,1,1
880,88,2,1,2,1,3,0,1,1,5.0,0.0,1,1,1
881,88,3,1,2,1,3,1,1,0,7.0,0.0,1,1,1
882,88,4,1,1,1,3,1,1,1,2.0,0.0,1,1,1
883,88,5,1,1,1,2,0,0,1,1.0,0.0,1,1,1
884,88,6,1,1,1,2,0,1,0,1.0,0.0,1,1,1
885,88,7,1,1,1,2,0,1,0,7.0,0.0,1,1,1
886,88,8,1,1,1,2,1,1,1,5.0,0.0,1,1,1
887,88,9,1,2,1,2,1,1,0,2.0,0.0,1,1,1
888,88,10,1,2,1,2,0,0,1,6.0,0.0,1,1,1
889,88,11,1,2,1,2,1,0,1,3.0,0.0,1,1,1
890,88,12,1,2,1,2,0,1,1,4.0,0.0,1,1,1
891,88,13,1,1,1,2,1,0,0,2.0,0.0,1,1,1
892,88,14,1,1,1,1,0,0,1,6.0,0.0,1,1,1
893,88,15,1,1,1,1,1,0,1,4.0,0.0,1,1,1
894,88,16,1,1,0,1,1,0,0,7.0,0.0,1,1,1
895,88,17,1,2,1,1,1,1,1,4.0,0.0,1,1,1
896,88,18,1,1,0,1,1,0,0,2.0,0.0,1,1,1
897,88,19,1,1,0,1,0,0,1,6.0,0.0,1,1,1
898,88,20,1,1,1,1,1,0,1,,0.0,1,1,None
899,89,0,1,1,1,3,0,0,0,0.0,0.0,1,1,1
900,89,1,1,1,1,3,0,0,0,5.0,0.0,1,1,1
901,89,2,1,2,1,3,1,1,0,2.0,0.0,1,1,1
902,89,3,1,2,1,3,0,0,1,3.0,0.0,1,1,1
903,89,4,1,2,1,3,0,1,1,1.0,0.0,1,1,1
904,89,5,1,2,1,3,0,1,0,1.0,0.0,1,1,1
905,89,6,1,2,1,3,0,1,0,3.0,0.0,1,1,1
906,89,7,1,2,1,3,0,1,1,1.0,0.0,1,1,1
907,89,8,1,2,1,3,0,1,0,5.0,0.0,1,1,0
908,89,9,1,2,1,3,1,1,0,3.0,-1.0,1,0,0
909,89,10,2,2,1,3,0,1,1,,-1.0,1,0,None
910,90,0,1,1,0,2,0,0,0,4.0,0.0,1,1,0
911,90,1,1,1,0,1,1,0,0,5.0,-1.0,1,0,0
912,90,2,1,2,0,1,1,1,0,,-1.0,1,0,None
913,91,0,1,1,1,1,0,0,0,7.0,0.0,1,1,1
914,91,1,1,2,1,1,1,1,1,4.0,0.0,1,1,1
915,91,2,1,1,1,1,1,0,0,2.0,0.0,1,1,1
916,91,3,1,1,1,0,0,0,1,1.0,0.0,1,1,1
917,91,4,1,2,1,0,0,1,0,5.0,0.0,1,1,1
918,91,5,1,2,1,0,1,1,0,3.0,0.0,1,1,0
919,91,6,1,2,1,0,0,1,1,0.0,-1.0,1,0,0
920,91,7,1,2,0,0,0,0,0,,-1.0,1,0,None
921,92,0,1,1,1,0,0,0,0,4.0,0.0,1,1,1
922,92,1,1,1,1,0,1,0,0,4.0,0.0,1,1,1
923,92,2,1,1,1,0,1,0,0,1.0,0.0,1,1,1
924,92,3,1,2,1,0,0,1,0,3.0,0.0,1,1,1
925,92,4,1,2,1,0,0,1,1,5.0,0.0,1,1,1
926,92,5,1,2,1,0,1,1,0,4.0,0.0,1,1,1
927,92,6,1,2,1,0,1,0,0,5.0,0.0,1,1,1
928,92,7,1,1,1,0,1,1,0,1.0,0.0,1,1,1
929,92,8,1,2,1,0,0,1,0,0.0,0.0,1,1,1
930,92,9,1,2,1,0,0,0,0,0.0,0.0,1,1,1
931,92,10,1,2,1,0,0,0,0,7.0,0.0,1,1,1
932,92,11,1,2,1,0,1,1,1,3.0,0.0,1,1,1
933,92,12,1,2,1,0,0,1,1,6.0,0.0,1,1,1
934,92,13,1,2,1,0,1,0,1,5.0,0.0,1,1,1
935,92,14,1,2,1,0,1,1,0,2.0,0.0,1,1,1
936,92,15,1,2,1,0,0,0,1,3.0,0.0,1,1,1
937,92,16,1,2,1,0,0,1,1,3.0,0.0,1,1,1
938,92,17,1,2,1,0,0,1,1,6.0,0.0,1,1,1
939,92,18,1,2,1,0,1,0,1,2.0,0.0,1,1,1
940,92,19,1,2,1,0,0,0,1,2.0,0.0,1,1,1
941,92,20,1,2,1,1,0,0,1,,0.0,1,1,None
942,93,0,0,0,1,2,0,0,0,6.0,0.0,1,1,1
943,93,1,0,0,1,2,1,0,1,1.0,0.0,1,1,1
944,93,2,0,1,1,2,0,1,0,3.0,0.0,1,1,0
945,93,3,0,2,1,2,0,1,1,2.0,-1.0,1,0,0
946,93,4,0,2,1,1,0,0,1,,-1.0,1,0,None
947,94,0,1,0,0,2,0,0,0,0.0,0.0,1,1,0
948,94,1,1,0,0,2,0,0,0,2.0,-1.0,1,0,0
949,94,2,2,0,0,2,0,0,1,,-1.0,1,0,None
950,95,0,1,1,1,1,0,0,0,5.0,0.0,1,1,1
951,95,1,1,1,1,1,1,1,0,5.0,0.0,1,1,0
952,95,2,1,2,1,1,1,1,0,1.0,-1.0,1,0,0
953,95,3,2,2,1,1,0,1,0,,-1.0,1,0,None
954,96,0,1,2,1,3,0,0,0,1.0,0.0,1,1,1
955,96,1,1,2,1,4,0,1,0,5.0,0.0,1,1,1
956,96,2,1,2,1,4,1,1,0,1.0,0.0,1,1,1
957,96,3,1,2,1,4,0,1,0,6.0,0.0,1,1,1
958,96,4,1,2,1,4,1,0,1,2.0,0.0,1,1,1
959,96,5,1,2,1,3,0,0,1,5.0,0.0,1,1,1
960,96,6,1,2,1,3,1,1,0,0.0,0.0,1,1,1
961,96,7,1,2,1,3,0,0,0,5.0,0.0,1,1,0
962,96,8,1,2,1,4,1,1,0,2.0,-1.0,1,0,0
963,96,9,2,2,1,4,0,0,1,,-1.0,1,0,None
964,97,0,1,2,1,2,0,0,0,5.0,0.0,1,1,1
965,97,1,1,2,1,2,1,1,0,0.0,0.0,1,1,1
966,97,2,1,2,1,2,0,0,0,3.0,0.0,1,1,0
967,97,3,2,2,1,2,0,1,1,0.0,-1.0,1,0,0
968,97,4,2,2,1,1,0,0,0,,-1.0,1,0,None
969,98,0,2,1,0,2,0,0,0,5.0,-1.0,1,0,0
970,98,1,2,2,0,2,1,1,0,,-1.0,1,0,None
971,99,0,2,2,1,2,0,0,0,4.0,0.0,1,1,1
972,99,1,2,2,1,2,1,0,0,4.0,0.0,1,1,1
973,99,2,2,1,1,2,1,0,0,2.0,0.0,1,1,1
974,99,3,2,1,1,2,0,0,1,1.0,0.0,1,1,1
975,99,4,2,2,1,2,0,1,0,5.0,0.0,1,1,1
976,99,5,1,2,0,2,1,1,0,6.0,0.0,1,1,1
977,99,6,1,1,1,2,1,0,1,6.0,0.0,1,1,1
978,99,7,1,1,1,2,1,0,1,1.0,0.0,1,1,1
979,99,8,1,2,1,2,0,1,0,6.0,0.0,1,1,1
980,99,9,1,2,1,2,1,0,1,1.0,0.0,1,1,1
981,99,10,1,2,1,2,0,1,0,1.0,0.0,1,1,1
982,99,11,0,2,1,2,0,1,0,7.0,0.0,1,1,1
983,99,12,0,2,1,2,1,1,1,3.0,0.0,1,1,1
984,99,13,0,2,1,2,0,1,1,4.0,0.0,1,1,1
985,99,14,0,1,1,2,1,0,0,3.0,0.0,1,1,1
986,99,15,0,2,1,2,0,1,1,0.0,0.0,1,1,1
987,99,16,0,2,1,2,0,0,0,2.0,0.0,1,1,1
988,99,17,0,2,1,2,0,0,1,3.0,0.0,1,1,1
989,99,18,0,2,1,2,0,1,1,2.0,0.0,1,1,1
990,99,19,0,2,1,2,0,0,1,0.0,0.0,1,1,1
991,99,20,0,2,1,2,0,0,0,,0.0,1,1,None
992,100,0,1,2,1,2,0,0,0,1.0,0.0,1,1,1
993,100,1,1,2,1,2,0,1,0,7.0,0.0,1,1,1
994,100,2,1,1,1,2,1,1,1,2.0,0.0,1,1,1
995,100,3,1,1,1,2,0,0,1,5.0,0.0,1,1,1
996,100,4,1,2,1,2,1,1,0,5.0,0.0,1,1,1
997,100,5,1,1,1,2,1,1,0,4.0,0.0,1,1,1
998,100,6,1,1,1,2,1,0,0,3.0,0.0,1,1,1
999,100,7,1,1,1,2,0,1,1,5.0,0.0,1,1,1
1000,100,8,1,2,1,2,1,1,0,2.0,0.0,1,1,1
1001,100,9,2,1,1,2,0,0,1,1.0,0.0,1,1,1
1002,100,10,2,1,1,2,0,1,0,1.0,0.0,1,1,1
1003,100,11,2,1,1,2,0,1,0,7.0,0.0,1,1,1
1004,100,12,1,2,1,2,1,1,1,4.0,0.0,1,1,1
1005,100,13,1,1,1,2,1,0,0,4.0,0.0,1,1,1
1006,100,14,1,1,1,2,1,0,0,6.0,0.0,1,1,1
1007,100,15,1,1,1,2,1,0,1,6.0,0.0,1,1,1
1008,100,16,1,1,1,2,1,0,1,5.0,0.0,1,1,1
1009,100,17,1,2,1,2,1,1,0,0.0,0.0,1,1,1
1010,100,18,2,2,1,2,0,0,0,2.0,0.0,1,1,1
1011,100,19,2,2,1,2,0,0,1,3.0,0.0,1,1,1
1012,100,20,2,2,1,2,0,1,1,,0.0,1,1,None
1013,101,0,2,1,1,3,0,0,0,2.0,0.0,1,1,1
1014,101,1,2,1,1,3,0,0,1,7.0,0.0,1,1,1
1015,101,2,1,2,1,3,1,1,1,4.0,0.0,1,1,1
1016,101,3,1,1,1,3,1,0,0,6.0,0.0,1,1,1
1017,101,4,1,1,1,3,1,0,1,1.0,0.0,1,1,1
1018,101,5,1,2,1,3,0,1,0,6.0,0.0,1,1,1
1019,101,6,1,2,1,3,1,0,1,1.0,0.0,1,1,1
1020,101,7,1,2,1,3,0,1,0,0.0,0.0,1,1,1
1021,101,8,1,2,1,3,0,0,0,5.0,0.0,1,1,1
1022,101,9,1,2,1,3,1,1,0,2.0,0.0,1,1,1
1023,101,10,1,2,1,3,0,0,1,1.0,0.0,1,1,1
1024,101,11,1,2,1,3,0,1,0,0.0,0.0,1,1,1
1025,101,12,1,2,1,3,0,0,0,6.0,0.0,1,1,1
1026,101,13,1,2,1,3,1,0,1,5.0,0.0,1,1,1
1027,101,14,1,1,1,3,1,1,0,6.0,0.0,1,1,1
1028,101,15,1,1,1,3,1,0,1,7.0,0.0,1,1,1
1029,101,16,1,1,1,3,1,1,1,1.0,0.0,1,1,1
1030,101,17,1,2,1,3,0,1,0,3.0,0.0,1,1,1
1031,101,18,1,2,1,3,0,1,1,3.0,0.0,1,1,1
1032,101,19,1,2,1,3,0,1,1,4.0,0.0,1,1,1
1033,101,20,1,2,1,3,1,0,0,,0.0,1,1,None
1034,102,0,0,0,1,2,0,0,0,7.0,0.0,1,1,1
1035,102,1,0,1,1,2,1,1,1,0.0,0.0,1,1,1
1036,102,2,0,1,1,2,0,0,0,1.0,0.0,1,1,1
1037,102,3,1,2,1,2,0,1,0,0.0,0.0,1,1,0
1038,102,4,1,2,1,1,0,0,0,3.0,-1.0,1,0,0
1039,102,5,0,2,1,1,0,1,1,,-1.0,1,0,None
1040,103,0,1,0,1,2,0,0,0,0.0,0.0,1,1,0
1041,103,1,0,0,1,2,0,0,0,2.0,-1.0,1,0,0
1042,103,2,0,0,1,1,0,0,1,,-1.0,1,0,None
1043,104,0,2,1,1,3,0,0,0,2.0,-1.0,1,0,0
1044,104,1,2,2,1,3,0,0,1,,-1.0,1,0,None
1045,105,0,0,0,1,2,0,0,0,1.0,0.0,1,1,1
1046,105,1,0,1,1,2,0,1,0,2.0,0.0,1,1,1
1047,105,2,0,1,1,1,0,0,1,5.0,0.0,1,1,1
1048,105,3,0,1,1,1,1,1,0,2.0,0.0,1,1,1
1049,105,4,0,1,1,1,0,0,1,4.0,0.0,1,1,0
1050,105,5,0,1,1,1,1,0,0,1.0,-1.0,1,0,0
1051,105,6,0,2,1,1,0,1,0,,-1.0,1,0,None
1052,106,0,1,2,1,1,0,0,0,2.0,0.0,1,1,1
1053,106,1,1,2,1,1,0,0,1,0.0,0.0,1,1,1
1054,106,2,1,2,1,1,0,0,0,3.0,0.0,1,1,1
1055,106,3,1,2,1,1,0,1,1,5.0,0.0,1,1,1
1056,106,4,1,2,1,1,1,1,0,0.0,0.0,1,1,1
1057,106,5,1,2,1,1,0,0,0,7.0,0.0,1,1,1
1058,106,6,1,2,1,1,1,1,1,0.0,0.0,1,1,1
1059,106,7,1,2,1,1,0,0,0,4.0,0.0,1,1,1
1060,106,8,1,1,1,0,1,0,0,4.0,0.0,1,1,1
1061,106,9,1,1,1,0,1,0,0,7.0,0.0,1,1,1
1062,106,10,1,2,1,0,1,1,1,4.0,0.0,1,1,0
1063,106,11,1,1,0,0,1,0,0,3.0,-1.0,1,0,0
1064,106,12,2,2,1,0,0,1,1,,-1.0,1,0,None
1065,107,0,1,1,1,3,0,0,0,0.0,0.0,1,1,1
1066,107,1,1,2,1,3,0,0,0,2.0,0.0,1,1,1
1067,107,2,1,2,1,3,0,0,1,2.0,0.0,1,1,1
1068,107,3,1,2,1,3,0,0,1,4.0,0.0,1,1,1
1069,107,4,1,1,0,3,1,0,0,1.0,0.0,1,1,1
1070,107,5,1,1,0,3,0,1,0,2.0,0.0,1,1,1
1071,107,6,1,1,1,3,0,0,1,4.0,0.0,1,1,1
1072,107,7,1,1,1,1,1,0,0,0.0,0.0,1,1,0
1073,107,8,1,1,0,1,0,0,0,5.0,-1.0,1,0,0
1074,107,9,1,2,0,1,1,1,0,,-1.0,1,0,None
1075,108,0,1,2,1,3,0,0,0,2.0,0.0,1,1,1
1076,108,1,1,2,1,4,0,0,1,1.0,0.0,1,1,1
1077,108,2,1,2,1,4,0,1,0,3.0,0.0,1,1,0
1078,108,3,1,2,1,4,0,1,1,1.0,-1.0,1,0,0
1079,108,4,0,2,1,4,0,1,0,,-1.0,1,0,None
1080,109,0,1,2,1,2,0,0,0,3.0,0.0,1,1,1
1081,109,1,1,2,1,2,0,1,1,6.0,0.0,1,1,1
1082,109,2,1,1,1,2,1,0,1,1.0,0.0,1,1,1
1083,109,3,2,2,1,2,0,1,0,1.0,0.0,1,1,1
1084,109,4,2,2,1,2,0,1,0,0.0,0.0,1,1,1
1085,109,5,2,2,1,2,0,0,0,1.0,0.0,1,1,1
1086,109,6,1,2,1,2,0,1,0,6.0,0.0,1,1,1
1087,109,7,1,2,1,2,1,0,1,1.0,0.0,1,1,1
1088,109,8,1,2,1,2,0,1,0,2.0,0.0,1,1,1
1089,109,9,0,2,1,2,0,0,1,2.0,0.0,1,1,1
1090,109,10,0,2,1,2,0,0,1,2.0,0.0,1,1,1
1091,109,11,0,2,1,2,0,0,1,0.0,0.0,1,1,1
1092,109,12,0,2,1,2,0,0,0,1.0,0.0,1,1,1
1093,109,13,0,2,1,2,0,1,0,1.0,0.0,1,1,1
1094,109,14,0,2,1,2,0,1,0,6.0,0.0,1,1,1
1095,109,15,0,2,1,2,1,0,1,4.0,0.0,1,1,0
1096,109,16,0,1,0,2,1,0,0,5.0,-1.0,1,0,0
1097,109,17,0,2,0,2,1,1,0,,-1.0,1,0,None
1098,110,0,1,0,1,1,0,0,0,5.0,0.0,1,1,1
1099,110,1,1,0,1,1,1,1,0,4.0,0.0,1,1,1
1100,110,2,1,0,1,0,1,0,0,7.0,0.0,1,1,1
1101,110,3,1,1,1,0,1,1,1,0.0,0.0,1,1,1
1102,110,4,1,1,1,0,0,0,0,6.0,0.0,1,1,1
1103,110,5,1,1,1,0,1,0,1,2.0,0.0,1,1,0
1104,110,6,2,1,1,0,0,0,1,1.0,-1.0,1,0,0
1105,110,7,2,2,0,0,0,1,0,,-1.0,1,0,None
1106,111,0,1,1,0,2,0,0,0,7.0,0.0,1,1,1
1107,111,1,1,1,0,2,1,1,1,1.0,0.0,1,1,1
1108,111,2,1,2,0,2,0,1,0,3.0,0.0,1,1,1
1109,111,3,1,2,1,2,0,1,1,5.0,0.0,1,1,1
1110,111,4,1,2,1,2,1,1,0,6.0,0.0,1,1,1
1111,111,5,1,1,1,1,1,0,1,1.0,0.0,1,1,1
1112,111,6,1,2,1,1,0,1,0,1.0,0.0,1,1,1
1113,111,7,1,2,1,1,0,1,0,3.0,0.0,1,1,0
1114,111,8,1,2,1,1,0,1,1,0.0,-1.0,1,0,0
1115,111,9,1,2,0,1,0,0,0,,-1.0,1,0,None
1116,112,0,0,1,1,3,0,0,0,2.0,0.0,1,1,1
1117,112,1,0,1,1,3,0,0,1,0.0,0.0,1,1,1
1118,112,2,0,1,1,2,0,0,0,0.0,0.0,1,1,1
1119,112,3,0,1,1,1,0,0,0,4.0,0.0,1,1,1
1120,112,4,0,1,1,1,1,0,0,2.0,0.0,1,1,1
1121,112,5,0,1,1,1,0,0,1,3.0,0.0,1,1,1
1122,112,6,0,1,1,1,0,1,1,1.0,0.0,1,1,1
1123,112,7,1,2,1,1,0,1,0,2.0,0.0,1,1,1
1124,112,8,1,2,1,1,0,0,1,4.0,0.0,1,1,1
1125,112,9,1,1,1,1,1,0,0,5.0,0.0,1,1,0
1126,112,10,1,2,1,1,1,1,0,3.0,-1.0,1,0,0
1127,112,11,2,2,1,1,0,1,1,,-1.0,1,0,None
1128,113,0,1,0,1,3,0,0,0,7.0,0.0,1,1,1
1129,113,1,1,2,1,3,1,1,1,3.0,0.0,1,1,1
1130,113,2,1,2,1,3,0,1,1,1.0,0.0,1,1,1
1131,113,3,1,2,1,4,0,1,0,0.0,0.0,1,1,1
1132,113,4,2,1,1,4,0,0,0,2.0,0.0,1,1,0
1133,113,5,2,1,1,3,0,0,1,3.0,-1.0,1,0,0
1134,113,6,2,2,1,3,0,1,1,,-1.0,1,0,None
1135,114,0,2,1,1,2,0,0,0,3.0,0.0,1,1,1
1136,114,1,2,1,1,2,0,1,1,3.0,0.0,1,1,1
1137,114,2,2,2,1,2,0,1,1,7.0,0.0,1,1,1
1138,114,3,1,2,1,2,1,1,1,0.0,0.0,1,1,1
1139,114,4,1,2,1,1,0,0,0,6.0,0.0,1,1,1
1140,114,5,1,2,1,1,1,0,1,1.0,0.0,1,1,1
1141,114,6,1,2,1,1,0,1,0,3.0,0.0,1,1,1
1142,114,7,1,2,1,1,0,1,1,2.0,0.0,1,1,1
1143,114,8,1,2,1,0,0,0,1,0.0,0.0,1,1,0
1144,114,9,1,1,1,0,0,0,0,3.0,-1.0,1,0,0
1145,114,10,0,2,1,0,0,1,1,,-1.0,1,0,None
1146,115,0,1,1,1,3,0,0,0,0.0,1.0,1,2,2
1147,115,1,1,1,1,2,0,0,0,,1.0,1,2,None
1148,116,0,0,1,1,2,0,0,0,0.0,0.0,1,1,1
1149,116,1,0,1,1,1,0,0,0,4.0,0.0,1,1,1
1150,116,2,0,1,1,1,1,0,0,0.0,0.0,1,1,1
1151,116,3,0,1,1,1,0,0,0,6.0,0.0,1,1,1
1152,116,4,0,1,1,1,1,0,1,0.0,0.0,1,1,0
1153,116,5,0,1,1,1,0,0,0,1.0,-1.0,1,0,0
1154,116,6,0,2,1,1,0,1,0,,-1.0,1,0,None
1155,117,0,2,1,1,2,0,0,0,2.0,0.0,1,1,1
1156,117,1,2,2,1,2,0,0,1,6.0,0.0,1,1,1
1157,117,2,1,1,1,2,1,0,1,7.0,0.0,1,1,1
1158,117,3,1,2,1,2,1,1,1,6.0,0.0,1,1,1
1159,117,4,1,1,1,1,1,0,1,3.0,0.0,1,1,1
1160,117,5,1,2,1,1,0,1,1,2.0,0.0,1,1,0
1161,117,6,1,2,1,1,0,0,1,3.0,-1.0,1,0,0
1162,117,7,0,2,1,1,0,1,1,,-1.0,1,0,None
1163,118,0,1,2,1,4,0,0,0,2.0,0.0,1,1,1
1164,118,1,1,2,1,4,0,0,1,4.0,0.0,1,1,1
1165,118,2,1,2,1,3,1,0,0,7.0,0.0,1,1,1
1166,118,3,1,2,1,3,1,1,1,3.0,0.0,1,1,1
1167,118,4,1,2,1,3,0,1,1,7.0,0.0,1,1,1
1168,118,5,1,2,1,3,1,1,1,5.0,0.0,1,1,1
1169,118,6,1,2,1,4,1,1,0,4.0,0.0,1,1,1
1170,118,7,1,1,1,3,1,0,0,7.0,0.0,1,1,0
1171,118,8,1,2,1,3,1,1,1,3.0,-1.0,1,0,0
1172,118,9,2,2,1,4,0,1,1,,-1.0,1,0,None
1173,119,0,2,1,1,2,0,0,0,1.0,0.0,1,1,1
1174,119,1,2,2,1,2,0,1,0,5.0,0.0,1,1,1
1175,119,2,2,2,1,2,1,1,0,6.0,0.0,1,1,1
1176,119,3,2,2,1,2,1,0,1,3.0,0.0,1,1,1
1177,119,4,2,2,1,2,0,1,1,2.0,0.0,1,1,1
1178,119,5,2,1,1,2,0,0,1,3.0,0.0,1,1,1
1179,119,6,2,1,1,2,0,1,1,3.0,0.0,1,1,1
1180,119,7,2,2,1,2,0,1,1,6.0,0.0,1,1,1
1181,119,8,1,2,1,2,1,0,1,6.0,0.0,1,1,1
1182,119,9,1,1,1,2,1,0,1,7.0,0.0,1,1,1
1183,119,10,1,2,1,2,1,1,1,4.0,0.0,1,1,1
1184,119,11,1,2,1,2,1,0,0,7.0,0.0,1,1,1
1185,119,12,1,2,1,2,1,1,1,0.0,0.0,1,1,1
1186,119,13,2,2,1,2,0,0,0,2.0,0.0,1,1,1
1187,119,14,2,2,1,2,0,0,1,3.0,0.0,1,1,1
1188,119,15,2,2,1,2,0,1,1,4.0,0.0,1,1,1
1189,119,16,1,1,1,2,1,0,0,7.0,0.0,1,1,1
1190,119,17,1,1,1,2,1,1,1,4.0,0.0,1,1,1
1191,119,18,1,1,1,1,1,0,0,2.0,0.0,1,1,1
1192,119,19,1,1,1,1,0,0,1,1.0,0.0,1,1,1
1193,119,20,1,1,1,1,0,1,0,,0.0,1,1,None
1194,120,0,1,1,1,0,0,0,0,7.0,0.0,1,1,1
1195,120,1,1,2,1,0,1,1,1,4.0,0.0,1,1,1
1196,120,2,1,2,1,1,1,0,0,6.0,0.0,1,1,1
1197,120,3,1,2,1,1,1,0,1,7.0,0.0,1,1,0
1198,120,4,1,2,1,1,1,1,1,1.0,-1.0,1,0,0
1199,120,5,2,2,1,1,0,1,0,,-1.0,1,0,None
1200,121,0,1,1,0,2,0,0,0,6.0,0.0,1,1,0
1201,121,1,1,1,0,1,1,0,1,1.0,-1.0,1,0,0
1202,121,2,1,2,0,1,0,1,0,,-1.0,1,0,None
1203,122,0,2,1,1,4,0,0,0,5.0,0.0,1,1,1
1204,122,1,1,2,1,4,1,1,0,6.0,0.0,1,1,1
1205,122,2,1,2,1,4,1,0,1,0.0,0.0,1,1,1
1206,122,3,1,2,1,3,0,0,0,7.0,0.0,1,1,1
1207,122,4,1,2,1,4,1,1,1,5.0,0.0,1,1,1
1208,122,5,1,2,1,4,1,1,0,2.0,0.0,1,1,1
1209,122,6,1,2,1,4,0,0,1,0.0,0.0,1,1,1
1210,122,7,1,2,1,4,0,0,0,3.0,0.0,1,1,1
1211,122,8,1,2,1,4,0,1,1,7.0,0.0,1,1,1
1212,122,9,1,2,1,4,1,1,1,6.0,0.0,1,1,1
1213,122,10,1,1,1,4,1,0,1,6.0,0.0,1,1,1
1214,122,11,1,1,1,3,1,0,1,6.0,0.0,1,1,1
1215,122,12,1,1,1,4,1,0,1,5.0,0.0,1,1,1
1216,122,13,1,1,1,4,1,1,0,7.0,0.0,1,1,1
1217,122,14,1,2,1,4,1,1,1,7.0,0.0,1,1,1
1218,122,15,1,2,1,4,1,1,1,2.0,0.0,1,1,1
1219,122,16,1,2,1,4,0,0,1,5.0,0.0,1,1,1
1220,122,17,1,2,1,4,1,1,0,5.0,0.0,1,1,1
1221,122,18,1,1,1,4,1,1,0,0.0,0.0,1,1,0
1222,122,19,1,1,1,4,0,0,0,3.0,-1.0,1,0,0
1223,122,20,0,2,1,4,0,1,1,,-1.0,1,0,None
1224,123,0,0,2,1,2,0,0,0,2.0,0.0,1,1,1
1225,123,1,1,2,1,2,0,0,1,2.0,0.0,1,1,1
1226,123,2,1,2,1,2,0,0,1,1.0,0.0,1,1,1
1227,123,3,1,2,1,2,0,1,0,0.0,0.0,1,1,1
1228,123,4,1,2,1,1,0,0,0,4.0,0.0,1,1,1
1229,123,5,1,1,1,1,1,0,0,1.0,0.0,1,1,1
1230,123,6,1,1,1,1,0,1,0,3.0,0.0,1,1,1
1231,123,7,1,1,1,1,0,1,1,0.0,0.0,1,1,1
1232,123,8,1,1,1,1,0,0,0,0.0,0.0,1,1,1
1233,123,9,2,1,1,1,0,0,0,2.0,0.0,1,1,0
1234,123,10,2,1,1,1,0,0,1,5.0,-1.0,1,0,0
1235,123,11,2,2,1,1,1,1,0,,-1.0,1,0,None
1236,124,0,1,1,1,3,0,0,0,4.0,0.0,1,1,1
1237,124,1,1,1,1,4,1,0,0,2.0,0.0,1,1,1
1238,124,2,1,1,1,4,0,0,1,1.0,0.0,1,1,1
1239,124,3,1,2,1,4,0,1,0,3.0,0.0,1,1,1
1240,124,4,1,2,1,4,0,1,1,3.0,0.0,1,1,1
1241,124,5,1,2,1,4,0,1,1,0.0,0.0,1,1,1
1242,124,6,1,2,1,3,0,0,0,6.0,0.0,1,1,1
1243,124,7,1,1,1,4,1,0,1,4.0,0.0,1,1,1
1244,124,8,1,1,1,4,1,0,0,4.0,0.0,1,1,1
1245,124,9,1,1,1,4,1,0,0,4.0,0.0,1,1,1
1246,124,10,1,1,1,3,1,0,0,2.0,0.0,1,1,1
1247,124,11,1,1,1,3,0,0,1,6.0,0.0,1,1,1
1248,124,12,1,1,1,3,1,0,1,0.0,0.0,1,1,1
1249,124,13,1,1,1,3,0,0,0,3.0,0.0,1,1,1
1250,124,14,1,1,1,3,0,1,1,0.0,0.0,1,1,1
1251,124,15,1,1,1,3,0,0,0,6.0,0.0,1,1,1
1252,124,16,1,1,1,3,1,0,1,3.0,0.0,1,1,1
1253,124,17,1,2,1,4,0,1,1,6.0,0.0,1,1,1
1254,124,18,1,2,1,4,1,0,1,7.0,0.0,1,1,0
1255,124,19,1,2,1,4,1,1,1,0.0,-1.0,1,0,0
1256,124,20,1,2,0,4,0,0,0,,-1.0,1,0,None
1257,125,0,2,2,1,2,0,0,0,6.0,0.0,1,1,1
1258,125,1,1,2,1,2,1,0,1,3.0,0.0,1,1,1
1259,125,2,1,2,1,2,0,1,1,4.0,0.0,1,1,1
1260,125,3,1,1,1,1,1,0,0,4.0,0.0,1,1,1
1261,125,4,1,1,1,1,1,0,0,7.0,0.0,1,1,1
1262,125,5,1,1,1,1,1,1,1,0.0,0.0,1,1,1
1263,125,6,2,1,1,1,0,0,0,2.0,0.0,1,1,1
1264,125,7,2,1,1,1,0,0,1,0.0,0.0,1,1,1
1265,125,8,2,1,1,1,0,0,0,3.0,0.0,1,1,1
1266,125,9,1,2,1,1,0,1,1,6.0,0.0,1,1,1
1267,125,10,1,1,1,0,1,0,1,3.0,0.0,1,1,1
1268,125,11,1,1,1,0,0,1,1,0.0,0.0,1,1,1
1269,125,12,0,1,1,0,0,0,0,3.0,0.0,1,1,1
1270,125,13,0,1,1,0,0,1,1,4.0,0.0,1,1,1
1271,125,14,0,1,1,0,1,0,0,5.0,0.0,1,1,1
1272,125,15,0,1,1,0,1,1,0,6.0,0.0,1,1,1
1273,125,16,0,1,1,0,1,0,1,4.0,0.0,1,1,0
1274,125,17,0,1,1,0,1,0,0,7.0,-1.0,1,0,0
1275,125,18,0,2,1,0,1,1,1,,-1.0,1,0,None
1276,126,0,1,1,0,4,0,0,0,1.0,-1.0,1,0,0
1277,126,1,1,2,0,4,0,1,0,,-1.0,1,0,None
1278,127,0,0,1,1,0,0,0,0,7.0,-1.0,1,0,0
1279,127,1,0,2,1,0,1,1,1,,-1.0,1,0,None
1280,128,0,0,1,0,2,0,0,0,4.0,0.0,1,1,1
1281,128,1,0,1,0,2,1,0,0,2.0,0.0,1,1,1
1282,128,2,0,1,1,2,0,0,1,6.0,0.0,1,1,1
1283,128,3,0,1,1,2,1,0,1,6.0,0.0,1,1,1
1284,128,4,0,1,1,2,1,0,1,2.0,0.0,1,1,1
1285,128,5,0,1,1,2,0,0,1,7.0,0.0,1,1,1
1286,128,6,0,1,1,2,1,1,1,0.0,0.0,1,1,1
1287,128,7,0,1,1,2,0,0,0,4.0,0.0,1,1,1
1288,128,8,0,1,1,2,1,0,0,7.0,0.0,1,1,1
1289,128,9,0,1,1,2,1,1,1,1.0,0.0,1,1,1
1290,128,10,0,1,1,2,0,1,0,6.0,0.0,1,1,1
1291,128,11,0,1,1,2,1,0,1,3.0,0.0,1,1,1
1292,128,12,0,1,1,2,0,1,1,4.0,0.0,1,1,1
1293,128,13,0,1,1,2,1,0,0,5.0,0.0,1,1,1
1294,128,14,0,1,1,2,1,1,0,7.0,0.0,1,1,1
1295,128,15,0,2,1,2,1,1,1,6.0,0.0,1,1,1
1296,128,16,0,2,1,2,1,0,1,7.0,0.0,1,1,1
1297,128,17,0,2,1,2,1,1,1,7.0,0.0,1,1,0
1298,128,18,0,2,1,2,1,1,1,6.0,-1.0,1,0,0
1299,128,19,0,2,1,1,1,0,1,,-1.0,1,0,None
1300,129,0,2,0,1,2,0,0,0,7.0,0.0,1,1,1
1301,129,1,2,1,1,2,1,1,1,7.0,0.0,1,1,1
1302,129,2,1,2,1,2,1,1,1,1.0,0.0,1,1,1
1303,129,3,1,2,1,2,0,1,0,2.0,0.0,1,1,1
1304,129,4,1,2,1,2,0,0,1,1.0,0.0,1,1,1
1305,129,5,1,2,1,2,0,1,0,1.0,0.0,1,1,1
1306,129,6,0,2,1,2,0,1,0,7.0,0.0,1,1,0
1307,129,7,0,2,1,2,1,1,1,5.0,-1.0,1,0,0
1308,129,8,0,2,0,2,1,1,0,,-1.0,1,0,None
1309,130,0,1,1,1,3,0,0,0,3.0,0.0,1,1,1
1310,130,1,1,2,1,3,0,1,1,4.0,0.0,1,1,0
1311,130,2,1,2,1,3,1,0,0,2.0,-1.0,1,0,0
1312,130,3,2,2,1,3,0,0,1,,-1.0,1,0,None
1313,131,0,1,0,1,0,0,0,0,2.0,0.0,1,1,1
1314,131,1,1,0,1,0,0,0,1,2.0,0.0,1,1,1
1315,131,2,1,0,1,0,0,0,1,5.0,0.0,1,1,1
1316,131,3,1,1,1,0,1,1,0,4.0,0.0,1,1,1
1317,131,4,1,1,1,0,1,0,0,0.0,0.0,1,1,1
1318,131,5,1,1,1,0,0,0,0,6.0,0.0,1,1,0
1319,131,6,1,1,1,0,1,0,1,3.0,-1.0,1,0,0
1320,131,7,2,2,1,0,0,1,1,,-1.0,1,0,None
1321,132,0,1,2,1,3,0,0,0,5.0,0.0,1,1,1
1322,132,1,1,1,1,3,1,1,0,5.0,0.0,1,1,1
1323,132,2,1,2,1,3,1,1,0,1.0,0.0,1,1,1
1324,132,3,1,2,1,3,0,1,0,1.0,0.0,1,1,1
1325,132,4,1,2,1,3,0,1,0,2.0,0.0,1,1,1
1326,132,5,1,2,1,3,0,0,1,2.0,0.0,1,1,1
1327,132,6,1,2,1,3,0,0,1,0.0,0.0,1,1,1
1328,132,7,1,2,1,3,0,0,0,5.0,0.0,1,1,1
1329,132,8,1,2,1,3,1,1,0,7.0,0.0,1,1,1
1330,132,9,1,2,1,3,1,1,1,4.0,0.0,1,1,1
1331,132,10,1,1,1,3,1,0,0,4.0,0.0,1,1,1
1332,132,11,1,1,0,3,1,0,0,6.0,0.0,1,1,0
1333,132,12,1,1,1,3,1,0,1,5.0,-1.0,1,0,0
1334,132,13,1,2,0,3,1,1,0,,-1.0,1,0,None
1335,133,0,1,1,0,4,0,0,0,0.0,0.0,1,1,0
1336,133,1,1,1,0,4,0,0,0,5.0,-1.0,1,0,0
1337,133,2,1,2,0,4,1,1,0,,-1.0,1,0,None
1338,134,0,1,1,0,3,0,0,0,1.0,-1.0,1,0,0
1339,134,1,1,2,0,4,0,1,0,,-1.0,1,0,None
1340,135,0,1,1,1,0,0,0,0,5.0,0.0,1,1,1
1341,135,1,1,2,1,0,1,1,0,1.0,0.0,1,1,1
1342,135,2,1,2,1,0,0,1,0,6.0,0.0,1,1,1
1343,135,3,1,1,1,0,1,0,1,6.0,0.0,1,1,1
1344,135,4,1,1,1,1,1,0,1,2.0,0.0,1,1,1
1345,135,5,1,1,1,1,0,0,1,7.0,0.0,1,1,1
1346,135,6,1,2,1,1,1,1,1,7.0,0.0,1,1,1
1347,135,7,1,1,1,1,1,1,1,5.0,0.0,1,1,0
1348,135,8,1,2,1,1,1,1,0,1.0,-1.0,1,0,0
1349,135,9,1,2,0,1,0,1,0,,-1.0,1,0,None
1350,136,0,1,1,1,3,0,0,0,5.0,0.0,1,1,1
1351,136,1,1,2,1,3,1,1,0,6.0,0.0,1,1,0
1352,136,2,1,2,1,3,1,0,1,2.0,-1.0,1,0,0
1353,136,3,2,2,1,3,0,0,1,,-1.0,1,0,None
1354,137,0,0,1,1,3,0,0,0,1.0,-1.0,1,0,0
1355,137,1,0,2,0,3,0,1,0,,-1.0,1,0,None
1356,138,0,0,2,1,2,0,0,0,3.0,-1.0,1,0,0
1357,138,1,0,2,1,3,0,1,1,,-1.0,1,0,None
1358,139,0,0,0,1,2,0,0,0,7.0,0.0,1,1,1
1359,139,1,0,1,1,2,1,1,1,1.0,0.0,1,1,1
1360,139,2,0,2,1,2,0,1,0,1.0,0.0,1,1,1
1361,139,3,0,2,1,2,0,1,0,0.0,0.0,1,1,1
1362,139,4,0,1,1,2,0,0,0,0.0,0.0,1,1,1
1363,139,5,0,1,1,2,0,0,0,7.0,0.0,1,1,1
1364,139,6,0,1,1,2,1,1,1,6.0,0.0,1,1,1
1365,139,7,0,1,1,2,1,0,1,1.0,0.0,1,1,0
1366,139,8,0,2,1,2,0,1,0,1.0,-1.0,1,0,0
1367,139,9,0,2,0,2,0,1,0,,-1.0,1,0,None
1368,140,0,0,1,1,2,0,0,0,2.0,0.0,1,1,1
1369,140,1,0,1,1,2,0,0,1,5.0,0.0,1,1,1
1370,140,2,0,2,1,2,1,1,0,1.0,0.0,1,1,1
1371,140,3,0,2,1,2,0,1,0,5.0,0.0,1,1,1
1372,140,4,0,2,1,2,1,1,0,5.0,0.0,1,1,1
1373,140,5,0,2,1,2,1,1,0,0.0,0.0,1,1,1
1374,140,6,0,2,1,2,0,0,0,2.0,0.0,1,1,0
1375,140,7,0,2,1,2,0,0,1,1.0,-1.0,1,0,0
1376,140,8,0,2,0,2,0,1,0,,-1.0,1,0,None
1377,141,0,1,0,1,2,0,0,0,0.0,0.0,1,1,1
1378,141,1,1,0,1,1,0,0,0,6.0,0.0,1,1,1
1379,141,2,1,0,1,1,1,0,1,5.0,0.0,1,1,1
1380,141,3,1,1,1,1,1,1,0,7.0,0.0,1,1,1
1381,141,4,1,1,1,1,1,1,1,4.0,0.0,1,1,1
1382,141,5,1,1,1,1,1,0,0,2.0,0.0,1,1,1
1383,141,6,1,2,1,1,0,0,1,5.0,0.0,1,1,1
1384,141,7,1,2,1,1,1,1,0,0.0,0.0,1,1,1
1385,141,8,1,2,1,1,0,0,0,6.0,0.0,1,1,1
1386,141,9,1,1,1,1,1,0,1,3.0,0.0,1,1,1
1387,141,10,1,2,1,1,0,1,1,5.0,0.0,1,1,1
1388,141,11,1,2,1,1,1,1,0,0.0,0.0,1,1,1
1389,141,12,1,2,1,1,0,0,0,2.0,0.0,1,1,1
1390,141,13,1,2,1,1,0,0,1,3.0,0.0,1,1,1
1391,141,14,1,2,1,1,0,1,1,5.0,0.0,1,1,0
1392,141,15,1,2,1,1,1,1,0,0.0,-1.0,1,0,0
1393,141,16,1,2,0,1,0,0,0,,-1.0,1,0,None
1394,142,0,1,0,1,2,0,0,0,5.0,0.0,1,1,1
1395,142,1,1,1,1,2,1,1,0,7.0,0.0,1,1,1
1396,142,2,1,1,1,2,1,1,1,7.0,0.0,1,1,1
1397,142,3,1,2,1,2,1,1,1,1.0,0.0,1,1,1
1398,142,4,1,2,1,2,0,1,0,6.0,0.0,1,1,2
1399,142,5,1,1,1,2,1,0,1,0.0,1.0,1,2,2
1400,142,6,1,1,1,2,0,0,0,,1.0,1,2,None
1401,143,0,1,0,0,2,0,0,0,5.0,0.0,1,1,1
1402,143,1,1,1,0,2,1,1,0,0.0,0.0,1,1,1
1403,143,2,1,1,0,2,0,0,0,1.0,0.0,1,1,1
1404,143,3,1,2,0,2,0,1,0,2.0,0.0,1,1,1
1405,143,4,1,1,0,2,0,0,1,1.0,0.0,1,1,1
1406,143,5,1,1,0,2,0,1,0,7.0,0.0,1,1,1
1407,143,6,1,1,1,2,1,1,1,0.0,0.0,1,1,1
1408,143,7,1,0,1,2,0,0,0,7.0,0.0,1,1,1
1409,143,8,1,0,1,2,1,1,1,1.0,0.0,1,1,1
1410,143,9,1,1,1,2,0,1,0,5.0,0.0,1,1,1
1411,143,10,1,1,1,2,1,1,0,1.0,0.0,1,1,1
1412,143,11,1,2,1,2,0,1,0,0.0,0.0,1,1,1
1413,143,12,1,2,1,2,0,0,0,4.0,0.0,1,1,1
1414,143,13,1,2,1,2,1,0,0,5.0,0.0,1,1,1
1415,143,14,1,2,1,2,1,1,0,2.0,0.0,1,1,1
1416,143,15,1,1,1,2,0,0,1,7.0,0.0,1,1,0
1417,143,16,1,2,1,2,1,1,1,0.0,-1.0,1,0,0
1418,143,17,2,2,1,1,0,0,0,,-1.0,1,0,None
1419,144,0,0,2,1,2,0,0,0,7.0,0.0,1,1,1
1420,144,1,0,2,1,2,1,1,1,7.0,0.0,1,1,1
1421,144,2,0,2,1,2,1,1,1,0.0,0.0,1,1,1
1422,144,3,0,2,1,2,0,0,0,6.0,0.0,1,1,1
1423,144,4,0,1,1,2,1,0,1,5.0,0.0,1,1,1
1424,144,5,0,2,1,2,1,1,0,0.0,0.0,1,1,1
1425,144,6,0,2,1,2,0,0,0,0.0,0.0,1,1,1
1426,144,7,0,1,1,2,0,0,0,4.0,0.0,1,1,1
1427,144,8,0,1,1,1,1,0,0,6.0,0.0,1,1,1
1428,144,9,0,1,1,1,1,0,1,6.0,0.0,1,1,1
1429,144,10,0,1,1,1,1,0,1,0.0,0.0,1,1,0
1430,144,11,0,1,1,1,0,0,0,2.0,-1.0,1,0,0
1431,144,12,0,0,1,1,0,0,1,,-1.0,1,0,None
1432,145,0,0,1,1,2,0,0,0,2.0,0.0,1,1,1
1433,145,1,1,1,1,2,0,0,1,5.0,0.0,1,1,1
1434,145,2,1,2,1,2,1,1,0,4.0,0.0,1,1,1
1435,145,3,1,1,1,2,1,0,0,5.0,0.0,1,1,1
1436,145,4,1,1,1,2,1,1,0,1.0,0.0,1,1,1
1437,145,5,1,1,1,2,0,1,0,7.0,0.0,1,1,1
1438,145,6,1,1,1,2,1,1,1,1.0,0.0,1,1,1
1439,145,7,1,2,1,2,0,1,0,4.0,0.0,1,1,1
1440,145,8,1,2,0,2,1,0,0,0.0,0.0,1,1,1
1441,145,9,1,2,0,2,0,0,0,2.0,0.0,1,1,0
1442,145,10,1,2,1,1,0,0,1,4.0,-1.0,1,0,0
1443,145,11,1,2,0,1,1,0,0,,-1.0,1,0,None
1444,146,0,1,1,1,3,0,0,0,0.0,0.0,1,1,1
1445,146,1,1,2,1,4,0,0,0,2.0,0.0,1,1,0
1446,146,2,1,2,1,4,0,0,1,0.0,-1.0,1,0,0
1447,146,3,2,2,1,4,0,0,0,,-1.0,1,0,None
1448,147,0,2,1,1,2,0,0,0,2.0,0.0,1,1,0
1449,147,1,2,1,1,1,0,0,1,0.0,-1.0,1,0,0
1450,147,2,2,2,1,1,0,0,0,,-1.0,1,0,None
1451,148,0,1,0,1,2,0,0,0,4.0,0.0,1,1,1
1452,148,1,1,0,1,1,1,0,0,4.0,0.0,1,1,1
1453,148,2,1,0,1,1,1,0,0,7.0,0.0,1,1,1
1454,148,3,1,1,1,1,1,1,1,5.0,0.0,1,1,1
1455,148,4,1,2,1,1,1,1,0,6.0,0.0,1,1,1
1456,148,5,1,2,1,1,1,0,1,5.0,0.0,1,1,1
1457,148,6,1,2,1,1,1,1,0,6.0,0.0,1,1,1
1458,148,7,1,1,1,1,1,0,1,4.0,0.0,1,1,1
1459,148,8,1,1,1,1,1,0,0,2.0,0.0,1,1,1
1460,148,9,1,1,1,1,0,0,1,1.0,0.0,1,1,1
1461,148,10,1,2,1,1,0,1,0,6.0,0.0,1,1,1
1462,148,11,1,1,1,1,1,0,1,7.0,0.0,1,1,1
1463,148,12,1,2,1,1,1,1,1,3.0,0.0,1,1,1
1464,148,13,1,2,1,1,0,1,1,6.0,0.0,1,1,1
1465,148,14,1,1,1,1,1,0,1,2.0,0.0,1,1,1
1466,148,15,1,1,1,1,0,0,1,1.0,0.0,1,1,1
1467,148,16,1,1,1,1,0,1,0,4.0,0.0,1,1,1
1468,148,17,1,1,1,1,1,0,0,6.0,0.0,1,1,1
1469,148,18,1,1,1,1,1,0,1,6.0,0.0,1,1,1
1470,148,19,1,1,1,1,1,0,1,6.0,0.0,1,1,1
1471,148,20,1,1,1,1,1,0,1,,0.0,1,1,None
1472,149,0,1,1,1,4,0,0,0,0.0,0.0,1,1,1
1473,149,1,2,1,1,4,0,0,0,0.0,0.0,1,1,0
1474,149,2,2,1,1,4,0,0,0,0.0,-1.0,1,0,0
1475,149,3,2,0,1,4,0,0,0,,-1.0,1,0,None
1476,150,0,1,1,0,2,0,0,0,4.0,0.0,1,1,1
1477,150,1,1,1,0,2,1,0,0,2.0,0.0,1,1,1
1478,150,2,1,1,1,2,0,0,1,3.0,0.0,1,1,1
1479,150,3,1,1,1,2,0,1,1,5.0,0.0,1,1,1
1480,150,4,1,2,1,2,1,1,0,3.0,0.0,1,1,1
1481,150,5,1,2,1,2,0,1,1,0.0,0.0,1,1,1
1482,150,6,1,2,0,2,0,0,0,4.0,0.0,1,1,1
1483,150,7,1,2,0,2,1,0,0,5.0,0.0,1,1,1
1484,150,8,1,2,0,2,1,1,0,6.0,0.0,1,1,1
1485,150,9,1,1,1,2,1,0,1,3.0,0.0,1,1,1
1486,150,10,1,2,1,2,0,1,1,1.0,0.0,1,1,1
1487,150,11,0,2,1,2,0,1,0,6.0,0.0,1,1,1
1488,150,12,0,2,1,2,1,0,1,4.0,0.0,1,1,1
1489,150,13,0,2,1,2,1,0,0,5.0,0.0,1,1,1
1490,150,14,0,2,1,2,1,1,0,2.0,0.0,1,1,1
1491,150,15,0,2,1,2,0,0,1,7.0,0.0,1,1,0
1492,150,16,0,2,1,2,1,1,1,4.0,-1.0,1,0,0
1493,150,17,0,2,1,1,1,0,0,,-1.0,1,0,None
1494,151,0,1,0,1,1,0,0,0,1.0,0.0,1,1,0
1495,151,1,2,1,1,1,0,1,0,1.0,-1.0,1,0,0
1496,151,2,2,2,1,1,0,1,0,,-1.0,1,0,None
1497,152,0,1,2,1,2,0,0,0,1.0,0.0,1,1,1
1498,152,1,1,2,1,2,0,1,0,7.0,0.0,1,1,1
1499,152,2,1,1,1,2,1,1,1,5.0,0.0,1,1,1
1500,152,3,1,2,0,2,1,1,0,6.0,0.0,1,1,1
1501,152,4,1,0,0,2,1,0,1,0.0,0.0,1,1,1
1502,152,5,1,0,0,2,0,0,0,1.0,0.0,1,1,1
1503,152,6,1,1,0,2,0,1,0,7.0,0.0,1,1,1
1504,152,7,1,1,1,2,1,1,1,6.0,0.0,1,1,1
1505,152,8,1,1,1,1,1,0,1,5.0,0.0,1,1,1
1506,152,9,1,2,1,1,1,1,0,1.0,0.0,1,1,1
1507,152,10,1,2,1,1,0,1,0,0.0,0.0,1,1,1
1508,152,11,1,2,1,1,0,0,0,6.0,0.0,1,1,1
1509,152,12,1,2,1,1,1,0,1,2.0,0.0,1,1,0
1510,152,13,1,2,1,1,0,0,1,0.0,-1.0,1,0,0
1511,152,14,0,2,1,1,0,0,0,,-1.0,1,0,None
1512,153,0,2,2,1,2,0,0,0,5.0,0.0,1,1,1
1513,153,1,1,2,1,2,1,1,0,1.0,0.0,1,1,1
1514,153,2,1,2,1,2,0,1,0,2.0,0.0,1,1,1
1515,153,3,0,2,1,2,0,0,1,7.0,0.0,1,1,0
1516,153,4,0,2,1,2,1,1,1,1.0,-1.0,1,0,0
1517,153,5,0,2,0,2,0,1,0,,-1.0,1,0,None
1518,154,0,1,2,1,2,0,0,0,7.0,0.0,1,1,1
1519,154,1,1,2,1,2,1,1,1,6.0,0.0,1,1,1
1520,154,2,1,2,1,2,1,0,1,3.0,0.0,1,1,1
1521,154,3,1,2,1,2,0,1,1,4.0,0.0,1,1,1
1522,154,4,1,1,1,2,1,0,0,7.0,0.0,1,1,0
1523,154,5,1,2,1,2,1,1,1,2.0,-1.0,1,0,0
1524,154,6,2,2,1,1,0,0,1,,-1.0,1,0,None
1525,155,0,1,0,1,2,0,0,0,1.0,0.0,1,1,1
1526,155,1,1,1,1,2,0,1,0,7.0,0.0,1,1,2
1527,155,2,1,1,1,2,1,1,1,0.0,1.0,1,2,2
1528,155,3,1,1,1,2,0,0,0,,1.0,1,2,None
1529,156,0,1,1,1,1,0,0,0,2.0,0.0,1,1,0
1530,156,1,1,1,1,1,0,0,1,1.0,-1.0,1,0,0
1531,156,2,1,2,0,1,0,1,0,,-1.0,1,0,None
1532,157,0,1,0,1,2,0,0,0,1.0,0.0,1,1,1
1533,157,1,2,1,1,2,0,1,0,0.0,0.0,1,1,1
1534,157,2,2,1,1,1,0,0,0,5.0,0.0,1,1,1
1535,157,3,1,2,1,1,1,1,0,7.0,0.0,1,1,1
1536,157,4,1,1,1,1,1,1,1,4.0,0.0,1,1,1
1537,157,5,1,1,1,1,1,0,0,7.0,0.0,1,1,1
1538,157,6,1,2,1,1,1,1,1,7.0,0.0,1,1,1
1539,157,7,1,2,1,1,1,1,1,0.0,0.0,1,1,0
1540,157,8,1,2,1,1,0,0,0,1.0,-1.0,1,0,0
1541,157,9,2,2,1,1,0,1,0,,-1.0,1,0,None
1542,158,0,1,2,1,2,0,0,0,2.0,0.0,1,1,1
1543,158,1,1,2,1,2,0,0,1,2.0,0.0,1,1,0
1544,158,2,1,2,1,2,0,0,1,0.0,-1.0,1,0,0
1545,158,3,2,2,0,2,0,0,0,,-1.0,1,0,None
1546,159,0,1,1,0,2,0,0,0,2.0,0.0,1,1,1
1547,159,1,1,1,0,1,0,0,1,4.0,0.0,1,1,1
1548,159,2,1,1,0,1,1,0,0,2.0,0.0,1,1,1
1549,159,3,1,2,1,1,0,0,1,1.0,0.0,1,1,1
1550,159,4,1,2,1,1,0,1,0,3.0,0.0,1,1,1
1551,159,5,1,2,1,1,0,1,1,5.0,0.0,1,1,1
1552,159,6,1,2,1,1,1,1,0,3.0,0.0,1,1,1
1553,159,7,1,2,1,1,0,1,1,7.0,0.0,1,1,1
1554,159,8,1,1,1,1,1,1,1,3.0,0.0,1,1,1
1555,159,9,1,2,1,1,0,1,1,4.0,0.0,1,1,1
1556,159,10,1,1,1,1,1,0,0,2.0,0.0,1,1,1
1557,159,11,1,2,1,1,0,0,1,7.0,0.0,1,1,1
1558,159,12,1,2,1,1,1,1,1,5.0,0.0,1,1,0
1559,159,13,1,2,1,1,1,1,0,0.0,-1.0,1,0,0
1560,159,14,1,2,0,0,0,0,0,,-1.0,1,0,None
1561,160,0,0,0,1,2,0,0,0,0.0,0.0,1,1,1
1562,160,1,0,0,1,2,0,0,0,2.0,0.0,1,1,1
1563,160,2,0,0,1,2,0,0,1,3.0,0.0,1,1,1
1564,160,3,0,0,1,2,0,1,1,2.0,0.0,1,1,1
1565,160,4,0,0,1,2,0,0,1,5.0,0.0,1,1,1
1566,160,5,0,1,1,2,1,1,0,7.0,0.0,1,1,1
1567,160,6,0,1,1,2,1,1,1,2.0,0.0,1,1,1
1568,160,7,0,2,1,2,0,0,1,6.0,0.0,1,1,1
1569,160,8,0,2,1,2,1,0,1,7.0,0.0,1,1,1
1570,160,9,0,2,1,2,1,1,1,3.0,0.0,1,1,0
1571,160,10,0,2,1,2,0,1,1,2.0,-1.0,1,0,0
1572,160,11,0,2,1,1,0,0,1,,-1.0,1,0,None
1573,161,0,1,0,0,2,0,0,0,5.0,0.0,1,1,1
1574,161,1,1,0,1,2,1,1,0,6.0,0.0,1,1,1
1575,161,2,1,0,1,2,1,0,1,0.0,0.0,1,1,1
1576,161,3,1,0,1,2,0,0,0,7.0,0.0,1,1,1
1577,161,4,1,1,1,2,1,1,1,1.0,0.0,1,1,0
1578,161,5,1,1,0,2,0,1,0,0.0,-1.0,1,0,0
1579,161,6,0,0,0,2,0,0,0,,-1.0,1,0,None
1580,162,0,2,1,1,1,0,0,0,4.0,0.0,1,1,1
1581,162,1,1,1,1,1,1,0,0,0.0,0.0,1,1,0
1582,162,2,2,1,1,1,0,0,0,3.0,-1.0,1,0,0
1583,162,3,2,2,1,1,0,1,1,,-1.0,1,0,None
1584,163,0,1,0,1,2,0,0,0,1.0,0.0,1,1,1
1585,163,1,1,1,1,2,0,1,0,3.0,0.0,1,1,1
1586,163,2,1,2,1,2,0,1,1,6.0,0.0,1,1,1
1587,163,3,1,1,1,2,1,0,1,3.0,0.0,1,1,1
1588,163,4,1,1,1,2,0,1,1,5.0,0.0,1,1,0
1589,163,5,1,2,1,2,1,1,0,2.0,-1.0,1,0,0
1590,163,6,2,2,1,1,0,0,1,,-1.0,1,0,None
1591,164,0,1,2,1,2,0,0,0,4.0,0.0,1,1,1
1592,164,1,1,1,1,1,1,0,0,7.0,0.0,1,1,1
1593,164,2,1,1,1,1,1,1,1,2.0,0.0,1,1,1
1594,164,3,1,0,1,1,0,0,1,3.0,0.0,1,1,1
1595,164,4,1,1,1,1,0,1,1,7.0,0.0,1,1,1
1596,164,5,1,1,1,1,1,1,1,7.0,0.0,1,1,1
1597,164,6,1,2,1,1,1,1,1,5.0,0.0,1,1,1
1598,164,7,1,2,1,1,1,1,0,1.0,0.0,1,1,1
1599,164,8,1,2,1,1,0,1,0,2.0,0.0,1,1,1
1600,164,9,1,2,1,1,0,0,1,4.0,0.0,1,1,1
1601,164,10,1,1,1,1,1,0,0,4.0,0.0,1,1,0
1602,164,11,1,1,1,1,1,0,0,0.0,-1.0,1,0,0
1603,164,12,2,2,1,1,0,0,0,,-1.0,1,0,None
1604,165,0,1,0,1,2,0,0,0,7.0,0.0,1,1,1
1605,165,1,1,1,1,2,1,1,1,6.0,0.0,1,1,1
1606,165,2,1,1,1,2,1,0,1,1.0,0.0,1,1,1
1607,165,3,1,2,1,2,0,1,0,4.0,0.0,1,1,1
1608,165,4,1,2,1,2,1,0,0,3.0,0.0,1,1,1
1609,165,5,2,2,1,2,0,1,1,6.0,0.0,1,1,1
1610,165,6,2,2,1,2,1,0,1,6.0,0.0,1,1,1
1611,165,7,2,1,1,2,1,0,1,6.0,0.0,1,1,1
1612,165,8,1,1,1,2,1,0,1,5.0,0.0,1,1,1
1613,165,9,1,1,1,2,1,1,0,1.0,0.0,1,1,1
1614,165,10,1,1,1,2,0,1,0,7.0,0.0,1,1,1
1615,165,11,1,1,1,2,1,1,1,5.0,0.0,1,1,1
1616,165,12,1,2,1,2,1,1,0,4.0,0.0,1,1,1
1617,165,13,1,0,1,1,1,0,0,1.0,0.0,1,1,1
1618,165,14,1,0,1,1,0,1,0,5.0,0.0,1,1,1
1619,165,15,1,1,1,1,1,1,0,0.0,0.0,1,1,1
1620,165,16,1,1,1,1,0,0,0,2.0,0.0,1,1,1
1621,165,17,1,1,1,1,0,0,1,6.0,0.0,1,1,1
1622,165,18,1,1,1,1,1,0,1,7.0,0.0,1,1,1
1623,165,19,1,2,1,1,1,1,1,7.0,0.0,1,1,1
1624,165,20,1,1,1,1,1,1,1,,0.0,1,1,None
1625,166,0,2,1,1,1,0,0,0,2.0,0.0,1,1,0
1626,166,1,2,1,1,1,0,0,1,5.0,-1.0,1,0,0
1627,166,2,2,2,1,1,1,1,0,,-1.0,1,0,None
1628,167,0,2,1,1,2,0,0,0,2.0,0.0,1,1,0
1629,167,1,2,1,1,2,0,0,1,3.0,-1.0,1,0,0
1630,167,2,2,2,1,3,0,1,1,,-1.0,1,0,None
1631,168,0,1,1,1,1,0,0,0,4.0,0.0,1,1,0
1632,168,1,1,1,1,1,1,0,0,1.0,-1.0,1,0,0
1633,168,2,1,2,0,1,0,1,0,,-1.0,1,0,None
1634,169,0,1,1,0,2,0,0,0,4.0,0.0,1,1,1
1635,169,1,1,1,1,2,1,0,0,7.0,0.0,1,1,1
1636,169,2,1,2,1,2,1,1,1,7.0,0.0,1,1,1
1637,169,3,1,2,1,2,1,1,1,4.0,0.0,1,1,1
1638,169,4,1,2,1,2,1,0,0,5.0,0.0,1,1,1
1639,169,5,1,2,1,2,1,1,0,3.0,0.0,1,1,1
1640,169,6,1,2,1,2,0,1,1,7.0,0.0,1,1,1
1641,169,7,1,2,1,2,1,1,1,2.0,0.0,1,1,1
1642,169,8,1,2,1,2,0,0,1,4.0,0.0,1,1,1
1643,169,9,1,2,1,2,1,0,0,5.0,0.0,1,1,1
1644,169,10,1,2,1,2,1,1,0,7.0,0.0,1,1,1
1645,169,11,1,2,1,2,1,1,1,3.0,0.0,1,1,1
1646,169,12,1,2,1,2,0,1,1,4.0,0.0,1,1,1
1647,169,13,1,1,1,2,1,0,0,5.0,0.0,1,1,1
1648,169,14,1,2,1,2,1,1,0,1.0,0.0,1,1,1
1649,169,15,2,2,1,2,0,1,0,4.0,0.0,1,1,1
1650,169,16,1,2,1,2,1,0,0,1.0,0.0,1,1,1
1651,169,17,1,2,1,2,0,1,0,0.0,0.0,1,1,1
1652,169,18,1,2,1,1,0,0,0,4.0,0.0,1,1,1
1653,169,19,1,1,1,0,1,0,0,1.0,0.0,1,1,1
1654,169,20,1,1,0,0,0,1,0,,0.0,1,1,None
1655,170,0,2,1,1,2,0,0,0,7.0,0.0,1,1,2
1656,170,1,1,1,1,2,1,1,1,0.0,1.0,1,2,2
1657,170,2,1,1,1,2,0,0,0,,1.0,1,2,None
1658,171,0,0,1,1,3,0,0,0,2.0,0.0,1,1,0
1659,171,1,0,1,1,3,0,0,1,3.0,-1.0,1,0,0
1660,171,2,0,2,1,3,0,1,1,,-1.0,1,0,None
1661,172,0,2,2,1,2,0,0,0,1.0,0.0,1,1,1
1662,172,1,2,2,1,2,0,1,0,4.0,0.0,1,1,1
1663,172,2,1,2,0,2,1,0,0,4.0,0.0,1,1,1
1664,172,3,1,2,0,2,1,0,0,7.0,0.0,1,1,1
1665,172,4,1,2,0,2,1,1,1,1.0,0.0,1,1,1
1666,172,5,1,2,0,2,0,1,0,7.0,0.0,1,1,0
1667,172,6,1,2,1,2,1,1,1,0.0,-1.0,1,0,0
1668,172,7,2,2,1,1,0,0,0,,-1.0,1,0,None
1669,173,0,2,1,1,1,0,0,0,6.0,0.0,1,1,0
1670,173,1,2,1,1,1,1,0,1,3.0,-1.0,1,0,0
1671,173,2,2,2,1,1,0,1,1,,-1.0,1,0,None
1672,174,0,1,0,1,3,0,0,0,3.0,0.0,1,1,1
1673,174,1,1,1,1,4,0,1,1,6.0,0.0,1,1,1
1674,174,2,1,1,1,4,1,0,1,1.0,0.0,1,1,1
1675,174,3,1,2,1,4,0,1,0,1.0,0.0,1,1,1
1676,174,4,1,2,1,4,0,1,0,2.0,0.0,1,1,1
1677,174,5,1,2,1,3,0,0,1,6.0,0.0,1,1,1
1678,174,6,1,2,1,4,1,0,1,7.0,0.0,1,1,0
1679,174,7,1,2,1,4,1,1,1,0.0,-1.0,1,0,0
1680,174,8,2,2,1,4,0,0,0,,-1.0,1,0,None
1681,175,0,0,0,1,2,0,0,0,0.0,0.0,1,1,1
1682,175,1,1,0,1,2,0,0,0,6.0,0.0,1,1,1
1683,175,2,1,0,1,2,1,0,1,5.0,0.0,1,1,1
1684,175,3,1,0,1,2,1,1,0,0.0,0.0,1,1,1
1685,175,4,1,0,1,2,0,0,0,2.0,0.0,1,1,1
1686,175,5,1,1,1,2,0,0,1,4.0,0.0,1,1,1
1687,175,6,1,1,1,2,1,0,0,3.0,0.0,1,1,1
1688,175,7,2,2,1,2,0,1,1,1.0,0.0,1,1,1
1689,175,8,2,2,1,2,0,1,0,2.0,0.0,1,1,1
1690,175,9,2,1,1,2,0,0,1,4.0,0.0,1,1,1
1691,175,10,1,1,1,1,1,0,0,1.0,0.0,1,1,0
1692,175,11,1,1,1,1,0,1,0,3.0,-1.0,1,0,0
1693,175,12,0,2,1,1,0,1,1,,-1.0,1,0,None
1694,176,0,0,1,1,3,0,0,0,4.0,0.0,1,1,1
1695,176,1,0,1,1,3,1,0,0,3.0,0.0,1,1,0
1696,176,2,0,1,1,3,0,1,1,5.0,-1.0,1,0,0
1697,176,3,0,2,1,3,1,1,0,,-1.0,1,0,None
1698,177,0,1,1,0,4,0,0,0,7.0,0.0,1,1,1
1699,177,1,1,2,1,4,1,1,1,0.0,0.0,1,1,1
1700,177,2,1,2,1,4,0,0,0,5.0,0.0,1,1,1
1701,177,3,1,2,1,4,1,1,0,0.0,0.0,1,1,1
1702,177,4,1,2,1,3,0,0,0,7.0,0.0,1,1,1
1703,177,5,1,1,1,3,1,1,1,4.0,0.0,1,1,1
1704,177,6,1,0,1,3,1,0,0,5.0,0.0,1,1,1
1705,177,7,1,1,1,3,1,1,0,7.0,0.0,1,1,1
1706,177,8,1,2,1,3,1,1,1,7.0,0.0,1,1,0
1707,177,9,1,2,1,3,1,1,1,3.0,-1.0,1,0,0
1708,177,10,2,2,1,3,0,1,1,,-1.0,1,0,None
1709,178,0,1,2,1,2,0,0,0,5.0,0.0,1,1,1
1710,178,1,1,2,1,2,1,1,0,1.0,0.0,1,1,1
1711,178,2,1,2,1,2,0,1,0,5.0,0.0,1,1,1
1712,178,3,1,2,1,2,1,1,0,0.0,0.0,1,1,1
1713,178,4,2,1,1,2,0,0,0,0.0,0.0,1,1,1
1714,178,5,2,1,1,2,0,0,0,7.0,0.0,1,1,2
1715,178,6,1,2,1,2,1,1,1,0.0,1.0,1,2,2
1716,178,7,1,1,1,2,0,0,0,,1.0,1,2,None
1717,179,0,0,0,1,2,0,0,0,2.0,0.0,1,1,0
1718,179,1,0,0,1,2,0,0,1,2.0,-1.0,1,0,0
1719,179,2,0,0,1,1,0,0,1,,-1.0,1,0,None
1720,180,0,2,2,1,2,0,0,0,5.0,0.0,1,1,1
1721,180,1,1,2,1,2,1,1,0,3.0,0.0,1,1,1
1722,180,2,1,2,1,2,0,1,1,4.0,0.0,1,1,0
1723,180,3,1,2,1,1,1,0,0,1.0,-1.0,1,0,0
1724,180,4,1,2,0,1,0,1,0,,-1.0,1,0,None
1725,181,0,1,2,1,2,0,0,0,6.0,0.0,1,1,1
1726,181,1,1,1,1,2,1,0,1,5.0,0.0,1,1,1
1727,181,2,1,2,1,2,1,1,0,4.0,0.0,1,1,1
1728,181,3,1,2,1,2,1,0,0,3.0,0.0,1,1,1
1729,181,4,1,2,1,2,0,1,1,1.0,0.0,1,1,1
1730,181,5,1,2,1,2,0,1,0,5.0,0.0,1,1,1
1731,181,6,1,2,1,2,1,1,0,6.0,0.0,1,1,1
1732,181,7,1,1,1,2,1,0,1,4.0,0.0,1,1,1
1733,181,8,1,1,1,2,1,0,0,5.0,0.0,1,1,1
1734,181,9,1,2,1,2,1,1,0,7.0,0.0,1,1,1
1735,181,10,1,2,1,2,1,1,1,6.0,0.0,1,1,1
1736,181,11,1,2,1,2,1,0,1,5.0,0.0,1,1,1
1737,181,12,1,2,1,2,1,1,0,1.0,0.0,1,1,1
1738,181,13,1,2,1,2,0,1,0,4.0,0.0,1,1,1
1739,181,14,1,2,1,2,1,0,0,3.0,0.0,1,1,1
1740,181,15,1,2,1,2,0,1,1,0.0,0.0,1,1,1
1741,181,16,1,2,1,2,0,0,0,1.0,0.0,1,1,1
1742,181,17,1,2,1,2,0,1,0,0.0,0.0,1,1,1
1743,181,18,1,2,0,2,0,0,0,5.0,0.0,1,1,1
1744,181,19,1,2,0,2,1,1,0,3.0,0.0,1,1,1
1745,181,20,1,2,0,2,0,1,1,,0.0,1,1,None
1746,182,0,1,1,1,1,0,0,0,5.0,0.0,1,1,1
1747,182,1,1,2,1,1,1,1,0,5.0,0.0,1,1,1
1748,182,2,1,2,1,1,1,1,0,7.0,0.0,1,1,1
1749,182,3,1,2,1,1,1,1,1,5.0,0.0,1,1,1
1750,182,4,1,1,1,1,1,1,0,0.0,0.0,1,1,1
1751,182,5,1,1,1,0,0,0,0,7.0,0.0,1,1,1
1752,182,6,1,1,1,0,1,1,1,7.0,0.0,1,1,1
1753,182,7,1,2,1,0,1,1,1,5.0,0.0,1,1,1
1754,182,8,1,2,1,0,1,1,0,3.0,0.0,1,1,1
1755,182,9,1,2,1,0,0,1,1,2.0,0.0,1,1,1
1756,182,10,1,2,1,0,0,0,1,2.0,0.0,1,1,1
1757,182,11,1,2,1,0,0,0,1,2.0,0.0,1,1,1
1758,182,12,1,2,1,0,0,0,1,4.0,0.0,1,1,1
1759,182,13,1,2,1,1,1,0,0,3.0,0.0,1,1,1
1760,182,14,1,2,1,1,0,1,1,2.0,0.0,1,1,1
1761,182,15,1,2,1,1,0,0,1,6.0,0.0,1,1,1
1762,182,16,1,2,1,1,1,0,1,5.0,0.0,1,1,1
1763,182,17,1,2,1,1,1,1,0,3.0,0.0,1,1,1
1764,182,18,1,2,1,1,0,1,1,4.0,0.0,1,1,1
1765,182,19,1,1,1,1,1,0,0,2.0,0.0,1,1,1
1766,182,20,2,1,1,1,0,0,1,,0.0,1,1,None
1767,183,0,2,0,1,2,0,0,0,3.0,0.0,1,1,1
1768,183,1,2,0,1,2,0,1,1,2.0,0.0,1,1,1
1769,183,2,1,0,1,2,0,0,1,1.0,0.0,1,1,1
1770,183,3,1,1,1,2,0,1,0,2.0,0.0,1,1,1
1771,183,4,1,1,1,2,0,0,1,3.0,0.0,1,1,1
1772,183,5,1,2,1,2,0,1,1,0.0,0.0,1,1,1
1773,183,6,1,2,1,2,0,0,0,3.0,0.0,1,1,2
1774,183,7,1,2,1,2,0,1,1,0.0,1.0,1,2,2
1775,183,8,1,1,1,2,0,0,0,,1.0,1,2,None
1776,184,0,1,0,1,2,0,0,0,6.0,0.0,1,1,1
1777,184,1,1,0,1,3,1,0,1,0.0,0.0,1,1,1
1778,184,2,1,0,1,4,0,0,0,5.0,0.0,1,1,1
1779,184,3,1,2,1,4,1,1,0,5.0,0.0,1,1,1
1780,184,4,1,2,1,4,1,1,0,0.0,0.0,1,1,1
1781,184,5,1,2,1,4,0,0,0,6.0,0.0,1,1,1
1782,184,6,1,1,1,4,1,0,1,2.0,0.0,1,1,1
1783,184,7,1,1,1,4,0,0,1,2.0,0.0,1,1,0
1784,184,8,1,1,1,3,0,0,1,1.0,-1.0,1,0,0
1785,184,9,2,2,1,3,0,1,0,,-1.0,1,0,None
1786,185,0,1,1,1,1,0,0,0,5.0,-1.0,1,0,0
1787,185,1,1,2,0,1,1,1,0,,-1.0,1,0,None
1788,186,0,1,1,0,1,0,0,0,5.0,-1.0,1,0,0
1789,186,1,1,2,0,1,1,1,0,,-1.0,1,0,None
1790,187,0,0,1,0,2,0,0,0,7.0,-1.0,1,0,0
1791,187,1,0,2,0,2,1,1,1,,-1.0,1,0,None
1792,188,0,1,0,1,3,0,0,0,7.0,0.0,1,1,1
1793,188,1,1,1,1,4,1,1,1,6.0,0.0,1,1,1
1794,188,2,1,1,1,4,1,0,1,2.0,0.0,1,1,1
1795,188,3,1,1,1,4,0,0,1,1.0,0.0,1,1,1
1796,188,4,1,2,1,4,0,1,0,5.0,0.0,1,1,0
1797,188,5,1,2,1,4,1,1,0,1.0,-1.0,1,0,0
1798,188,6,2,2,1,4,0,1,0,,-1.0,1,0,None
1799,189,0,1,1,1,3,0,0,0,5.0,0.0,1,1,0
1800,189,1,1,2,1,3,1,1,0,3.0,-1.0,1,0,0
1801,189,2,2,2,1,4,0,1,1,,-1.0,1,0,None
1802,190,0,2,1,1,2,0,0,0,5.0,0.0,1,1,1
1803,190,1,2,2,1,2,1,1,0,3.0,0.0,1,1,0
1804,190,2,2,2,1,2,0,1,1,0.0,-1.0,1,0,0
1805,190,3,2,2,0,2,0,0,0,,-1.0,1,0,None
1806,191,0,2,0,1,2,0,0,0,4.0,0.0,1,1,1
1807,191,1,1,0,1,1,1,0,0,0.0,0.0,1,1,1
1808,191,2,1,0,1,1,0,0,0,5.0,0.0,1,1,1
1809,191,3,1,0,1,1,1,1,0,2.0,0.0,1,1,0
1810,191,4,1,0,1,1,0,0,1,2.0,-1.0,1,0,0
1811,191,5,2,0,1,1,0,0,1,,-1.0,1,0,None
1812,192,0,1,2,1,2,0,0,0,1.0,0.0,1,1,1
1813,192,1,0,2,1,2,0,1,0,1.0,0.0,1,1,1
1814,192,2,0,2,1,2,0,1,0,7.0,0.0,1,1,1
1815,192,3,0,2,1,2,1,1,1,4.0,0.0,1,1,1
1816,192,4,0,2,1,2,1,0,0,1.0,0.0,1,1,0
1817,192,5,0,2,1,2,0,1,0,2.0,-1.0,1,0,0
1818,192,6,0,2,1,1,0,0,1,,-1.0,1,0,None
1819,193,0,0,2,1,2,0,0,0,5.0,0.0,1,1,1
1820,193,1,0,2,1,2,1,1,0,6.0,0.0,1,1,1
1821,193,2,0,2,1,2,1,0,1,5.0,0.0,1,1,0
1822,193,3,0,2,1,2,1,1,0,0.0,-1.0,1,0,0
1823,193,4,0,2,1,1,0,0,0,,-1.0,1,0,None
1824,194,0,2,2,1,2,0,0,0,5.0,0.0,1,1,1
1825,194,1,1,2,1,2,1,1,0,5.0,0.0,1,1,1
1826,194,2,1,2,1,2,1,1,0,1.0,0.0,1,1,1
1827,194,3,1,2,1,2,0,1,0,0.0,0.0,1,1,1
1828,194,4,1,2,1,2,0,0,0,3.0,0.0,1,1,1
1829,194,5,1,2,1,2,0,1,1,4.0,0.0,1,1,1
1830,194,6,1,1,1,2,1,0,0,4.0,0.0,1,1,1
1831,194,7,1,1,0,1,1,0,0,2.0,0.0,1,1,1
1832,194,8,1,1,1,1,0,0,1,7.0,0.0,1,1,1
1833,194,9,1,2,1,1,1,1,1,4.0,0.0,1,1,1
1834,194,10,1,0,1,1,1,0,0,3.0,0.0,1,1,1
1835,194,11,1,0,1,1,0,1,1,7.0,0.0,1,1,1
1836,194,12,1,0,1,1,1,1,1,3.0,0.0,1,1,1
1837,194,13,1,1,1,1,0,1,1,5.0,0.0,1,1,1
1838,194,14,1,2,1,1,1,1,0,3.0,0.0,1,1,1
1839,194,15,1,2,1,1,0,1,1,1.0,0.0,1,1,1
1840,194,16,1,2,1,1,0,1,0,1.0,0.0,1,1,1
1841,194,17,1,2,1,1,0,1,0,4.0,0.0,1,1,1
1842,194,18,1,1,0,1,1,0,0,4.0,0.0,1,1,1
1843,194,19,1,1,0,1,1,0,0,0.0,0.0,1,1,1
1844,194,20,1,1,0,1,0,0,0,,0.0,1,1,None
1845,195,0,0,1,1,2,0,0,0,2.0,0.0,1,1,1
1846,195,1,0,1,1,2,0,0,1,5.0,0.0,1,1,1
1847,195,2,0,2,1,2,1,1,0,1.0,0.0,1,1,1
1848,195,3,0,2,1,2,0,1,0,2.0,0.0,1,1,1
1849,195,4,0,2,1,2,0,0,1,0.0,0.0,1,1,1
1850,195,5,0,2,1,2,0,0,0,7.0,0.0,1,1,1
1851,195,6,0,2,1,2,1,1,1,3.0,0.0,1,1,1
1852,195,7,0,2,1,2,0,1,1,5.0,0.0,1,1,1
1853,195,8,0,2,1,2,1,1,0,1.0,0.0,1,1,1
1854,195,9,0,2,1,2,0,1,0,7.0,0.0,1,1,1
1855,195,10,0,2,1,2,1,1,1,7.0,0.0,1,1,1
1856,195,11,0,2,1,2,1,1,1,1.0,0.0,1,1,1
1857,195,12,0,2,1,2,0,1,0,2.0,0.0,1,1,1
1858,195,13,0,2,1,2,0,0,1,2.0,0.0,1,1,1
1859,195,14,0,2,1,2,0,0,1,1.0,0.0,1,1,1
1860,195,15,0,2,1,2,0,1,0,5.0,0.0,1,1,1
1861,195,16,0,1,1,2,1,1,0,4.0,0.0,1,1,1
1862,195,17,0,1,1,2,1,0,0,7.0,0.0,1,1,1
1863,195,18,0,1,1,2,1,1,1,0.0,0.0,1,1,1
1864,195,19,0,2,1,2,0,0,0,1.0,0.0,1,1,1
1865,195,20,0,2,1,2,0,1,0,,0.0,1,1,None
1866,196,0,1,2,1,3,0,0,0,1.0,0.0,1,1,1
1867,196,1,1,2,1,3,0,1,0,6.0,0.0,1,1,1
1868,196,2,1,2,1,2,1,0,1,7.0,0.0,1,1,1
1869,196,3,1,2,1,2,1,1,1,7.0,0.0,1,1,1
1870,196,4,1,2,1,2,1,1,1,7.0,0.0,1,1,1
1871,196,5,1,2,1,2,1,1,1,3.0,0.0,1,1,1
1872,196,6,1,2,1,2,0,1,1,6.0,0.0,1,1,1
1873,196,7,1,1,1,2,1,0,1,6.0,0.0,1,1,1
1874,196,8,1,1,1,1,1,0,1,0.0,0.0,1,1,1
1875,196,9,1,1,1,0,0,0,0,5.0,0.0,1,1,0
1876,196,10,1,1,1,0,1,1,0,1.0,-1.0,1,0,0
1877,196,11,1,2,0,0,0,1,0,,-1.0,1,0,None
1878,197,0,0,0,1,2,0,0,0,7.0,0.0,1,1,0
1879,197,1,0,1,1,2,1,1,1,5.0,-1.0,1,0,0
1880,197,2,0,2,0,2,1,1,0,,-1.0,1,0,None
1881,198,0,0,1,1,2,0,0,0,7.0,0.0,1,1,1
1882,198,1,0,1,1,2,1,1,1,3.0,0.0,1,1,1
1883,198,2,0,2,1,2,0,1,1,4.0,0.0,1,1,1
1884,198,3,0,1,1,2,1,0,0,4.0,0.0,1,1,0
1885,198,4,0,1,1,1,1,0,0,3.0,-1.0,1,0,0
1886,198,5,0,2,1,1,0,1,1,,-1.0,1,0,None
1887,199,0,0,0,1,2,0,0,0,4.0,0.0,1,1,0
1888,199,1,0,0,1,2,1,0,0,2.0,-1.0,1,0,0
1889,199,2,0,0,1,1,0,0,1,,-1.0,1,0,None
1890,200,0,2,1,1,2,0,0,0,5.0,0.0,1,1,1
1891,200,1,1,2,1,2,1,1,0,0.0,0.0,1,1,1
1892,200,2,1,2,1,1,0,0,0,4.0,0.0,1,1,0
1893,200,3,1,1,1,1,1,0,0,5.0,-1.0,1,0,0
1894,200,4,1,2,0,1,1,1,0,,-1.0,1,0,None
1895,201,0,1,1,1,1,0,0,0,2.0,0.0,1,1,1
1896,201,1,1,0,1,1,0,0,1,3.0,0.0,1,1,1
1897,201,2,1,1,1,1,0,1,1,4.0,0.0,1,1,1
1898,201,3,1,0,1,1,1,0,0,1.0,0.0,1,1,1
1899,201,4,1,0,1,1,0,1,0,1.0,0.0,1,1,1
1900,201,5,1,1,1,1,0,1,0,5.0,0.0,1,1,1
1901,201,6,1,2,1,1,1,1,0,2.0,0.0,1,1,1
1902,201,7,1,2,1,1,0,0,1,4.0,0.0,1,1,1
1903,201,8,1,1,1,1,1,0,0,0.0,0.0,1,1,1
1904,201,9,1,1,1,0,0,0,0,7.0,0.0,1,1,1
1905,201,10,1,2,1,0,1,1,1,7.0,0.0,1,1,1
1906,201,11,1,2,1,0,1,1,1,5.0,0.0,1,1,1
1907,201,12,1,2,1,0,1,1,0,4.0,0.0,1,1,1
1908,201,13,1,1,1,0,1,0,0,2.0,0.0,1,1,1
1909,201,14,1,1,1,0,0,0,1,5.0,0.0,1,1,1
1910,201,15,1,2,1,0,1,1,0,1.0,0.0,1,1,0
1911,201,16,1,2,1,0,0,1,0,1.0,-1.0,1,0,0
1912,201,17,0,2,1,0,0,1,0,,-1.0,1,0,None
1913,202,0,0,2,1,2,0,0,0,2.0,0.0,1,1,1
1914,202,1,0,2,1,2,0,0,1,2.0,0.0,1,1,1
1915,202,2,0,1,1,2,0,0,1,2.0,0.0,1,1,1
1916,202,3,0,0,1,2,0,0,1,0.0,0.0,1,1,1
1917,202,4,0,0,1,2,0,0,0,1.0,0.0,1,1,1
1918,202,5,0,1,1,2,0,1,0,2.0,0.0,1,1,1
1919,202,6,0,1,1,2,0,0,1,3.0,0.0,1,1,0
1920,202,7,0,2,1,2,0,1,1,0.0,-1.0,1,0,0
1921,202,8,0,2,1,1,0,0,0,,-1.0,1,0,None
1922,203,0,0,2,1,2,0,0,0,5.0,0.0,1,1,1
1923,203,1,0,2,1,2,1,1,0,7.0,0.0,1,1,1
1924,203,2,0,1,1,2,1,1,1,6.0,0.0,1,1,1
1925,203,3,0,1,1,2,1,0,1,6.0,0.0,1,1,0
1926,203,4,0,1,1,2,1,0,1,1.0,-1.0,1,0,0
1927,203,5,0,2,0,2,0,1,0,,-1.0,1,0,None
1928,204,0,1,1,1,4,0,0,0,4.0,0.0,1,1,1
1929,204,1,1,1,1,4,1,0,0,5.0,0.0,1,1,1
1930,204,2,1,1,1,4,1,1,0,1.0,0.0,1,1,1
1931,204,3,1,2,1,4,0,1,0,6.0,0.0,1,1,1
1932,204,4,1,1,1,4,1,0,1,7.0,0.0,1,1,1
1933,204,5,1,2,1,4,1,1,1,4.0,0.0,1,1,1
1934,204,6,1,2,1,4,1,0,0,4.0,0.0,1,1,1
1935,204,7,1,1,1,4,1,0,0,1.0,0.0,1,1,1
1936,204,8,1,2,1,4,0,1,0,7.0,0.0,1,1,1
1937,204,9,1,2,1,4,1,1,1,4.0,0.0,1,1,1
1938,204,10,1,2,1,4,1,0,0,0.0,0.0,1,1,1
1939,204,11,1,2,1,4,0,0,0,6.0,0.0,1,1,1
1940,204,12,1,1,1,3,1,0,1,6.0,0.0,1,1,1
1941,204,13,1,1,1,2,1,0,1,2.0,0.0,1,1,1
1942,204,14,1,1,1,2,0,0,1,1.0,0.0,1,1,1
1943,204,15,1,2,1,3,0,1,0,2.0,0.0,1,1,1
1944,204,16,1,2,1,2,0,0,1,1.0,0.0,1,1,1
1945,204,17,1,2,0,2,0,1,0,3.0,0.0,1,1,0
1946,204,18,1,2,0,2,0,1,1,0.0,-1.0,1,0,0
1947,204,19,0,2,0,2,0,0,0,,-1.0,1,0,None
1948,205,0,2,1,0,2,0,0,0,1.0,0.0,1,1,1
1949,205,1,1,2,0,2,0,1,0,0.0,0.0,1,1,1
1950,205,2,1,2,0,2,0,0,0,3.0,0.0,1,1,1
1951,205,3,1,2,1,2,0,1,1,6.0,0.0,1,1,1
1952,205,4,1,2,1,2,1,0,1,5.0,0.0,1,1,1
1953,205,5,1,2,1,2,1,1,0,6.0,0.0,1,1,1
1954,205,6,1,1,1,2,1,0,1,1.0,0.0,1,1,1
1955,205,7,1,2,1,2,0,1,0,5.0,0.0,1,1,1
1956,205,8,1,2,1,2,1,1,0,6.0,0.0,1,1,1
1957,205,9,1,2,1,2,1,0,1,3.0,0.0,1,1,1
1958,205,10,2,2,1,2,0,1,1,6.0,0.0,1,1,1
1959,205,11,2,2,1,2,1,0,1,5.0,0.0,1,1,1
1960,205,12,1,2,1,2,1,1,0,4.0,0.0,1,1,1
1961,205,13,1,1,1,2,1,0,0,4.0,0.0,1,1,1
1962,205,14,1,1,1,2,1,0,0,4.0,0.0,1,1,1
1963,205,15,1,1,1,2,1,0,0,3.0,0.0,1,1,1
1964,205,16,1,1,1,2,0,1,1,4.0,0.0,1,1,1
1965,205,17,1,1,1,2,1,0,0,5.0,0.0,1,1,1
1966,205,18,1,2,0,2,1,1,0,2.0,0.0,1,1,1
1967,205,19,1,2,1,2,0,0,1,0.0,0.0,1,1,1
1968,205,20,1,2,1,2,0,0,0,,0.0,1,1,None
1969,206,0,1,2,1,2,0,0,0,3.0,0.0,1,1,1
1970,206,1,1,2,1,2,0,1,1,7.0,0.0,1,1,1
1971,206,2,1,2,1,2,1,1,1,7.0,0.0,1,1,1
1972,206,3,1,2,1,2,1,1,1,4.0,0.0,1,1,1
1973,206,4,1,2,1,2,1,0,0,3.0,0.0,1,1,1
1974,206,5,1,2,1,2,0,1,1,7.0,0.0,1,1,1
1975,206,6,1,2,1,2,1,1,1,2.0,0.0,1,1,1
1976,206,7,1,2,1,2,0,0,1,4.0,0.0,1,1,1
1977,206,8,1,2,1,2,1,0,0,1.0,0.0,1,1,1
1978,206,9,1,2,0,2,0,1,0,4.0,0.0,1,1,1
1979,206,10,1,2,1,2,1,0,0,1.0,0.0,1,1,1
1980,206,11,1,2,1,2,0,1,0,1.0,0.0,1,1,1
1981,206,12,1,2,1,2,0,1,0,1.0,0.0,1,1,1
1982,206,13,0,2,1,2,0,1,0,3.0,0.0,1,1,1
1983,206,14,0,2,1,2,0,1,1,2.0,0.0,1,1,1
1984,206,15,0,1,1,2,0,0,1,5.0,0.0,1,1,1
1985,206,16,0,1,1,2,1,1,0,4.0,0.0,1,1,1
1986,206,17,0,1,1,2,1,0,0,2.0,0.0,1,1,1
1987,206,18,0,1,1,2,0,0,1,3.0,0.0,1,1,1
1988,206,19,0,2,1,2,0,1,1,7.0,0.0,1,1,1
1989,206,20,0,2,1,2,1,1,1,,0.0,1,1,None
1990,207,0,1,0,1,2,0,0,0,3.0,0.0,1,1,1
1991,207,1,2,1,1,2,0,1,1,6.0,0.0,1,1,1
1992,207,2,1,1,1,2,1,0,1,2.0,0.0,1,1,1
1993,207,3,1,1,1,2,0,0,1,6.0,0.0,1,1,1
1994,207,4,1,1,1,2,1,0,1,2.0,0.0,1,1,1
1995,207,5,1,1,1,1,0,0,1,5.0,0.0,1,1,0
1996,207,6,1,1,1,1,1,1,0,1.0,-1.0,1,0,0
1997,207,7,2,2,1,1,0,1,0,,-1.0,1,0,None
1998,208,0,1,1,1,3,0,0,0,0.0,-1.0,1,0,0
1999,208,1,2,2,1,3,0,0,0,,-1.0,1,0,None
2000,209,0,1,2,1,3,0,0,0,6.0,0.0,1,1,1
2001,209,1,1,2,1,3,1,0,1,3.0,0.0,1,1,1
2002,209,2,1,2,1,3,0,1,1,2.0,0.0,1,1,1
2003,209,3,1,2,1,3,0,0,1,4.0,0.0,1,1,1
2004,209,4,1,2,0,2,1,0,0,2.0,0.0,1,1,1
2005,209,5,1,2,0,2,0,0,1,1.0,0.0,1,1,1
2006,209,6,1,2,0,2,0,1,0,0.0,0.0,1,1,1
2007,209,7,2,2,1,2,0,0,0,2.0,0.0,1,1,1
2008,209,8,2,2,1,2,0,0,1,3.0,0.0,1,1,1
2009,209,9,2,2,1,2,0,1,1,1.0,0.0,1,1,1
2010,209,10,2,2,1,2,0,1,0,6.0,0.0,1,1,1
2011,209,11,2,2,1,2,1,0,1,1.0,0.0,1,1,1
2012,209,12,2,2,1,2,0,1,0,2.0,0.0,1,1,1
2013,209,13,2,2,1,2,0,0,1,6.0,0.0,1,1,1
2014,209,14,2,2,1,2,1,0,1,3.0,0.0,1,1,1
2015,209,15,2,2,1,2,0,1,1,0.0,0.0,1,1,1
2016,209,16,2,2,1,2,0,0,0,2.0,0.0,1,1,1
2017,209,17,2,2,1,2,0,0,1,5.0,0.0,1,1,1
2018,209,18,1,2,1,2,1,1,0,7.0,0.0,1,1,1
2019,209,19,1,2,1,2,1,1,1,4.0,0.0,1,1,1
2020,209,20,1,2,1,1,1,0,0,,0.0,1,1,None
2021,210,0,1,2,1,3,0,0,0,5.0,0.0,1,1,1
2022,210,1,1,2,1,3,1,1,0,0.0,0.0,1,1,1
2023,210,2,1,2,1,2,0,0,0,6.0,0.0,1,1,1
2024,210,3,1,2,1,2,1,0,1,3.0,0.0,1,1,0
2025,210,4,1,2,1,3,0,1,1,0.0,-1.0,1,0,0
2026,210,5,0,2,1,4,0,0,0,,-1.0,1,0,None
2027,211,0,2,1,1,4,0,0,0,7.0,-1.0,1,0,0
2028,211,1,2,2,1,4,1,1,1,,-1.0,1,0,None
2029,212,0,1,2,1,2,0,0,0,3.0,0.0,1,1,1
2030,212,1,1,2,1,2,0,1,1,0.0,0.0,1,1,1
2031,212,2,1,2,1,2,0,0,0,3.0,0.0,1,1,1
2032,212,3,1,2,1,2,0,1,1,5.0,0.0,1,1,1
2033,212,4,1,2,1,2,1,1,0,5.0,0.0,1,1,1
2034,212,5,1,2,1,2,1,1,0,6.0,0.0,1,1,1
2035,212,6,1,2,1,2,1,0,1,4.0,0.0,1,1,1
2036,212,7,1,2,1,2,1,0,0,5.0,0.0,1,1,1
2037,212,8,1,2,1,2,1,1,0,1.0,0.0,1,1,1
2038,212,9,1,2,1,2,0,1,0,4.0,0.0,1,1,1
2039,212,10,1,1,1,2,1,0,0,3.0,0.0,1,1,1
2040,212,11,1,2,1,2,0,1,1,4.0,0.0,1,1,1
2041,212,12,1,1,1,2,1,0,0,6.0,0.0,1,1,1
2042,212,13,1,1,1,1,1,0,1,0.0,0.0,1,1,1
2043,212,14,1,1,1,1,0,0,0,3.0,0.0,1,1,1
2044,212,15,2,1,1,1,0,1,1,3.0,0.0,1,1,0
2045,212,16,2,1,1,1,0,1,1,5.0,-1.0,1,0,0
2046,212,17,2,2,1,1,1,1,0,,-1.0,1,0,None
2047,213,0,1,2,0,2,0,0,0,4.0,-1.0,1,0,0
2048,213,1,1,2,0,1,1,0,0,,-1.0,1,0,None
2049,214,0,1,0,1,3,0,0,0,7.0,0.0,1,1,1
2050,214,1,1,1,1,3,1,1,1,7.0,0.0,1,1,1
2051,214,2,1,2,1,3,1,1,1,1.0,0.0,1,1,1
2052,214,3,1,2,1,3,0,1,0,6.0,0.0,1,1,1
2053,214,4,1,1,1,3,1,0,1,6.0,0.0,1,1,0
2054,214,5,1,1,1,1,1,0,1,1.0,-1.0,1,0,0
2055,214,6,2,2,1,1,0,1,0,,-1.0,1,0,None
2056,215,0,2,1,1,2,0,0,0,5.0,0.0,1,1,1
2057,215,1,1,2,1,2,1,1,0,3.0,0.0,1,1,1
2058,215,2,1,2,1,2,0,1,1,1.0,0.0,1,1,1
2059,215,3,1,2,1,2,0,1,0,7.0,0.0,1,1,1
2060,215,4,1,2,1,2,1,1,1,7.0,0.0,1,1,1
2061,215,5,1,1,1,2,1,1,1,3.0,0.0,1,1,1
2062,215,6,1,2,1,2,0,1,1,7.0,0.0,1,1,1
2063,215,7,1,2,1,2,1,1,1,7.0,0.0,1,1,1
2064,215,8,1,2,1,2,1,1,1,4.0,0.0,1,1,1
2065,215,9,1,2,1,2,1,0,0,0.0,0.0,1,1,1
2066,215,10,1,2,1,2,0,0,0,5.0,0.0,1,1,1
2067,215,11,1,2,1,2,1,1,0,1.0,0.0,1,1,1
2068,215,12,1,2,1,2,0,1,0,6.0,0.0,1,1,1
2069,215,13,1,1,1,1,1,0,1,7.0,0.0,1,1,1
2070,215,14,1,1,1,1,1,1,1,2.0,0.0,1,1,1
2071,215,15,1,1,1,1,0,0,1,5.0,0.0,1,1,1
2072,215,16,1,2,1,1,1,1,0,6.0,0.0,1,1,1
2073,215,17,1,2,1,1,1,0,1,3.0,0.0,1,1,1
2074,215,18,1,2,1,1,0,1,1,1.0,0.0,1,1,1
2075,215,19,1,2,1,1,0,1,0,3.0,0.0,1,1,1
2076,215,20,1,2,1,1,0,1,1,,0.0,1,1,None
2077,216,0,1,2,1,2,0,0,0,2.0,0.0,1,1,1
2078,216,1,1,2,1,2,0,0,1,4.0,0.0,1,1,1
2079,216,2,1,1,0,1,1,0,0,0.0,0.0,1,1,1
2080,216,3,1,1,0,1,0,0,0,4.0,0.0,1,1,1
2081,216,4,1,1,0,1,1,0,0,2.0,0.0,1,1,1
2082,216,5,1,1,0,1,0,0,1,0.0,0.0,1,1,0
2083,216,6,1,1,0,1,0,0,0,5.0,-1.0,1,0,0
2084,216,7,1,2,0,1,1,1,0,,-1.0,1,0,None
2085,217,0,0,1,1,3,0,0,0,4.0,0.0,1,1,1
2086,217,1,0,1,1,2,1,0,0,2.0,0.0,1,1,1
2087,217,2,0,1,1,2,0,0,1,6.0,0.0,1,1,1
2088,217,3,0,1,1,2,1,0,1,0.0,0.0,1,1,1
2089,217,4,0,1,1,1,0,0,0,7.0,0.0,1,1,1
2090,217,5,0,2,1,2,1,1,1,1.0,0.0,1,1,1
2091,217,6,0,2,1,2,0,1,0,5.0,0.0,1,1,1
2092,217,7,0,2,1,2,1,1,0,4.0,0.0,1,1,1
2093,217,8,0,1,1,3,1,0,0,6.0,0.0,1,1,0
2094,217,9,0,1,1,3,1,0,1,3.0,-1.0,1,0,0
2095,217,10,0,2,1,4,0,1,1,,-1.0,1,0,None
2096,218,0,0,1,1,3,0,0,0,3.0,-1.0,1,0,0
2097,218,1,0,2,1,3,0,1,1,,-1.0,1,0,None
2098,219,0,1,2,1,2,0,0,0,6.0,0.0,1,1,1
2099,219,1,1,2,1,2,1,0,1,2.0,0.0,1,1,1
2100,219,2,1,2,1,2,0,0,1,4.0,0.0,1,1,1
2101,219,3,1,1,0,1,1,0,0,7.0,0.0,1,1,1
2102,219,4,1,1,1,1,1,1,1,2.0,0.0,1,1,1
2103,219,5,1,0,1,1,0,0,1,1.0,0.0,1,1,1
2104,219,6,1,1,1,1,0,1,0,2.0,0.0,1,1,1
2105,219,7,1,1,1,0,0,0,1,0.0,0.0,1,1,1
2106,219,8,2,1,1,0,0,0,0,4.0,0.0,1,1,1
2107,219,9,2,1,1,0,1,0,0,4.0,0.0,1,1,1
2108,219,10,2,1,1,0,1,0,0,2.0,0.0,1,1,1
2109,219,11,2,1,1,0,0,0,1,0.0,0.0,1,1,1
2110,219,12,2,1,1,0,0,0,0,7.0,0.0,1,1,1
2111,219,13,1,1,1,0,1,1,1,5.0,0.0,1,1,1
2112,219,14,1,2,1,0,1,1,0,7.0,0.0,1,1,1
2113,219,15,1,2,1,0,1,1,1,1.0,0.0,1,1,1
2114,219,16,1,2,1,0,0,1,0,2.0,0.0,1,1,1
2115,219,17,1,2,1,0,0,0,1,1.0,0.0,1,1,1
2116,219,18,1,2,1,0,0,1,0,5.0,0.0,1,1,1
2117,219,19,1,2,1,0,1,1,0,7.0,0.0,1,1,1
2118,219,20,1,2,1,0,1,1,1,,0.0,1,1,None
2119,220,0,1,2,1,4,0,0,0,2.0,0.0,1,1,0
2120,220,1,1,2,1,4,0,0,1,1.0,-1.0,1,0,0
2121,220,2,2,2,0,4,0,1,0,,-1.0,1,0,None
2122,221,0,1,1,1,3,0,0,0,6.0,0.0,1,1,1
2123,221,1,1,1,1,3,1,0,1,7.0,0.0,1,1,1
2124,221,2,1,2,1,4,1,1,1,0.0,0.0,1,1,1
2125,221,3,1,2,1,3,0,0,0,4.0,0.0,1,1,1
2126,221,4,1,2,1,2,1,0,0,3.0,0.0,1,1,1
2127,221,5,1,2,1,3,0,1,1,5.0,0.0,1,1,1
2128,221,6,1,2,1,4,1,1,0,6.0,0.0,1,1,1
2129,221,7,1,1,1,4,1,0,1,2.0,0.0,1,1,1
2130,221,8,1,1,1,4,0,0,1,6.0,0.0,1,1,1
2131,221,9,1,1,1,4,1,0,1,4.0,0.0,1,1,1
2132,221,10,1,1,0,4,1,0,0,6.0,0.0,1,1,1
2133,221,11,1,1,1,4,1,0,1,1.0,0.0,1,1,1
2134,221,12,1,2,1,4,0,1,0,4.0,0.0,1,1,1
2135,221,13,1,1,1,4,1,0,0,3.0,0.0,1,1,1
2136,221,14,1,2,1,4,0,1,1,2.0,0.0,1,1,1
2137,221,15,1,2,1,4,0,0,1,3.0,0.0,1,1,1
2138,221,16,1,2,1,4,0,1,1,5.0,0.0,1,1,1
2139,221,17,1,2,1,4,1,1,0,1.0,0.0,1,1,1
2140,221,18,1,2,1,4,0,1,0,6.0,0.0,1,1,1
2141,221,19,1,2,1,4,1,0,1,4.0,0.0,1,1,1
2142,221,20,1,2,1,4,1,0,0,,0.0,1,1,None
2143,222,0,1,0,1,3,0,0,0,5.0,0.0,1,1,0
2144,222,1,1,1,0,3,1,1,0,1.0,-1.0,1,0,0
2145,222,2,1,2,0,3,0,1,0,,-1.0,1,0,None
2146,223,0,0,2,1,2,0,0,0,4.0,0.0,1,1,1
2147,223,1,0,1,1,2,1,0,0,2.0,0.0,1,1,1
2148,223,2,0,1,1,2,0,0,1,7.0,0.0,1,1,1
2149,223,3,0,2,1,2,1,1,1,2.0,0.0,1,1,1
2150,223,4,0,2,1,2,0,0,1,2.0,0.0,1,1,1
2151,223,5,0,2,1,2,0,0,1,5.0,0.0,1,1,1
2152,223,6,0,2,1,2,1,1,0,4.0,0.0,1,1,1
2153,223,7,0,1,1,1,1,0,0,6.0,0.0,1,1,1
2154,223,8,0,1,1,1,1,0,1,0.0,0.0,1,1,0
2155,223,9,0,1,1,0,0,0,0,4.0,-1.0,1,0,0
2156,223,10,0,1,0,0,1,0,0,,-1.0,1,0,None
2157,224,0,1,0,1,4,0,0,0,3.0,0.0,1,1,1
2158,224,1,1,0,1,4,0,1,1,5.0,0.0,1,1,0
2159,224,2,1,0,1,4,1,1,0,0.0,-1.0,1,0,0
2160,224,3,2,0,1,3,0,0,0,,-1.0,1,0,None
2161,225,0,0,1,0,2,0,0,0,4.0,-1.0,1,0,0
2162,225,1,0,1,0,1,1,0,0,,-1.0,1,0,None
2163,226,0,0,1,0,2,0,0,0,7.0,0.0,1,1,1
2164,226,1,0,2,1,2,1,1,1,2.0,0.0,1,1,1
2165,226,2,0,2,1,2,0,0,1,5.0,0.0,1,1,1
2166,226,3,0,2,1,2,1,1,0,1.0,0.0,1,1,1
2167,226,4,0,2,1,2,0,1,0,3.0,0.0,1,1,1
2168,226,5,0,2,1,2,0,1,1,4.0,0.0,1,1,1
2169,226,6,0,1,1,1,1,0,0,2.0,0.0,1,1,1
2170,226,7,0,1,1,1,0,0,1,2.0,0.0,1,1,0
2171,226,8,0,1,1,1,0,0,1,3.0,-1.0,1,0,0
2172,226,9,0,2,1,1,0,1,1,,-1.0,1,0,None
2173,227,0,2,1,0,2,0,0,0,1.0,-1.0,1,0,0
2174,227,1,2,2,0,2,0,1,0,,-1.0,1,0,None
2175,228,0,1,0,1,1,0,0,0,2.0,0.0,1,1,1
2176,228,1,1,0,1,0,0,0,1,4.0,0.0,1,1,0
2177,228,2,1,0,1,0,1,0,0,0.0,-1.0,1,0,0
2178,228,3,2,0,1,0,0,0,0,,-1.0,1,0,None
2179,229,0,2,1,1,2,0,0,0,4.0,0.0,1,1,1
2180,229,1,2,1,1,2,1,0,0,0.0,0.0,1,1,0
2181,229,2,2,2,1,2,0,0,0,1.0,-1.0,1,0,0
2182,229,3,2,2,0,2,0,1,0,,-1.0,1,0,None
2183,230,0,1,1,0,3,0,0,0,6.0,0.0,1,1,1
2184,230,1,1,1,1,3,1,0,1,6.0,0.0,1,1,1
2185,230,2,1,1,1,3,1,0,1,5.0,0.0,1,1,0
2186,230,3,1,2,1,3,1,1,0,1.0,-1.0,1,0,0
2187,230,4,1,2,0,3,0,1,0,,-1.0,1,0,None
2188,231,0,0,1,1,2,0,0,0,3.0,0.0,1,1,1
2189,231,1,0,2,1,2,0,1,1,4.0,0.0,1,1,1
2190,231,2,0,1,1,2,1,0,0,0.0,0.0,1,1,1
2191,231,3,0,1,1,2,0,0,0,2.0,0.0,1,1,1
2192,231,4,0,1,1,2,0,0,1,2.0,0.0,1,1,0
2193,231,5,0,2,1,2,0,0,1,0.0,-1.0,1,0,0
2194,231,6,0,2,1,1,0,0,0,,-1.0,1,0,None
2195,232,0,2,1,1,3,0,0,0,6.0,0.0,1,1,1
2196,232,1,2,1,1,3,1,0,1,6.0,0.0,1,1,1
2197,232,2,1,1,1,4,1,0,1,1.0,0.0,1,1,1
2198,232,3,1,2,1,4,0,1,0,7.0,0.0,1,1,1
2199,232,4,1,2,1,4,1,1,1,0.0,0.0,1,1,1
2200,232,5,1,2,1,3,0,0,0,2.0,0.0,1,1,1
2201,232,6,1,2,1,4,0,0,1,1.0,0.0,1,1,0
2202,232,7,1,2,1,4,0,1,0,3.0,-1.0,1,0,0
2203,232,8,2,2,1,4,0,1,1,,-1.0,1,0,None
2204,233,0,2,1,1,2,0,0,0,4.0,0.0,1,1,1
2205,233,1,1,1,0,2,1,0,0,3.0,0.0,1,1,1
2206,233,2,1,2,0,2,0,1,1,6.0,0.0,1,1,1
2207,233,3,1,1,1,2,1,0,1,1.0,0.0,1,1,1
2208,233,4,1,2,1,2,0,1,0,2.0,0.0,1,1,1
2209,233,5,1,2,1,1,0,0,1,5.0,0.0,1,1,1
2210,233,6,1,2,1,1,1,1,0,2.0,0.0,1,1,1
2211,233,7,1,2,1,1,0,0,1,4.0,0.0,1,1,1
2212,233,8,1,2,1,1,1,0,0,4.0,0.0,1,1,1
2213,233,9,1,1,1,1,1,0,0,5.0,0.0,1,1,1
2214,233,10,1,2,1,1,1,1,0,4.0,0.0,1,1,1
2215,233,11,1,1,1,1,1,0,0,2.0,0.0,1,1,1
2216,233,12,1,1,1,1,0,0,1,7.0,0.0,1,1,1
2217,233,13,1,2,1,1,1,1,1,0.0,0.0,1,1,0
2218,233,14,1,2,1,1,0,0,0,2.0,-1.0,1,0,0
2219,233,15,0,2,1,1,0,0,1,,-1.0,1,0,None
2220,234,0,2,0,1,2,0,0,0,2.0,0.0,1,1,0
2221,234,1,2,0,1,2,0,0,1,0.0,-1.0,1,0,0
2222,234,2,2,0,1,1,0,0,0,,-1.0,1,0,None
2223,235,0,1,0,1,1,0,0,0,0.0,0.0,1,1,1
2224,235,1,1,0,1,1,0,0,0,4.0,0.0,1,1,0
2225,235,2,1,0,1,1,1,0,0,5.0,-1.0,1,0,0
2226,235,3,1,0,0,1,1,1,0,,-1.0,1,0,None
2227,236,0,1,1,1,3,0,0,0,0.0,0.0,1,1,1
2228,236,1,1,1,1,3,0,0,0,3.0,0.0,1,1,1
2229,236,2,1,2,1,4,0,1,1,5.0,0.0,1,1,1
2230,236,3,1,2,1,4,1,1,0,0.0,0.0,1,1,1
2231,236,4,1,2,1,4,0,0,0,5.0,0.0,1,1,0
2232,236,5,1,2,1,4,1,1,0,4.0,-1.0,1,0,0
2233,236,6,1,2,0,4,1,0,0,,-1.0,1,0,None
2234,237,0,1,1,1,0,0,0,0,0.0,0.0,1,1,1
2235,237,1,1,1,1,0,0,0,0,2.0,0.0,1,1,1
2236,237,2,1,1,1,0,0,0,1,3.0,0.0,1,1,1
2237,237,3,1,2,1,0,0,1,1,0.0,0.0,1,1,1
2238,237,4,1,2,1,1,0,0,0,7.0,0.0,1,1,1
2239,237,5,1,2,1,1,1,1,1,7.0,0.0,1,1,1
2240,237,6,1,1,1,1,1,1,1,2.0,0.0,1,1,1
2241,237,7,1,1,1,0,0,0,1,3.0,0.0,1,1,1
2242,237,8,1,2,1,0,0,1,1,2.0,0.0,1,1,1
2243,237,9,1,2,1,0,0,0,1,0.0,0.0,1,1,1
2244,237,10,1,2,1,0,0,0,0,7.0,0.0,1,1,1
2245,237,11,1,1,1,0,1,1,1,0.0,0.0,1,1,1
2246,237,12,1,1,1,0,0,0,0,3.0,0.0,1,1,1
2247,237,13,1,2,1,0,0,1,1,1.0,0.0,1,1,1
2248,237,14,1,2,1,0,0,1,0,6.0,0.0,1,1,1
2249,237,15,1,1,1,0,1,0,1,3.0,0.0,1,1,1
2250,237,16,1,2,1,0,0,1,1,2.0,0.0,1,1,1
2251,237,17,1,2,1,0,0,0,1,4.0,0.0,1,1,1
2252,237,18,1,1,1,0,1,0,0,6.0,0.0,1,1,1
2253,237,19,1,1,1,0,1,0,1,3.0,0.0,1,1,1
2254,237,20,1,2,1,0,0,1,1,,0.0,1,1,None
2255,238,0,2,1,1,2,0,0,0,4.0,0.0,1,1,0
2256,238,1,2,1,1,1,1,0,0,0.0,-1.0,1,0,0
2257,238,2,2,2,1,1,0,0,0,,-1.0,1,0,None
2258,239,0,1,1,0,2,0,0,0,7.0,0.0,1,1,1
2259,239,1,1,2,1,2,1,1,1,1.0,0.0,1,1,1
2260,239,2,1,2,0,2,0,1,0,0.0,0.0,1,1,1
2261,239,3,1,2,1,2,0,0,0,5.0,0.0,1,1,1
2262,239,4,1,2,1,2,1,1,0,6.0,0.0,1,1,1
2263,239,5,1,0,1,1,1,0,1,0.0,0.0,1,1,1
2264,239,6,1,0,1,1,0,0,0,5.0,0.0,1,1,1
2265,239,7,1,1,1,1,1,1,0,0.0,0.0,1,1,1
2266,239,8,1,1,1,1,0,0,0,6.0,0.0,1,1,0
2267,239,9,1,1,1,1,1,0,1,1.0,-1.0,1,0,0
2268,239,10,2,2,0,1,0,1,0,,-1.0,1,0,None
2269,240,0,1,2,1,1,0,0,0,4.0,0.0,1,1,1
2270,240,1,1,1,1,1,1,0,0,7.0,0.0,1,1,1
2271,240,2,1,1,1,1,1,1,1,6.0,0.0,1,1,0
2272,240,3,1,1,1,1,1,0,1,1.0,-1.0,1,0,0
2273,240,4,1,2,0,1,0,1,0,,-1.0,1,0,None
2274,241,0,1,2,1,2,0,0,0,2.0,0.0,1,1,1
2275,241,1,1,2,1,1,0,0,1,2.0,0.0,1,1,1
2276,241,2,1,1,1,1,0,0,1,4.0,0.0,1,1,1
2277,241,3,1,1,1,1,1,0,0,5.0,0.0,1,1,1
2278,241,4,1,2,1,1,1,1,0,4.0,0.0,1,1,1
2279,241,5,1,0,1,1,1,0,0,1.0,0.0,1,1,1
2280,241,6,1,1,1,1,0,1,0,1.0,0.0,1,1,1
2281,241,7,1,1,1,1,0,1,0,6.0,0.0,1,1,1
2282,241,8,1,1,1,1,1,0,1,0.0,0.0,1,1,1
2283,241,9,1,1,1,1,0,0,0,4.0,0.0,1,1,1
2284,241,10,1,1,1,1,1,0,0,0.0,0.0,1,1,1
2285,241,11,1,1,1,1,0,0,0,1.0,0.0,1,1,1
2286,241,12,1,1,1,1,0,1,0,2.0,0.0,1,1,1
2287,241,13,1,1,1,1,0,0,1,7.0,0.0,1,1,1
2288,241,14,1,2,1,1,1,1,1,2.0,0.0,1,1,1
2289,241,15,1,2,1,1,0,0,1,4.0,0.0,1,1,1
2290,241,16,1,1,1,1,1,0,0,5.0,0.0,1,1,1
2291,241,17,1,2,1,1,1,1,0,7.0,0.0,1,1,1
2292,241,18,1,2,1,1,1,1,1,7.0,0.0,1,1,1
2293,241,19,1,2,1,1,1,1,1,0.0,0.0,1,1,1
2294,241,20,1,2,1,1,0,0,0,,0.0,1,1,None
2295,242,0,1,0,1,2,0,0,0,1.0,0.0,1,1,1
2296,242,1,1,2,1,3,0,1,0,6.0,0.0,1,1,1
2297,242,2,1,1,1,4,1,0,1,1.0,0.0,1,1,0
2298,242,3,1,2,1,4,0,1,0,2.0,-1.0,1,0,0
2299,242,4,2,2,1,4,0,0,1,,-1.0,1,0,None
2300,243,0,1,1,0,2,0,0,0,7.0,0.0,1,1,1
2301,243,1,1,2,1,2,1,1,1,2.0,0.0,1,1,1
2302,243,2,1,2,1,1,0,0,1,6.0,0.0,1,1,1
2303,243,3,1,1,1,1,1,0,1,3.0,0.0,1,1,1
2304,243,4,1,1,1,1,0,1,1,3.0,0.0,1,1,1
2305,243,5,1,2,1,1,0,1,1,6.0,0.0,1,1,1
2306,243,6,1,1,1,1,1,0,1,0.0,0.0,1,1,1
2307,243,7,1,1,1,1,0,0,0,1.0,0.0,1,1,1
2308,243,8,1,2,1,1,0,1,0,1.0,0.0,1,1,0
2309,243,9,1,2,1,1,0,1,0,3.0,-1.0,1,0,0
2310,243,10,0,2,1,1,0,1,1,,-1.0,1,0,None
2311,244,0,1,0,1,2,0,0,0,4.0,0.0,1,1,1
2312,244,1,1,0,1,1,1,0,0,4.0,0.0,1,1,1
2313,244,2,1,0,1,1,1,0,0,2.0,0.0,1,1,1
2314,244,3,1,0,1,1,0,0,1,5.0,0.0,1,1,1
2315,244,4,1,1,1,1,1,1,0,5.0,0.0,1,1,1
2316,244,5,1,1,0,1,1,1,0,6.0,0.0,1,1,1
2317,244,6,1,0,1,1,1,0,1,0.0,0.0,1,1,1
2318,244,7,1,0,1,1,0,0,0,4.0,0.0,1,1,1
2319,244,8,1,0,1,1,1,0,0,2.0,0.0,1,1,1
2320,244,9,1,0,1,1,0,0,1,4.0,0.0,1,1,0
2321,244,10,1,0,1,1,1,0,0,4.0,-1.0,1,0,0
2322,244,11,1,0,0,1,1,0,0,,-1.0,1,0,None
2323,245,0,1,1,1,3,0,0,0,6.0,0.0,1,1,1
2324,245,1,1,1,1,2,1,0,1,1.0,0.0,1,1,1
2325,245,2,1,2,1,3,0,1,0,2.0,0.0,1,1,1
2326,245,3,1,2,1,4,0,0,1,0.0,0.0,1,1,1
2327,245,4,1,2,1,4,0,0,0,1.0,0.0,1,1,1
2328,245,5,1,2,1,4,0,1,0,4.0,0.0,1,1,1
2329,245,6,1,2,1,4,1,0,0,5.0,0.0,1,1,1
2330,245,7,1,2,1,4,1,1,0,6.0,0.0,1,1,1
2331,245,8,1,2,1,3,1,0,1,7.0,0.0,1,1,1
2332,245,9,1,2,1,3,1,1,1,0.0,0.0,1,1,0
2333,245,10,1,2,1,4,0,0,0,5.0,-1.0,1,0,0
2334,245,11,1,2,0,4,1,1,0,,-1.0,1,0,None
2335,246,0,2,2,1,2,0,0,0,2.0,0.0,1,1,0
2336,246,1,1,2,1,2,0,0,1,0.0,-1.0,1,0,0
2337,246,2,2,2,0,2,0,0,0,,-1.0,1,0,None
2338,247,0,0,0,1,2,0,0,0,5.0,0.0,1,1,1
2339,247,1,0,1,1,2,1,1,0,0.0,0.0,1,1,1
2340,247,2,0,0,1,2,0,0,0,1.0,0.0,1,1,1
2341,247,3,1,1,0,2,0,1,0,3.0,0.0,1,1,1
2342,247,4,1,2,1,2,0,1,1,4.0,0.0,1,1,1
2343,247,5,1,2,0,2,1,0,0,0.0,0.0,1,1,1
2344,247,6,1,2,0,2,0,0,0,4.0,0.0,1,1,1
2345,247,7,1,1,0,2,1,0,0,7.0,0.0,1,1,1
2346,247,8,1,2,1,2,1,1,1,6.0,0.0,1,1,1
2347,247,9,1,1,1,1,1,0,1,6.0,0.0,1,1,1
2348,247,10,1,1,1,1,1,0,1,2.0,0.0,1,1,1
2349,247,11,1,1,1,1,0,0,1,3.0,0.0,1,1,1
2350,247,12,1,2,1,1,0,1,1,2.0,0.0,1,1,1
2351,247,13,1,2,1,0,0,0,1,6.0,0.0,1,1,1
2352,247,14,1,2,1,0,1,0,1,7.0,0.0,1,1,1
2353,247,15,1,2,1,0,1,1,1,4.0,0.0,1,1,1
2354,247,16,1,1,1,0,1,0,0,7.0,0.0,1,1,1
2355,247,17,1,1,1,0,1,1,1,0.0,0.0,1,1,1
2356,247,18,1,1,1,0,0,0,0,6.0,0.0,1,1,1
2357,247,19,1,1,1,0,1,0,1,5.0,0.0,1,1,1
2358,247,20,1,1,0,0,1,1,0,,0.0,1,1,None
2359,248,0,2,1,1,2,0,0,0,5.0,0.0,1,1,1
2360,248,1,1,2,1,2,1,1,0,6.0,0.0,1,1,1
2361,248,2,1,2,1,3,1,0,1,4.0,0.0,1,1,1
2362,248,3,1,2,1,4,1,0,0,7.0,0.0,1,1,1
2363,248,4,1,2,1,4,1,1,1,0.0,0.0,1,1,1
2364,248,5,1,2,1,4,0,0,0,2.0,0.0,1,1,1
2365,248,6,1,2,1,4,0,0,1,0.0,0.0,1,1,0
2366,248,7,1,2,1,4,0,0,0,3.0,-1.0,1,0,0
2367,248,8,0,2,1,4,0,1,1,,-1.0,1,0,None
2368,249,0,0,0,1,2,0,0,0,7.0,0.0,1,1,1
2369,249,1,0,0,1,2,1,1,1,5.0,0.0,1,1,1
2370,249,2,0,1,1,2,1,1,0,0.0,0.0,1,1,1
2371,249,3,0,1,1,2,0,0,0,0.0,0.0,1,1,0
2372,249,4,0,1,1,1,0,0,0,5.0,-1.0,1,0,0
2373,249,5,0,2,1,1,1,1,0,,-1.0,1,0,None
2374,250,0,2,1,1,2,0,0,0,5.0,0.0,1,1,1
2375,250,1,1,1,1,2,1,1,0,5.0,0.0,1,1,1
2376,250,2,1,2,1,2,1,1,0,3.0,0.0,1,1,1
2377,250,3,1,2,1,2,0,1,1,3.0,0.0,1,1,1
2378,250,4,1,2,1,2,0,1,1,3.0,0.0,1,1,1
2379,250,5,1,2,1,2,0,1,1,4.0,0.0,1,1,1
2380,250,6,1,1,1,2,1,0,0,5.0,0.0,1,1,1
2381,250,7,1,2,1,2,1,1,0,0.0,0.0,1,1,1
2382,250,8,2,2,1,2,0,0,0,2.0,0.0,1,1,1
2383,250,9,1,2,1,2,0,0,1,3.0,0.0,1,1,1
2384,250,10,1,2,1,2,0,1,1,1.0,0.0,1,1,1
2385,250,11,2,2,1,2,0,1,0,2.0,0.0,1,1,1
2386,250,12,2,2,1,2,0,0,1,3.0,0.0,1,1,1
2387,250,13,2,2,1,2,0,1,1,7.0,0.0,1,1,1
2388,250,14,2,2,1,2,1,1,1,5.0,0.0,1,1,1
2389,250,15,1,1,1,2,1,1,0,6.0,0.0,1,1,1
2390,250,16,1,1,1,2,1,0,1,5.0,0.0,1,1,0
2391,250,17,1,1,0,2,1,1,0,0.0,-1.0,1,0,0
2392,250,18,1,2,0,1,0,0,0,,-1.0,1,0,None
2393,251,0,2,1,1,2,0,0,0,2.0,0.0,1,1,1
2394,251,1,2,1,1,2,0,0,1,5.0,0.0,1,1,1
2395,251,2,1,2,1,2,1,1,0,1.0,0.0,1,1,1
2396,251,3,1,2,0,2,0,1,0,2.0,0.0,1,1,1
2397,251,4,1,2,1,2,0,0,1,7.0,0.0,1,1,1
2398,251,5,1,2,1,2,1,1,1,0.0,0.0,1,1,1
2399,251,6,1,2,1,2,0,0,0,3.0,0.0,1,1,1
2400,251,7,1,2,1,2,0,1,1,5.0,0.0,1,1,0
2401,251,8,1,2,0,2,1,1,0,0.0,-1.0,1,0,0
2402,251,9,1,2,0,1,0,0,0,,-1.0,1,0,None
2403,252,0,0,2,1,2,0,0,0,6.0,0.0,1,1,0
2404,252,1,0,2,1,2,1,0,1,2.0,-1.0,1,0,0
2405,252,2,0,2,1,1,0,0,1,,-1.0,1,0,None
2406,253,0,1,2,0,2,0,0,0,2.0,0.0,1,1,1
2407,253,1,1,2,1,2,0,0,1,6.0,0.0,1,1,1
2408,253,2,1,2,1,2,1,0,1,1.0,0.0,1,1,1
2409,253,3,1,2,1,2,0,1,0,0.0,0.0,1,1,1
2410,253,4,1,2,1,2,0,0,0,5.0,0.0,1,1,1
2411,253,5,1,2,1,2,1,1,0,6.0,0.0,1,1,1
2412,253,6,1,2,1,2,1,0,1,5.0,0.0,1,1,1
2413,253,7,1,2,1,2,1,1,0,6.0,0.0,1,1,1
2414,253,8,1,1,1,1,1,0,1,0.0,0.0,1,1,1
2415,253,9,1,1,0,0,0,0,0,6.0,0.0,1,1,0
2416,253,10,1,1,0,0,1,0,1,3.0,-1.0,1,0,0
2417,253,11,2,2,1,0,0,1,1,,-1.0,1,0,None
2418,254,0,1,2,1,2,0,0,0,0.0,-1.0,1,0,0
2419,254,1,2,2,1,1,0,0,0,,-1.0,1,0,None
2420,255,0,1,0,1,3,0,0,0,0.0,-1.0,1,0,0
2421,255,1,2,0,1,3,0,0,0,,-1.0,1,0,None
2422,256,0,1,2,1,2,0,0,0,7.0,0.0,1,1,1
2423,256,1,1,2,1,2,1,1,1,7.0,0.0,1,1,1
2424,256,2,1,2,1,2,1,1,1,4.0,0.0,1,1,1
2425,256,3,1,1,1,2,1,0,0,6.0,0.0,1,1,1
2426,256,4,1,1,1,2,1,0,1,6.0,0.0,1,1,1
2427,256,5,1,1,1,1,1,0,1,3.0,0.0,1,1,1
2428,256,6,1,2,1,1,0,1,1,4.0,0.0,1,1,1
2429,256,7,1,1,1,0,1,0,0,7.0,0.0,1,1,1
2430,256,8,1,1,1,0,1,1,1,4.0,0.0,1,1,1
2431,256,9,1,1,1,0,1,0,0,3.0,0.0,1,1,1
2432,256,10,1,2,1,0,0,1,1,3.0,0.0,1,1,1
2433,256,11,1,2,1,0,0,1,1,4.0,0.0,1,1,1
2434,256,12,1,2,1,0,1,0,0,6.0,0.0,1,1,0
2435,256,13,1,2,1,0,1,0,1,3.0,-1.0,1,0,0
2436,256,14,2,2,1,0,0,1,1,,-1.0,1,0,None
2437,257,0,1,0,1,2,0,0,0,2.0,0.0,1,1,0
2438,257,1,0,1,1,1,0,0,1,1.0,-1.0,1,0,0
2439,257,2,0,2,1,1,0,1,0,,-1.0,1,0,None
2440,258,0,2,0,1,2,0,0,0,0.0,0.0,1,1,1
2441,258,1,2,0,1,2,0,0,0,3.0,0.0,1,1,1
2442,258,2,2,0,1,2,0,1,1,1.0,0.0,1,1,1
2443,258,3,1,0,1,2,0,1,0,4.0,0.0,1,1,1
2444,258,4,1,0,1,2,1,0,0,4.0,0.0,1,1,0
2445,258,5,1,0,1,2,1,0,0,2.0,-1.0,1,0,0
2446,258,6,2,0,1,1,0,0,1,,-1.0,1,0,None
2447,259,0,2,1,1,3,0,0,0,5.0,-1.0,1,0,0
2448,259,1,2,2,1,3,1,1,0,,-1.0,1,0,None
2449,260,0,1,1,1,1,0,0,0,7.0,0.0,1,1,1
2450,260,1,1,2,1,1,1,1,1,3.0,0.0,1,1,1
2451,260,2,1,2,1,1,0,1,1,7.0,0.0,1,1,1
2452,260,3,1,2,1,1,1,1,1,7.0,0.0,1,1,1
2453,260,4,1,1,1,1,1,1,1,2.0,0.0,1,1,1
2454,260,5,1,1,1,1,0,0,1,5.0,0.0,1,1,1
2455,260,6,1,2,1,1,1,1,0,6.0,0.0,1,1,1
2456,260,7,1,1,1,1,1,0,1,3.0,0.0,1,1,1
2457,260,8,1,2,1,1,0,1,1,7.0,0.0,1,1,1
2458,260,9,1,2,1,1,1,1,1,3.0,0.0,1,1,1
2459,260,10,1,2,1,1,0,1,1,7.0,0.0,1,1,1
2460,260,11,1,2,1,1,1,1,1,4.0,0.0,1,1,0
2461,260,12,1,2,1,1,1,0,0,3.0,-1.0,1,0,0
2462,260,13,2,2,1,1,0,1,1,,-1.0,1,0,None
2463,261,0,0,1,1,2,0,0,0,0.0,1.0,1,2,2
2464,261,1,1,1,1,2,0,0,0,,1.0,1,2,None
2465,262,0,0,1,1,2,0,0,0,3.0,0.0,1,1,1
2466,262,1,0,2,1,2,0,1,1,3.0,0.0,1,1,1
2467,262,2,0,2,1,2,0,1,1,6.0,0.0,1,1,1
2468,262,3,0,1,1,2,1,0,1,4.0,0.0,1,1,1
2469,262,4,0,1,1,2,1,0,0,0.0,0.0,1,1,1
2470,262,5,0,1,1,2,0,0,0,0.0,0.0,1,1,1
2471,262,6,0,2,1,2,0,0,0,3.0,0.0,1,1,0
2472,262,7,0,2,1,2,0,1,1,0.0,-1.0,1,0,0
2473,262,8,0,2,1,1,0,0,0,,-1.0,1,0,None
2474,263,0,1,1,0,3,0,0,0,7.0,-1.0,1,0,0
2475,263,1,1,2,0,3,1,1,1,,-1.0,1,0,None
2476,264,0,1,2,1,3,0,0,0,6.0,0.0,1,1,1
2477,264,1,1,1,1,4,1,0,1,1.0,0.0,1,1,1
2478,264,2,1,1,1,4,0,1,0,0.0,0.0,1,1,0
2479,264,3,1,1,0,4,0,0,0,1.0,-1.0,1,0,0
2480,264,4,1,2,0,4,0,1,0,,-1.0,1,0,None
2481,265,0,0,2,1,2,0,0,0,1.0,0.0,1,1,1
2482,265,1,0,2,1,2,0,1,0,6.0,0.0,1,1,1
2483,265,2,0,1,1,2,1,0,1,1.0,0.0,1,1,1
2484,265,3,0,2,1,2,0,1,0,4.0,0.0,1,1,0
2485,265,4,0,1,1,2,1,0,0,7.0,-1.0,1,0,0
2486,265,5,0,2,1,3,1,1,1,,-1.0,1,0,None
2487,266,0,1,1,0,4,0,0,0,3.0,0.0,1,1,1
2488,266,1,1,2,1,4,0,1,1,5.0,0.0,1,1,1
2489,266,2,1,2,1,4,1,1,0,2.0,0.0,1,1,1
2490,266,3,1,2,1,3,0,0,1,6.0,0.0,1,1,1
2491,266,4,1,1,1,2,1,0,1,0.0,0.0,1,1,1
2492,266,5,1,1,1,1,0,0,0,7.0,0.0,1,1,1
2493,266,6,1,2,1,2,1,1,1,3.0,0.0,1,1,1
2494,266,7,1,2,1,3,0,1,1,0.0,0.0,1,1,1
2495,266,8,1,2,1,2,0,0,0,2.0,0.0,1,1,1
2496,266,9,1,1,1,3,0,0,1,2.0,0.0,1,1,1
2497,266,10,1,1,1,3,0,0,1,6.0,0.0,1,1,1
2498,266,11,1,1,1,3,1,0,1,0.0,0.0,1,1,1
2499,266,12,1,1,1,4,0,0,0,1.0,0.0,1,1,1
2500,266,13,1,1,1,4,0,1,0,2.0,0.0,1,1,1
2501,266,14,1,1,1,3,0,0,1,6.0,0.0,1,1,1
2502,266,15,1,1,1,3,1,0,1,3.0,0.0,1,1,1
2503,266,16,1,2,1,3,0,1,1,0.0,0.0,1,1,1
2504,266,17,1,2,1,2,0,0,0,7.0,0.0,1,1,0
2505,266,18,1,2,1,3,1,1,1,3.0,-1.0,1,0,0
2506,266,19,2,2,1,3,0,1,1,,-1.0,1,0,None
2507,267,0,0,2,1,2,0,0,0,2.0,0.0,1,1,1
2508,267,1,0,2,1,2,0,0,1,2.0,0.0,1,1,1
2509,267,2,0,2,1,2,0,0,1,3.0,0.0,1,1,1
2510,267,3,0,2,1,2,0,1,1,0.0,0.0,1,1,1
2511,267,4,0,1,1,2,0,0,0,3.0,0.0,1,1,1
2512,267,5,0,2,1,2,0,1,1,5.0,0.0,1,1,0
2513,267,6,0,2,1,2,1,1,0,2.0,-1.0,1,0,0
2514,267,7,0,2,1,1,0,0,1,,-1.0,1,0,None
2515,268,0,1,1,1,3,0,0,0,3.0,-1.0,1,0,0
2516,268,1,0,2,1,3,0,1,1,,-1.0,1,0,None
2517,269,0,2,1,0,2,0,0,0,4.0,0.0,1,1,1
2518,269,1,1,1,1,2,1,0,0,6.0,0.0,1,1,1
2519,269,2,1,1,1,3,1,0,1,3.0,0.0,1,1,1
2520,269,3,1,2,1,3,0,1,1,7.0,0.0,1,1,1
2521,269,4,1,2,1,3,1,1,1,6.0,0.0,1,1,1
2522,269,5,1,1,1,4,1,0,1,5.0,0.0,1,1,1
2523,269,6,1,2,1,4,1,1,0,0.0,0.0,1,1,1
2524,269,7,1,2,1,3,0,0,0,3.0,0.0,1,1,1
2525,269,8,1,2,1,3,0,1,1,7.0,0.0,1,1,0
2526,269,9,1,2,1,4,1,1,1,3.0,-1.0,1,0,0
2527,269,10,2,2,1,4,0,1,1,,-1.0,1,0,None
2528,270,0,0,1,1,3,0,0,0,0.0,-1.0,1,0,0
2529,270,1,0,0,1,3,0,0,0,,-1.0,1,0,None
2530,271,0,1,1,0,2,0,0,0,4.0,0.0,1,1,1
2531,271,1,1,1,0,2,1,0,0,2.0,0.0,1,1,1
2532,271,2,2,1,1,2,0,0,1,0.0,0.0,1,1,1
2533,271,3,2,1,1,2,0,0,0,2.0,0.0,1,1,1
2534,271,4,2,1,1,2,0,0,1,4.0,0.0,1,1,1
2535,271,5,1,1,1,2,1,0,0,2.0,0.0,1,1,1
2536,271,6,1,1,1,1,0,0,1,6.0,0.0,1,1,1
2537,271,7,1,1,1,0,1,0,1,5.0,0.0,1,1,1
2538,271,8,1,1,1,0,1,1,0,1.0,0.0,1,1,1
2539,271,9,1,2,1,0,0,1,0,5.0,0.0,1,1,1
2540,271,10,1,2,1,0,1,1,0,6.0,0.0,1,1,0
2541,271,11,1,2,1,0,1,0,1,5.0,-1.0,1,0,0
2542,271,12,1,2,0,0,1,1,0,,-1.0,1,0,None
2543,272,0,2,1,0,2,0,0,0,5.0,-1.0,1,0,0
2544,272,1,2,2,0,2,1,1,0,,-1.0,1,0,None
2545,273,0,0,2,1,2,0,0,0,5.0,0.0,1,1,0
2546,273,1,0,2,1,2,1,1,0,2.0,-1.0,1,0,0
2547,273,2,0,2,1,1,0,0,1,,-1.0,1,0,None
2548,274,0,0,1,1,2,0,0,0,2.0,0.0,1,1,1
2549,274,1,0,1,1,2,0,0,1,3.0,0.0,1,1,1
2550,274,2,1,2,1,2,0,1,1,7.0,0.0,1,1,1
2551,274,3,1,2,1,2,1,1,1,7.0,0.0,1,1,1
2552,274,4,1,2,1,2,1,1,1,3.0,0.0,1,1,1
2553,274,5,1,2,1,2,0,1,1,0.0,0.0,1,1,1
2554,274,6,1,2,1,2,0,0,0,4.0,0.0,1,1,1
2555,274,7,1,1,1,2,1,0,0,7.0,0.0,1,1,1
2556,274,8,1,2,1,2,1,1,1,6.0,0.0,1,1,1
2557,274,9,1,2,1,2,1,0,1,4.0,0.0,1,1,1
2558,274,10,1,2,1,2,1,0,0,1.0,0.0,1,1,1
2559,274,11,1,2,1,2,0,1,0,3.0,0.0,1,1,1
2560,274,12,0,2,1,2,0,1,1,6.0,0.0,1,1,1
2561,274,13,0,1,1,2,1,0,1,4.0,0.0,1,1,1
2562,274,14,0,1,1,2,1,0,0,6.0,0.0,1,1,0
2563,274,15,0,1,1,1,1,0,1,1.0,-1.0,1,0,0
2564,274,16,0,2,1,1,0,1,0,,-1.0,1,0,None
2565,275,0,2,1,1,2,0,0,0,6.0,0.0,1,1,1
2566,275,1,2,1,1,2,1,0,1,4.0,0.0,1,1,1
2567,275,2,2,1,1,1,1,0,0,2.0,0.0,1,1,1
2568,275,3,2,1,1,0,0,0,1,6.0,0.0,1,1,1
2569,275,4,2,1,1,0,1,0,1,2.0,0.0,1,1,1
2570,275,5,2,1,1,0,0,0,1,3.0,0.0,1,1,0
2571,275,6,1,2,1,0,0,1,1,1.0,-1.0,1,0,0
2572,275,7,0,2,1,0,0,1,0,,-1.0,1,0,None
2573,276,0,1,2,1,1,0,0,0,0.0,0.0,1,1,1
2574,276,1,1,2,1,1,0,0,0,4.0,0.0,1,1,1
2575,276,2,1,2,1,1,1,0,0,7.0,0.0,1,1,1
2576,276,3,1,2,1,1,1,1,1,4.0,0.0,1,1,1
2577,276,4,1,1,1,1,1,0,0,2.0,0.0,1,1,1
2578,276,5,1,1,1,1,0,0,1,0.0,0.0,1,1,1
2579,276,6,1,1,1,1,0,0,0,6.0,0.0,1,1,1
2580,276,7,1,1,1,1,1,0,1,3.0,0.0,1,1,1
2581,276,8,1,2,1,1,0,1,1,1.0,0.0,1,1,1
2582,276,9,1,2,1,1,0,1,0,7.0,0.0,1,1,1
2583,276,10,1,2,1,1,1,1,1,2.0,0.0,1,1,1
2584,276,11,1,2,1,1,0,0,1,0.0,0.0,1,1,1
2585,276,12,1,2,1,1,0,0,0,0.0,0.0,1,1,1
2586,276,13,1,2,1,1,0,0,0,3.0,0.0,1,1,1
2587,276,14,1,2,1,1,0,1,1,4.0,0.0,1,1,1
2588,276,15,1,1,0,1,1,0,0,7.0,0.0,1,1,1
2589,276,16,1,1,0,1,1,1,1,4.0,0.0,1,1,1
2590,276,17,1,1,0,1,1,0,0,2.0,0.0,1,1,1
2591,276,18,1,1,1,1,0,0,1,6.0,0.0,1,1,1
2592,276,19,1,1,1,1,1,0,1,6.0,0.0,1,1,1
2593,276,20,1,1,1,0,1,0,1,,0.0,1,1,None
2594,277,0,1,1,0,1,0,0,0,4.0,0.0,1,1,0
2595,277,1,1,1,0,1,1,0,0,1.0,-1.0,1,0,0
2596,277,2,1,2,0,1,0,1,0,,-1.0,1,0,None
2597,278,0,2,1,0,2,0,0,0,6.0,0.0,1,1,1
2598,278,1,2,1,0,2,1,0,1,3.0,0.0,1,1,1
2599,278,2,2,2,1,2,0,1,1,7.0,0.0,1,1,1
2600,278,3,1,2,1,2,1,1,1,2.0,0.0,1,1,1
2601,278,4,1,2,1,2,0,0,1,5.0,0.0,1,1,1
2602,278,5,1,2,1,2,1,1,0,7.0,0.0,1,1,1
2603,278,6,1,1,1,2,1,1,1,4.0,0.0,1,1,1
2604,278,7,1,1,1,2,1,0,0,0.0,0.0,1,1,1
2605,278,8,2,1,1,2,0,0,0,2.0,0.0,1,1,1
2606,278,9,2,1,1,1,0,0,1,2.0,0.0,1,1,1
2607,278,10,2,1,1,1,0,0,1,5.0,0.0,1,1,1
2608,278,11,1,1,1,1,1,1,0,6.0,0.0,1,1,1
2609,278,12,1,1,1,1,1,0,1,4.0,0.0,1,1,1
2610,278,13,1,1,1,1,1,0,0,2.0,0.0,1,1,0
2611,278,14,1,1,1,1,0,0,1,2.0,-1.0,1,0,0
2612,278,15,0,2,1,1,0,0,1,,-1.0,1,0,None
2613,279,0,2,1,1,3,0,0,0,2.0,-1.0,1,0,0
2614,279,1,2,0,1,4,0,0,1,,-1.0,1,0,None
2615,280,0,1,1,1,4,0,0,0,6.0,0.0,1,1,0
2616,280,1,1,1,1,4,1,0,1,5.0,-1.0,1,0,0
2617,280,2,1,2,0,4,1,1,0,,-1.0,1,0,None
2618,281,0,2,1,1,3,0,0,0,1.0,-1.0,1,0,0
2619,281,1,2,1,0,3,0,1,0,,-1.0,1,0,None
2620,282,0,1,2,1,0,0,0,0,0.0,0.0,1,1,0
2621,282,1,1,2,1,0,0,0,0,1.0,-1.0,1,0,0
2622,282,2,0,2,1,0,0,1,0,,-1.0,1,0,None
2623,283,0,1,0,1,2,0,0,0,6.0,0.0,1,1,1
2624,283,1,1,0,1,2,1,0,1,0.0,0.0,1,1,1
2625,283,2,1,0,1,2,0,0,0,4.0,0.0,1,1,1
2626,283,3,1,0,0,2,1,0,0,2.0,0.0,1,1,1
2627,283,4,1,0,1,2,0,0,1,0.0,0.0,1,1,1
2628,283,5,1,0,1,2,0,0,0,6.0,0.0,1,1,1
2629,283,6,1,0,1,2,1,0,1,7.0,0.0,1,1,1
2630,283,7,1,1,1,2,1,1,1,2.0,0.0,1,1,1
2631,283,8,1,1,1,2,0,0,1,6.0,0.0,1,1,1
2632,283,9,1,1,1,2,1,0,1,3.0,0.0,1,1,1
2633,283,10,1,2,1,2,0,1,1,4.0,0.0,1,1,2
2634,283,11,1,1,1,2,1,0,0,0.0,1.0,1,2,2
2635,283,12,1,1,1,2,0,0,0,,1.0,1,2,None
2636,284,0,1,0,1,3,0,0,0,6.0,0.0,1,1,1
2637,284,1,1,0,1,4,1,0,1,5.0,0.0,1,1,1
2638,284,2,1,1,1,4,1,1,0,2.0,0.0,1,1,1
2639,284,3,2,1,1,4,0,0,1,5.0,0.0,1,1,1
2640,284,4,2,1,1,4,1,1,0,6.0,0.0,1,1,1
2641,284,5,1,1,1,4,1,0,1,7.0,0.0,1,1,1
2642,284,6,1,2,1,4,1,1,1,6.0,0.0,1,1,1
2643,284,7,1,1,1,4,1,0,1,6.0,0.0,1,1,1
2644,284,8,1,1,1,4,1,0,1,1.0,0.0,1,1,1
2645,284,9,1,2,1,4,0,1,0,2.0,0.0,1,1,1
2646,284,10,1,2,1,4,0,0,1,3.0,0.0,1,1,1
2647,284,11,1,2,1,4,0,1,1,4.0,0.0,1,1,1
2648,284,12,1,1,1,3,1,0,0,5.0,0.0,1,1,1
2649,284,13,1,2,1,4,1,1,0,2.0,0.0,1,1,1
2650,284,14,1,2,1,4,0,0,1,3.0,0.0,1,1,1
2651,284,15,1,2,1,4,0,1,1,7.0,0.0,1,1,1
2652,284,16,1,2,1,4,1,1,1,7.0,0.0,1,1,1
2653,284,17,1,2,1,4,1,1,1,4.0,0.0,1,1,1
2654,284,18,1,1,1,3,1,0,0,3.0,0.0,1,1,1
2655,284,19,1,2,1,3,0,1,1,6.0,0.0,1,1,1
2656,284,20,1,2,1,4,1,0,1,,0.0,1,1,None
2657,285,0,1,0,1,2,0,0,0,2.0,0.0,1,1,1
2658,285,1,1,0,1,2,0,0,1,0.0,0.0,1,1,1
2659,285,2,1,0,1,2,0,0,0,7.0,0.0,1,1,1
2660,285,3,1,1,1,2,1,1,1,7.0,0.0,1,1,1
2661,285,4,1,1,1,2,1,1,1,7.0,0.0,1,1,1
2662,285,5,1,2,1,2,1,1,1,4.0,0.0,1,1,1
2663,285,6,1,1,1,2,1,0,0,6.0,0.0,1,1,1
2664,285,7,1,1,1,2,1,0,1,6.0,0.0,1,1,1
2665,285,8,1,1,1,2,1,0,1,6.0,0.0,1,1,1
2666,285,9,1,1,1,2,1,0,1,3.0,0.0,1,1,1
2667,285,10,1,2,1,2,0,1,1,5.0,0.0,1,1,1
2668,285,11,1,2,1,2,1,1,0,3.0,0.0,1,1,1
2669,285,12,1,2,1,2,0,1,1,0.0,0.0,1,1,1
2670,285,13,1,2,1,2,0,0,0,7.0,0.0,1,1,1
2671,285,14,1,2,1,2,1,1,1,6.0,0.0,1,1,1
2672,285,15,1,1,1,2,1,0,1,2.0,0.0,1,1,1
2673,285,16,1,1,1,2,0,0,1,5.0,0.0,1,1,1
2674,285,17,1,2,1,2,1,1,0,5.0,0.0,1,1,1
2675,285,18,1,2,1,2,1,1,0,1.0,0.0,1,1,1
2676,285,19,1,2,1,2,0,1,0,0.0,0.0,1,1,1
2677,285,20,0,2,1,2,0,0,0,,0.0,1,1,None
2678,286,0,0,2,1,2,0,0,0,3.0,0.0,1,1,1
2679,286,1,0,2,1,2,0,1,1,7.0,0.0,1,1,1
2680,286,2,0,2,1,2,1,1,1,5.0,0.0,1,1,1
2681,286,3,0,2,1,2,1,1,0,3.0,0.0,1,1,1
2682,286,4,0,2,1,2,0,1,1,0.0,0.0,1,1,1
2683,286,5,0,2,1,2,0,0,0,5.0,0.0,1,1,1
2684,286,6,0,2,1,2,1,1,0,3.0,0.0,1,1,1
2685,286,7,0,2,1,2,0,1,1,3.0,0.0,1,1,1
2686,286,8,1,2,1,2,0,1,1,0.0,0.0,1,1,1
2687,286,9,1,2,1,2,0,0,0,5.0,0.0,1,1,1
2688,286,10,1,1,1,2,1,1,0,0.0,0.0,1,1,1
2689,286,11,1,0,0,2,0,0,0,7.0,0.0,1,1,1
2690,286,12,1,0,1,2,1,1,1,5.0,0.0,1,1,1
2691,286,13,1,1,1,2,1,1,0,2.0,0.0,1,1,1
2692,286,14,1,0,1,2,0,0,1,5.0,0.0,1,1,2
2693,286,15,1,1,1,2,1,1,0,0.0,1.0,1,2,2
2694,286,16,1,1,1,2,0,0,0,,1.0,1,2,None
2695,287,0,2,1,1,2,0,0,0,4.0,0.0,1,1,1
2696,287,1,1,1,1,1,1,0,0,5.0,0.0,1,1,1
2697,287,2,1,2,1,1,1,1,0,2.0,0.0,1,1,1
2698,287,3,1,2,1,1,0,0,1,3.0,0.0,1,1,1
2699,287,4,1,2,1,1,0,1,1,7.0,0.0,1,1,1
2700,287,5,1,1,1,1,1,1,1,1.0,0.0,1,1,1
2701,287,6,1,1,1,1,0,1,0,7.0,0.0,1,1,1
2702,287,7,1,2,1,1,1,1,1,2.0,0.0,1,1,0
2703,287,8,1,2,1,1,0,0,1,3.0,-1.0,1,0,0
2704,287,9,2,2,1,1,0,1,1,,-1.0,1,0,None
2705,288,0,2,2,1,2,0,0,0,7.0,0.0,1,1,1
2706,288,1,2,1,1,2,1,1,1,4.0,0.0,1,1,1
2707,288,2,1,1,1,2,1,0,0,5.0,0.0,1,1,1
2708,288,3,1,1,0,2,1,1,0,4.0,0.0,1,1,1
2709,288,4,1,1,0,2,1,0,0,1.0,0.0,1,1,1
2710,288,5,1,1,0,2,0,1,0,7.0,0.0,1,1,1
2711,288,6,1,2,1,2,1,1,1,2.0,0.0,1,1,1
2712,288,7,1,2,1,2,0,0,1,3.0,0.0,1,1,1
2713,288,8,1,2,1,2,0,1,1,7.0,0.0,1,1,1
2714,288,9,1,2,1,2,1,1,1,5.0,0.0,1,1,1
2715,288,10,1,2,1,2,1,1,0,3.0,0.0,1,1,1
2716,288,11,1,2,1,2,0,1,1,5.0,0.0,1,1,1
2717,288,12,1,1,1,2,1,1,0,6.0,0.0,1,1,1
2718,288,13,1,1,1,1,1,0,1,4.0,0.0,1,1,1
2719,288,14,1,1,1,1,1,0,0,6.0,0.0,1,1,1
2720,288,15,1,1,1,1,1,0,1,3.0,0.0,1,1,1
2721,288,16,1,1,1,1,0,1,1,2.0,0.0,1,1,1
2722,288,17,1,1,1,0,0,0,1,7.0,0.0,1,1,1
2723,288,18,1,1,1,0,1,1,1,7.0,0.0,1,1,1
2724,288,19,1,2,1,0,1,1,1,7.0,0.0,1,1,1
2725,288,20,1,2,1,0,1,1,1,,0.0,1,1,None
2726,289,0,1,0,1,3,0,0,0,6.0,0.0,1,1,1
2727,289,1,1,0,1,4,1,0,1,6.0,0.0,1,1,1
2728,289,2,1,0,1,3,1,0,1,5.0,0.0,1,1,1
2729,289,3,1,1,1,4,1,1,0,4.0,0.0,1,1,1
2730,289,4,1,1,1,3,1,0,0,6.0,0.0,1,1,1
2731,289,5,1,1,1,3,1,0,1,6.0,0.0,1,1,1
2732,289,6,1,1,1,3,1,0,1,0.0,0.0,1,1,1
2733,289,7,1,1,0,3,0,0,0,6.0,0.0,1,1,1
2734,289,8,1,1,1,2,1,0,1,0.0,0.0,1,1,1
2735,289,9,1,2,1,3,0,0,0,6.0,0.0,1,1,1
2736,289,10,1,2,1,2,1,0,1,3.0,0.0,1,1,1
2737,289,11,1,2,1,3,0,1,1,5.0,0.0,1,1,1
2738,289,12,1,2,1,4,1,1,0,4.0,0.0,1,1,1
2739,289,13,1,1,1,4,1,0,0,5.0,0.0,1,1,1
2740,289,14,1,2,1,4,1,1,0,2.0,0.0,1,1,1
2741,289,15,1,2,1,3,0,0,1,2.0,0.0,1,1,1
2742,289,16,1,2,1,3,0,0,1,7.0,0.0,1,1,1
2743,289,17,1,2,1,3,1,1,1,0.0,0.0,1,1,1
2744,289,18,1,2,1,3,0,0,0,2.0,0.0,1,1,1
2745,289,19,1,2,1,3,0,0,1,6.0,0.0,1,1,1
2746,289,20,1,2,1,2,1,0,1,,0.0,1,1,None
2747,290,0,0,1,1,2,0,0,0,0.0,0.0,1,1,1
2748,290,1,0,1,1,2,0,0,0,3.0,0.0,1,1,2
2749,290,2,1,1,1,2,0,1,1,0.0,1.0,1,2,2
2750,290,3,1,1,1,2,0,0,0,,1.0,1,2,None
2751,291,0,2,1,0,2,0,0,0,7.0,0.0,1,1,1
2752,291,1,1,2,1,2,1,1,1,6.0,0.0,1,1,1
2753,291,2,1,1,1,2,1,0,1,5.0,0.0,1,1,1
2754,291,3,1,2,1,2,1,1,0,3.0,0.0,1,1,1
2755,291,4,1,2,1,2,0,1,1,3.0,0.0,1,1,1
2756,291,5,1,2,1,2,0,1,1,2.0,0.0,1,1,1
2757,291,6,2,2,1,2,0,0,1,5.0,0.0,1,1,1
2758,291,7,1,2,1,2,1,1,0,5.0,0.0,1,1,1
2759,291,8,1,2,1,2,1,1,0,1.0,0.0,1,1,1
2760,291,9,2,2,1,2,0,1,0,5.0,0.0,1,1,1
2761,291,10,2,2,1,2,1,1,0,3.0,0.0,1,1,1
2762,291,11,2,2,1,2,0,1,1,3.0,0.0,1,1,1
2763,291,12,2,2,1,2,0,1,1,0.0,0.0,1,1,1
2764,291,13,2,2,1,2,0,0,0,1.0,0.0,1,1,1
2765,291,14,2,2,1,2,0,1,0,4.0,0.0,1,1,1
2766,291,15,2,1,1,2,1,0,0,7.0,0.0,1,1,1
2767,291,16,2,1,1,2,1,1,1,1.0,0.0,1,1,1
2768,291,17,2,2,1,2,0,1,0,7.0,0.0,1,1,1
2769,291,18,1,2,1,2,1,1,1,4.0,0.0,1,1,1
2770,291,19,1,1,1,2,1,0,0,7.0,0.0,1,1,1
2771,291,20,1,2,1,2,1,1,1,,0.0,1,1,None
2772,292,0,2,1,0,2,0,0,0,7.0,-1.0,1,0,0
2773,292,1,2,2,0,2,1,1,1,,-1.0,1,0,None
2774,293,0,0,2,1,2,0,0,0,5.0,0.0,1,1,0
2775,293,1,0,2,1,2,1,1,0,5.0,-1.0,1,0,0
2776,293,2,0,2,1,3,1,1,0,,-1.0,1,0,None
2777,294,0,0,1,1,2,0,0,0,4.0,0.0,1,1,1
2778,294,1,0,1,1,2,1,0,0,7.0,0.0,1,1,1
2779,294,2,0,2,1,2,1,1,1,7.0,0.0,1,1,1
2780,294,3,0,2,1,2,1,1,1,2.0,0.0,1,1,1
2781,294,4,0,2,1,2,0,0,1,3.0,0.0,1,1,1
2782,294,5,0,2,1,2,0,1,1,6.0,0.0,1,1,1
2783,294,6,0,1,1,2,1,0,1,3.0,0.0,1,1,1
2784,294,7,0,2,1,2,0,1,1,4.0,0.0,1,1,1
2785,294,8,0,1,1,2,1,0,0,3.0,0.0,1,1,1
2786,294,9,0,2,1,2,0,1,1,5.0,0.0,1,1,1
2787,294,10,0,2,1,2,1,1,0,2.0,0.0,1,1,0
2788,294,11,0,1,1,1,0,0,1,3.0,-1.0,1,0,0
2789,294,12,0,2,1,1,0,1,1,,-1.0,1,0,None
2790,295,0,2,1,1,2,0,0,0,1.0,0.0,1,1,1
2791,295,1,2,1,0,2,0,1,0,5.0,0.0,1,1,1
2792,295,2,1,2,1,2,1,1,0,2.0,0.0,1,1,1
2793,295,3,1,2,1,2,0,0,1,7.0,0.0,1,1,1
2794,295,4,1,2,1,2,1,1,1,2.0,0.0,1,1,1
2795,295,5,1,1,1,2,0,0,1,6.0,0.0,1,1,1
2796,295,6,1,1,1,2,1,0,1,2.0,0.0,1,1,1
2797,295,7,1,1,1,2,0,0,1,4.0,0.0,1,1,1
2798,295,8,1,1,1,2,1,0,0,4.0,0.0,1,1,1
2799,295,9,1,1,1,1,1,0,0,3.0,0.0,1,1,1
2800,295,10,1,2,1,1,0,1,1,0.0,0.0,1,1,1
2801,295,11,1,2,1,1,0,0,0,4.0,0.0,1,1,1
2802,295,12,1,1,1,1,1,0,0,5.0,0.0,1,1,1
2803,295,13,1,1,1,1,1,1,0,1.0,0.0,1,1,0
2804,295,14,2,1,1,1,0,1,0,3.0,-1.0,1,0,0
2805,295,15,2,2,1,1,0,1,1,,-1.0,1,0,None
2806,296,0,2,0,1,2,0,0,0,3.0,0.0,1,1,1
2807,296,1,2,1,1,2,0,1,1,7.0,0.0,1,1,1
2808,296,2,1,1,1,2,1,1,1,7.0,0.0,1,1,1
2809,296,3,1,2,1,2,1,1,1,6.0,0.0,1,1,1
2810,296,4,1,1,1,2,1,0,1,6.0,0.0,1,1,1
2811,296,5,1,1,1,2,1,0,1,6.0,0.0,1,1,1
2812,296,6,1,1,1,2,1,0,1,1.0,0.0,1,1,1
2813,296,7,1,1,1,2,0,1,0,4.0,0.0,1,1,1
2814,296,8,1,1,1,2,1,0,0,4.0,0.0,1,1,1
2815,296,9,1,1,1,1,1,0,0,7.0,0.0,1,1,1
2816,296,10,1,2,1,1,1,1,1,3.0,0.0,1,1,1
2817,296,11,1,2,1,1,0,1,1,5.0,0.0,1,1,1
2818,296,12,1,2,1,1,1,1,0,4.0,0.0,1,1,1
2819,296,13,1,2,1,1,1,0,0,2.0,0.0,1,1,1
2820,296,14,1,2,1,1,0,0,1,0.0,0.0,1,1,1
2821,296,15,1,2,1,0,0,0,0,6.0,0.0,1,1,0
2822,296,16,1,2,1,0,1,0,1,2.0,-1.0,1,0,0
2823,296,17,2,2,1,0,0,0,1,,-1.0,1,0,None
2824,297,0,1,0,1,3,0,0,0,5.0,0.0,1,1,0
2825,297,1,1,1,0,3,1,1,0,0.0,-1.0,1,0,0
2826,297,2,1,2,0,3,0,0,0,,-1.0,1,0,None
2827,298,0,0,1,1,2,0,0,0,1.0,0.0,1,1,1
2828,298,1,0,2,1,2,0,1,0,2.0,0.0,1,1,1
2829,298,2,0,2,1,2,0,0,1,4.0,0.0,1,1,1
2830,298,3,0,1,1,2,1,0,0,3.0,0.0,1,1,1
2831,298,4,0,2,1,2,0,1,1,4.0,0.0,1,1,1
2832,298,5,0,1,1,2,1,0,0,7.0,0.0,1,1,1
2833,298,6,0,2,1,2,1,1,1,5.0,0.0,1,1,1
2834,298,7,0,2,1,2,1,1,0,7.0,0.0,1,1,1
2835,298,8,0,2,1,2,1,1,1,0.0,0.0,1,1,1
2836,298,9,0,2,1,2,0,0,0,5.0,0.0,1,1,1
2837,298,10,0,2,1,2,1,1,0,6.0,0.0,1,1,1
2838,298,11,0,1,1,2,1,0,1,6.0,0.0,1,1,0
2839,298,12,0,1,1,1,1,0,1,7.0,-1.0,1,0,0
2840,298,13,0,2,1,1,1,1,1,,-1.0,1,0,None
2841,299,0,1,1,0,3,0,0,0,7.0,0.0,1,1,1
2842,299,1,1,2,1,4,1,1,1,4.0,0.0,1,1,1
2843,299,2,1,1,1,3,1,0,0,5.0,0.0,1,1,1
2844,299,3,1,2,1,4,1,1,0,6.0,0.0,1,1,1
2845,299,4,1,2,1,4,1,0,1,7.0,0.0,1,1,1
2846,299,5,1,2,1,4,1,1,1,2.0,0.0,1,1,1
2847,299,6,1,2,1,3,0,0,1,7.0,0.0,1,1,1
2848,299,7,1,2,1,4,1,1,1,7.0,0.0,1,1,0
2849,299,8,1,2,1,4,1,1,1,1.0,-1.0,1,0,0
2850,299,9,2,2,1,4,0,1,0,,-1.0,1,0,None
2851,300,0,0,1,1,2,0,0,0,4.0,0.0,1,1,1
2852,300,1,0,1,1,2,1,0,0,7.0,0.0,1,1,0
2853,300,2,0,2,1,2,1,1,1,1.0,-1.0,1,0,0
2854,300,3,0,2,0,2,0,1,0,,-1.0,1,0,None
2855,301,0,1,2,1,2,0,0,0,6.0,0.0,1,1,1
2856,301,1,1,2,1,2,1,0,1,5.0,0.0,1,1,1
2857,301,2,1,2,1,2,1,1,0,7.0,0.0,1,1,1
2858,301,3,1,2,1,2,1,1,1,0.0,0.0,1,1,1
2859,301,4,1,2,1,2,0,0,0,6.0,0.0,1,1,1
2860,301,5,1,2,1,2,1,0,1,1.0,0.0,1,1,1
2861,301,6,1,2,1,2,0,1,0,7.0,0.0,1,1,1
2862,301,7,1,2,1,2,1,1,1,0.0,0.0,1,1,1
2863,301,8,1,2,1,2,0,0,0,5.0,0.0,1,1,1
2864,301,9,1,2,1,2,1,1,0,1.0,0.0,1,1,1
2865,301,10,1,2,1,2,0,1,0,3.0,0.0,1,1,1
2866,301,11,1,2,1,2,0,1,1,4.0,0.0,1,1,1
2867,301,12,1,2,1,2,1,0,0,0.0,0.0,1,1,2
2868,301,13,1,2,1,2,0,0,0,0.0,1.0,1,2,2
2869,301,14,1,1,1,2,0,0,0,,1.0,1,2,None
2870,302,0,0,1,1,4,0,0,0,2.0,0.0,1,1,1
2871,302,1,0,1,1,4,0,0,1,2.0,0.0,1,1,1
2872,302,2,0,1,1,1,0,0,1,2.0,0.0,1,1,1
2873,302,3,1,1,1,1,0,0,1,1.0,0.0,1,1,1
2874,302,4,1,2,1,1,0,1,0,3.0,0.0,1,1,1
2875,302,5,1,2,1,1,0,1,1,1.0,0.0,1,1,1
2876,302,6,1,2,1,1,0,1,0,2.0,0.0,1,1,1
2877,302,7,1,2,1,1,0,0,1,1.0,0.0,1,1,1
2878,302,8,1,2,1,1,0,1,0,4.0,0.0,1,1,1
2879,302,9,1,2,1,1,1,0,0,1.0,0.0,1,1,1
2880,302,10,1,2,1,1,0,1,0,5.0,0.0,1,1,1
2881,302,11,1,2,1,1,1,1,0,5.0,0.0,1,1,1
2882,302,12,1,2,1,1,1,1,0,2.0,0.0,1,1,1
2883,302,13,1,2,1,1,0,0,1,1.0,0.0,1,1,1
2884,302,14,1,2,1,1,0,1,0,1.0,0.0,1,1,0
2885,302,15,1,2,1,1,0,1,0,1.0,-1.0,1,0,0
2886,302,16,1,2,0,1,0,1,0,,-1.0,1,0,None
2887,303,0,2,1,1,2,0,0,0,5.0,0.0,1,1,1
2888,303,1,2,2,1,2,1,1,0,6.0,0.0,1,1,1
2889,303,2,2,1,1,2,1,0,1,2.0,0.0,1,1,1
2890,303,3,2,1,1,2,0,0,1,4.0,0.0,1,1,1
2891,303,4,1,1,1,1,1,0,0,7.0,0.0,1,1,1
2892,303,5,1,1,1,1,1,1,1,1.0,0.0,1,1,0
2893,303,6,1,1,0,1,0,1,0,3.0,-1.0,1,0,0
2894,303,7,0,2,1,1,0,1,1,,-1.0,1,0,None
2895,304,0,0,1,1,2,0,0,0,0.0,0.0,1,1,1
2896,304,1,0,1,1,2,0,0,0,0.0,0.0,1,1,1
2897,304,2,0,1,1,2,0,0,0,7.0,0.0,1,1,0
2898,304,3,0,1,1,2,1,1,1,5.0,-1.0,1,0,0
2899,304,4,0,2,0,2,1,1,0,,-1.0,1,0,None
2900,305,0,1,2,1,2,0,0,0,3.0,0.0,1,1,1
2901,305,1,1,2,1,2,0,1,1,1.0,0.0,1,1,1
2902,305,2,1,2,1,2,0,1,0,5.0,0.0,1,1,1
2903,305,3,1,2,1,2,1,1,0,1.0,0.0,1,1,1
2904,305,4,1,2,1,2,0,1,0,3.0,0.0,1,1,1
2905,305,5,1,2,1,2,0,1,1,6.0,0.0,1,1,1
2906,305,6,1,2,1,2,1,0,1,3.0,0.0,1,1,1
2907,305,7,1,2,1,2,0,1,1,7.0,0.0,1,1,1
2908,305,8,1,2,1,2,1,1,1,4.0,0.0,1,1,1
2909,305,9,1,1,1,2,1,0,0,2.0,0.0,1,1,1
2910,305,10,1,1,1,1,0,0,1,7.0,0.0,1,1,1
2911,305,11,1,2,1,1,1,1,1,2.0,0.0,1,1,1
2912,305,12,1,2,1,1,0,0,1,4.0,0.0,1,1,1
2913,305,13,1,2,1,1,1,0,0,4.0,0.0,1,1,1
2914,305,14,1,2,1,1,1,0,0,6.0,0.0,1,1,1
2915,305,15,1,1,1,1,1,0,1,7.0,0.0,1,1,1
2916,305,16,1,1,1,1,1,1,1,2.0,0.0,1,1,1
2917,305,17,2,1,1,1,0,0,1,3.0,0.0,1,1,1
2918,305,18,2,1,1,1,0,1,1,3.0,0.0,1,1,1
2919,305,19,1,1,1,1,0,1,1,6.0,0.0,1,1,1
2920,305,20,1,1,1,1,1,0,1,,0.0,1,1,None
2921,306,0,0,2,1,2,0,0,0,3.0,0.0,1,1,1
2922,306,1,0,2,1,2,0,1,1,0.0,0.0,1,1,1
2923,306,2,0,2,1,2,0,0,0,4.0,0.0,1,1,0
2924,306,3,0,1,1,2,1,0,0,5.0,-1.0,1,0,0
2925,306,4,0,2,0,2,1,1,0,,-1.0,1,0,None
2926,307,0,2,2,1,2,0,0,0,3.0,0.0,1,1,1
2927,307,1,2,2,1,2,0,1,1,2.0,0.0,1,1,1
2928,307,2,1,2,1,2,0,0,1,3.0,0.0,1,1,1
2929,307,3,0,2,1,2,0,1,1,5.0,0.0,1,1,1
2930,307,4,0,2,1,2,1,1,0,1.0,0.0,1,1,1
2931,307,5,0,2,1,2,0,1,0,0.0,0.0,1,1,1
2932,307,6,0,1,1,2,0,0,0,6.0,0.0,1,1,0
2933,307,7,0,1,1,2,1,0,1,5.0,-1.0,1,0,0
2934,307,8,0,2,0,2,1,1,0,,-1.0,1,0,None
2935,308,0,1,2,1,2,0,0,0,4.0,0.0,1,1,1
2936,308,1,1,2,1,2,1,0,0,0.0,0.0,1,1,1
2937,308,2,1,2,0,2,0,0,0,6.0,0.0,1,1,1
2938,308,3,1,2,1,2,1,0,1,4.0,0.0,1,1,1
2939,308,4,1,1,0,2,1,0,0,2.0,0.0,1,1,1
2940,308,5,1,1,1,2,0,0,1,5.0,0.0,1,1,1
2941,308,6,1,2,1,2,1,1,0,4.0,0.0,1,1,1
2942,308,7,1,2,1,2,1,0,0,5.0,0.0,1,1,1
2943,308,8,1,2,1,2,1,1,0,1.0,0.0,1,1,1
2944,308,9,1,2,1,2,0,1,0,3.0,0.0,1,1,1
2945,308,10,0,2,1,2,0,1,1,4.0,0.0,1,1,0
2946,308,11,0,1,1,1,1,0,0,3.0,-1.0,1,0,0
2947,308,12,0,2,1,1,0,1,1,,-1.0,1,0,None
2948,309,0,1,0,1,3,0,0,0,0.0,0.0,1,1,1
2949,309,1,1,0,1,4,0,0,0,6.0,0.0,1,1,1
2950,309,2,1,0,1,3,1,0,1,6.0,0.0,1,1,0
2951,309,3,1,0,1,4,1,0,1,2.0,-1.0,1,0,0
2952,309,4,2,0,1,4,0,0,1,,-1.0,1,0,None
2953,310,0,1,1,0,2,0,0,0,6.0,0.0,1,1,1
2954,310,1,1,1,1,1,1,0,1,3.0,0.0,1,1,0
2955,310,2,1,2,1,1,0,1,1,0.0,-1.0,1,0,0
2956,310,3,0,2,1,1,0,0,0,,-1.0,1,0,None
2957,311,0,1,2,0,2,0,0,0,3.0,0.0,1,1,0
2958,311,1,1,2,0,2,0,1,1,0.0,-1.0,1,0,0
2959,311,2,1,2,0,1,0,0,0,,-1.0,1,0,None
2960,312,0,2,1,0,2,0,0,0,7.0,0.0,1,1,1
2961,312,1,1,1,0,2,1,1,1,4.0,0.0,1,1,1
2962,312,2,1,1,0,2,1,0,0,7.0,0.0,1,1,1
2963,312,3,1,2,1,2,1,1,1,7.0,0.0,1,1,1
2964,312,4,1,2,1,2,1,1,1,6.0,0.0,1,1,1
2965,312,5,1,1,1,1,1,0,1,3.0,0.0,1,1,1
2966,312,6,1,2,1,1,0,1,1,0.0,0.0,1,1,1
2967,312,7,1,2,1,1,0,0,0,5.0,0.0,1,1,1
2968,312,8,1,2,1,1,1,1,0,1.0,0.0,1,1,1
2969,312,9,1,2,1,1,0,1,0,7.0,0.0,1,1,1
2970,312,10,1,2,1,1,1,1,1,4.0,0.0,1,1,1
2971,312,11,1,2,1,1,1,0,0,4.0,0.0,1,1,1
2972,312,12,1,1,1,1,1,0,0,6.0,0.0,1,1,1
2973,312,13,1,1,1,1,1,0,1,0.0,0.0,1,1,1
2974,312,14,1,1,1,1,0,0,0,0.0,0.0,1,1,1
2975,312,15,1,1,1,1,0,0,0,7.0,0.0,1,1,1
2976,312,16,1,2,1,1,1,1,1,1.0,0.0,1,1,1
2977,312,17,1,2,1,1,0,1,0,3.0,0.0,1,1,1
2978,312,18,1,2,1,1,0,1,1,7.0,0.0,1,1,1
2979,312,19,1,2,1,1,1,1,1,4.0,0.0,1,1,1
2980,312,20,1,1,1,1,1,0,0,,0.0,1,1,None
2981,313,0,2,1,1,2,0,0,0,2.0,-1.0,1,0,0
2982,313,1,2,2,1,1,0,0,1,,-1.0,1,0,None
2983,314,0,0,1,0,2,0,0,0,0.0,-1.0,1,0,0
2984,314,1,0,0,0,2,0,0,0,,-1.0,1,0,None
2985,315,0,1,2,1,3,0,0,0,5.0,-1.0,1,0,0
2986,315,1,1,2,0,3,1,1,0,,-1.0,1,0,None
2987,316,0,0,1,1,3,0,0,0,2.0,0.0,1,1,1
2988,316,1,0,1,1,2,0,0,1,4.0,0.0,1,1,1
2989,316,2,0,1,1,2,1,0,0,6.0,0.0,1,1,1
2990,316,3,0,1,1,2,1,0,1,0.0,0.0,1,1,1
2991,316,4,0,1,1,1,0,0,0,6.0,0.0,1,1,1
2992,316,5,0,1,1,2,1,0,1,2.0,0.0,1,1,1
2993,316,6,0,1,1,3,0,0,1,6.0,0.0,1,1,1
2994,316,7,0,1,1,2,1,0,1,6.0,0.0,1,1,1
2995,316,8,0,1,1,3,1,0,1,0.0,0.0,1,1,1
2996,316,9,0,1,1,2,0,0,0,4.0,0.0,1,1,1
2997,316,10,0,1,1,3,1,0,0,6.0,0.0,1,1,1
2998,316,11,0,1,1,4,1,0,1,6.0,0.0,1,1,1
2999,316,12,0,1,1,4,1,0,1,0.0,0.0,1,1,0
3000,316,13,0,1,1,3,0,0,0,2.0,-1.0,1,0,0
3001,316,14,0,0,1,3,0,0,1,,-1.0,1,0,None
3002,317,0,1,0,1,0,0,0,0,4.0,0.0,1,1,1
3003,317,1,1,0,1,0,1,0,0,0.0,0.0,1,1,1
3004,317,2,1,0,1,0,0,0,0,5.0,0.0,1,1,0
3005,317,3,1,0,1,0,1,1,0,4.0,-1.0,1,0,0
3006,317,4,1,0,0,0,1,0,0,,-1.0,1,0,None
3007,318,0,0,1,1,2,0,0,0,0.0,0.0,1,1,0
3008,318,1,0,1,0,2,0,0,0,7.0,-1.0,1,0,0
3009,318,2,0,2,0,2,1,1,1,,-1.0,1,0,None
3010,319,0,1,1,1,1,0,0,0,5.0,0.0,1,1,1
3011,319,1,1,2,1,1,1,1,0,3.0,0.0,1,1,1
3012,319,2,1,2,1,1,0,1,1,2.0,0.0,1,1,1
3013,319,3,1,2,1,1,0,0,1,0.0,0.0,1,1,1
3014,319,4,1,2,1,1,0,0,0,3.0,0.0,1,1,1
3015,319,5,1,2,1,1,0,1,1,4.0,0.0,1,1,1
3016,319,6,1,1,1,1,1,0,0,5.0,0.0,1,1,1
3017,319,7,1,1,1,1,1,1,0,3.0,0.0,1,1,0
3018,319,8,1,2,1,1,0,1,1,3.0,-1.0,1,0,0
3019,319,9,2,2,1,1,0,1,1,,-1.0,1,0,None
3020,320,0,2,1,1,2,0,0,0,0.0,0.0,1,1,1
3021,320,1,2,1,1,2,0,0,0,4.0,0.0,1,1,1
3022,320,2,2,1,0,2,1,0,0,2.0,0.0,1,1,1
3023,320,3,2,1,0,2,0,0,1,6.0,0.0,1,1,1
3024,320,4,1,1,1,2,1,0,1,0.0,0.0,1,1,1
3025,320,5,2,1,1,2,0,0,0,4.0,0.0,1,1,2
3026,320,6,1,1,1,2,1,0,0,0.0,1.0,1,2,2
3027,320,7,1,1,1,2,0,0,0,,1.0,1,2,None
3028,321,0,1,1,0,3,0,0,0,1.0,-1.0,1,0,0
3029,321,1,1,2,0,3,0,1,0,,-1.0,1,0,None
3030,322,0,2,0,1,2,0,0,0,2.0,0.0,1,1,1
3031,322,1,2,0,1,2,0,0,1,7.0,0.0,1,1,1
3032,322,2,2,1,1,2,1,1,1,1.0,0.0,1,1,1
3033,322,3,2,2,1,2,0,1,0,3.0,0.0,1,1,1
3034,322,4,2,2,1,2,0,1,1,6.0,0.0,1,1,1
3035,322,5,2,1,1,2,1,0,1,6.0,0.0,1,1,1
3036,322,6,1,1,1,2,1,0,1,4.0,0.0,1,1,1
3037,322,7,1,1,1,1,1,0,0,6.0,0.0,1,1,1
3038,322,8,1,1,1,1,1,0,1,6.0,0.0,1,1,1
3039,322,9,1,1,1,1,1,0,1,1.0,0.0,1,1,1
3040,322,10,1,1,1,1,0,1,0,4.0,0.0,1,1,1
3041,322,11,1,1,1,0,1,0,0,5.0,0.0,1,1,1
3042,322,12,1,1,1,0,1,1,0,7.0,0.0,1,1,1
3043,322,13,1,1,1,0,1,1,1,1.0,0.0,1,1,1
3044,322,14,1,2,1,0,0,1,0,6.0,0.0,1,1,1
3045,322,15,1,1,1,0,1,0,1,4.0,0.0,1,1,1
3046,322,16,1,1,1,1,1,0,0,1.0,0.0,1,1,1
3047,322,17,1,2,1,1,0,1,0,3.0,0.0,1,1,1
3048,322,18,1,2,1,1,0,1,1,4.0,0.0,1,1,1
3049,322,19,1,2,1,1,1,0,0,5.0,0.0,1,1,1
3050,322,20,1,2,1,1,1,1,0,,0.0,1,1,None
3051,323,0,0,2,1,2,0,0,0,3.0,0.0,1,1,1
3052,323,1,0,2,1,2,0,1,1,7.0,0.0,1,1,0
3053,323,2,0,2,1,2,1,1,1,2.0,-1.0,1,0,0
3054,323,3,0,2,1,1,0,0,1,,-1.0,1,0,None
3055,324,0,1,0,0,2,0,0,0,0.0,-1.0,1,0,0
3056,324,1,1,0,0,1,0,0,0,,-1.0,1,0,None
3057,325,0,1,0,1,2,0,0,0,2.0,0.0,1,1,1
3058,325,1,1,0,1,2,0,0,1,7.0,0.0,1,1,1
3059,325,2,1,1,1,2,1,1,1,4.0,0.0,1,1,1
3060,325,3,1,1,1,2,1,0,0,3.0,0.0,1,1,1
3061,325,4,1,2,1,2,0,1,1,4.0,0.0,1,1,1
3062,325,5,1,0,1,1,1,0,0,6.0,0.0,1,1,1
3063,325,6,1,0,1,1,1,0,1,6.0,0.0,1,1,1
3064,325,7,1,0,1,1,1,0,1,7.0,0.0,1,1,1
3065,325,8,1,1,1,1,1,1,1,6.0,0.0,1,1,1
3066,325,9,1,1,1,1,1,0,1,0.0,0.0,1,1,1
3067,325,10,1,1,1,1,0,0,0,2.0,0.0,1,1,1
3068,325,11,0,1,1,1,0,0,1,4.0,0.0,1,1,1
3069,325,12,0,1,1,1,1,0,0,4.0,0.0,1,1,0
3070,325,13,0,1,1,1,1,0,0,1.0,-1.0,1,0,0
3071,325,14,0,2,1,1,0,1,0,,-1.0,1,0,None
3072,326,0,2,1,0,2,0,0,0,1.0,-1.0,1,0,0
3073,326,1,2,2,0,2,0,1,0,,-1.0,1,0,None
3074,327,0,1,0,1,2,0,0,0,3.0,0.0,1,1,1
3075,327,1,2,1,1,2,0,1,1,6.0,0.0,1,1,1
3076,327,2,1,1,1,2,1,0,1,4.0,0.0,1,1,1
3077,327,3,1,1,1,2,1,0,0,5.0,0.0,1,1,1
3078,327,4,1,2,1,2,1,1,0,7.0,0.0,1,1,1
3079,327,5,1,2,1,2,1,1,1,1.0,0.0,1,1,1
3080,327,6,1,2,1,2,0,1,0,2.0,0.0,1,1,1
3081,327,7,1,2,1,2,0,0,1,4.0,0.0,1,1,1
3082,327,8,1,2,1,2,1,0,0,4.0,0.0,1,1,1
3083,327,9,1,1,1,2,1,0,0,5.0,0.0,1,1,1
3084,327,10,1,1,1,2,1,1,0,6.0,0.0,1,1,1
3085,327,11,1,1,1,2,1,0,1,7.0,0.0,1,1,1
3086,327,12,1,2,1,2,1,1,1,0.0,0.0,1,1,1
3087,327,13,1,2,1,2,0,0,0,4.0,0.0,1,1,1
3088,327,14,1,2,1,2,1,0,0,2.0,0.0,1,1,1
3089,327,15,2,2,1,2,0,0,1,3.0,0.0,1,1,1
3090,327,16,1,2,1,2,0,1,1,6.0,0.0,1,1,1
3091,327,17,1,1,1,2,1,0,1,7.0,0.0,1,1,1
3092,327,18,1,1,1,2,1,1,1,3.0,0.0,1,1,1
3093,327,19,1,2,1,2,0,1,1,2.0,0.0,1,1,1
3094,327,20,1,2,1,2,0,0,1,,0.0,1,1,None
3095,328,0,0,1,1,2,0,0,0,4.0,0.0,1,1,1
3096,328,1,0,1,1,1,1,0,0,4.0,0.0,1,1,0
3097,328,2,0,1,1,1,1,0,0,5.0,-1.0,1,0,0
3098,328,3,0,2,0,1,1,1,0,,-1.0,1,0,None
3099,329,0,2,1,1,2,0,0,0,5.0,0.0,1,1,1
3100,329,1,2,2,1,2,1,1,0,0.0,0.0,1,1,1
3101,329,2,2,2,1,2,0,0,0,1.0,0.0,1,1,1
3102,329,3,2,2,1,2,0,1,0,5.0,0.0,1,1,0
3103,329,4,2,2,1,2,1,1,0,0.0,-1.0,1,0,0
3104,329,5,2,2,1,1,0,0,0,,-1.0,1,0,None
3105,330,0,1,2,1,1,0,0,0,3.0,0.0,1,1,1
3106,330,1,1,2,1,1,0,1,1,5.0,0.0,1,1,0
3107,330,2,1,2,1,1,1,1,0,2.0,-1.0,1,0,0
3108,330,3,2,2,1,1,0,0,1,,-1.0,1,0,None
3109,331,0,1,1,0,4,0,0,0,1.0,-1.0,1,0,0
3110,331,1,1,2,0,4,0,1,0,,-1.0,1,0,None
3111,332,0,2,0,1,2,0,0,0,3.0,0.0,1,1,1
3112,332,1,2,0,1,2,0,1,1,1.0,0.0,1,1,1
3113,332,2,1,1,1,2,0,1,0,3.0,0.0,1,1,1
3114,332,3,1,1,1,2,0,1,1,3.0,0.0,1,1,1
3115,332,4,0,2,1,2,0,1,1,4.0,0.0,1,1,1
3116,332,5,0,1,1,2,1,0,0,3.0,0.0,1,1,0
3117,332,6,0,2,1,2,0,1,1,4.0,-1.0,1,0,0
3118,332,7,0,2,1,1,1,0,0,,-1.0,1,0,None
3119,333,0,1,1,1,3,0,0,0,2.0,0.0,1,1,0
3120,333,1,1,1,1,3,0,0,1,1.0,-1.0,1,0,0
3121,333,2,0,2,1,3,0,1,0,,-1.0,1,0,None
3122,334,0,1,1,1,1,0,0,0,2.0,0.0,1,1,1
3123,334,1,1,1,1,0,0,0,1,3.0,0.0,1,1,1
3124,334,2,1,2,1,1,0,1,1,7.0,0.0,1,1,1
3125,334,3,1,2,1,1,1,1,1,1.0,0.0,1,1,1
3126,334,4,2,2,1,2,0,1,0,4.0,0.0,1,1,1
3127,334,5,1,1,1,1,1,0,0,3.0,0.0,1,1,1
3128,334,6,1,2,1,1,0,1,1,4.0,0.0,1,1,1
3129,334,7,1,1,0,1,1,0,0,2.0,0.0,1,1,1
3130,334,8,1,1,0,0,0,0,1,4.0,0.0,1,1,1
3131,334,9,1,1,0,0,1,0,0,4.0,0.0,1,1,1
3132,334,10,1,1,1,1,1,0,0,6.0,0.0,1,1,1
3133,334,11,1,1,1,1,1,0,1,0.0,0.0,1,1,1
3134,334,12,1,1,1,0,0,0,0,0.0,0.0,1,1,0
3135,334,13,1,1,1,0,0,0,0,3.0,-1.0,1,0,0
3136,334,14,2,2,1,0,0,1,1,,-1.0,1,0,None
3137,335,0,0,0,1,2,0,0,0,4.0,0.0,1,1,1
3138,335,1,0,0,1,2,1,0,0,4.0,0.0,1,1,1
3139,335,2,0,0,1,2,1,0,0,4.0,0.0,1,1,0
3140,335,3,0,0,1,2,1,0,0,4.0,-1.0,1,0,0
3141,335,4,0,0,1,1,1,0,0,,-1.0,1,0,None
3142,336,0,1,0,1,3,0,0,0,1.0,0.0,1,1,1
3143,336,1,1,2,1,4,0,1,0,0.0,0.0,1,1,1
3144,336,2,1,2,1,4,0,0,0,2.0,0.0,1,1,1
3145,336,3,1,1,1,4,0,0,1,3.0,0.0,1,1,1
3146,336,4,1,2,1,4,0,1,1,7.0,0.0,1,1,1
3147,336,5,1,2,1,4,1,1,1,2.0,0.0,1,1,1
3148,336,6,1,2,1,4,0,0,1,7.0,0.0,1,1,0
3149,336,7,1,2,1,4,1,1,1,3.0,-1.0,1,0,0
3150,336,8,2,2,1,4,0,1,1,,-1.0,1,0,None
3151,337,0,2,0,1,2,0,0,0,6.0,0.0,1,1,1
3152,337,1,1,0,1,2,1,0,1,1.0,0.0,1,1,2
3153,337,2,1,1,1,2,0,1,0,0.0,1.0,1,2,2
3154,337,3,1,1,1,2,0,0,0,,1.0,1,2,None
3155,338,0,1,2,1,1,0,0,0,4.0,0.0,1,1,1
3156,338,1,1,1,1,0,1,0,0,2.0,0.0,1,1,1
3157,338,2,1,1,1,0,0,0,1,4.0,0.0,1,1,1
3158,338,3,1,1,1,0,1,0,0,5.0,0.0,1,1,0
3159,338,4,1,1,0,0,1,1,0,5.0,-1.0,1,0,0
3160,338,5,1,2,0,0,1,1,0,,-1.0,1,0,None
3161,339,0,1,1,0,3,0,0,0,6.0,0.0,1,1,1
3162,339,1,1,1,1,4,1,0,1,0.0,0.0,1,1,1
3163,339,2,1,2,1,4,0,0,0,0.0,0.0,1,1,1
3164,339,3,1,2,1,4,0,0,0,2.0,0.0,1,1,1
3165,339,4,1,2,1,4,0,0,1,3.0,0.0,1,1,1
3166,339,5,1,2,1,4,0,1,1,0.0,0.0,1,1,1
3167,339,6,1,2,1,4,0,0,0,5.0,0.0,1,1,1
3168,339,7,1,2,1,4,1,1,0,7.0,0.0,1,1,1
3169,339,8,1,2,1,4,1,1,1,5.0,0.0,1,1,1
3170,339,9,1,2,1,4,1,1,0,2.0,0.0,1,1,1
3171,339,10,1,2,1,4,0,0,1,6.0,0.0,1,1,1
3172,339,11,1,1,1,4,1,0,1,2.0,0.0,1,1,1
3173,339,12,1,1,1,4,0,0,1,7.0,0.0,1,1,1
3174,339,13,1,2,1,4,1,1,1,1.0,0.0,1,1,1
3175,339,14,1,2,1,4,0,1,0,5.0,0.0,1,1,1
3176,339,15,1,2,1,4,1,1,0,2.0,0.0,1,1,1
3177,339,16,1,2,1,4,0,0,1,6.0,0.0,1,1,1
3178,339,17,1,2,1,3,1,0,1,3.0,0.0,1,1,1
3179,339,18,1,2,1,3,0,1,1,5.0,0.0,1,1,1
3180,339,19,1,2,1,3,1,1,0,4.0,0.0,1,1,1
3181,339,20,1,2,1,3,1,0,0,,0.0,1,1,None
3182,340,0,1,0,1,2,0,0,0,5.0,0.0,1,1,1
3183,340,1,1,1,1,2,1,1,0,3.0,0.0,1,1,1
3184,340,2,1,2,1,2,0,1,1,0.0,0.0,1,1,1
3185,340,3,1,2,1,2,0,0,0,7.0,0.0,1,1,1
3186,340,4,1,2,1,2,1,1,1,5.0,0.0,1,1,1
3187,340,5,1,2,1,2,1,1,0,1.0,0.0,1,1,1
3188,340,6,1,2,1,2,0,1,0,6.0,0.0,1,1,1
3189,340,7,1,2,1,2,1,0,1,7.0,0.0,1,1,1
3190,340,8,1,2,1,2,1,1,1,1.0,0.0,1,1,1
3191,340,9,1,2,1,2,0,1,0,4.0,0.0,1,1,1
3192,340,10,1,1,1,2,1,0,0,7.0,0.0,1,1,1
3193,340,11,1,1,1,2,1,1,1,4.0,0.0,1,1,1
3194,340,12,1,1,1,2,1,0,0,6.0,0.0,1,1,1
3195,340,13,1,1,1,2,1,0,1,4.0,0.0,1,1,1
3196,340,14,1,1,0,2,1,0,0,7.0,0.0,1,1,1
3197,340,15,1,2,1,2,1,1,1,6.0,0.0,1,1,1
3198,340,16,1,1,1,2,1,0,1,5.0,0.0,1,1,1
3199,340,17,1,1,1,2,1,1,0,1.0,0.0,1,1,1
3200,340,18,1,1,1,2,0,1,0,7.0,0.0,1,1,1
3201,340,19,1,2,1,2,1,1,1,4.0,0.0,1,1,1
3202,340,20,1,2,1,2,1,0,0,,0.0,1,1,None
3203,341,0,2,1,1,1,0,0,0,2.0,0.0,1,1,1
3204,341,1,2,1,1,1,0,0,1,6.0,0.0,1,1,0
3205,341,2,2,1,1,1,1,0,1,3.0,-1.0,1,0,0
3206,341,3,2,2,1,1,0,1,1,,-1.0,1,0,None
3207,342,0,1,0,1,2,0,0,0,1.0,0.0,1,1,1
3208,342,1,2,1,1,2,0,1,0,0.0,0.0,1,1,1
3209,342,2,2,1,0,2,0,0,0,7.0,0.0,1,1,1
3210,342,3,2,2,1,2,1,1,1,4.0,0.0,1,1,1
3211,342,4,2,1,1,1,1,0,0,1.0,0.0,1,1,1
3212,342,5,2,1,1,1,0,1,0,5.0,0.0,1,1,0
3213,342,6,2,1,1,1,1,1,0,1.0,-1.0,1,0,0
3214,342,7,2,2,1,1,0,1,0,,-1.0,1,0,None
3215,343,0,0,0,1,2,0,0,0,4.0,0.0,1,1,1
3216,343,1,0,0,1,2,1,0,0,0.0,0.0,1,1,1
3217,343,2,0,0,1,2,0,0,0,2.0,0.0,1,1,1
3218,343,3,1,0,1,2,0,0,1,5.0,0.0,1,1,1
3219,343,4,1,0,1,2,1,1,0,2.0,0.0,1,1,1
3220,343,5,1,0,1,2,0,0,1,7.0,0.0,1,1,1
3221,343,6,1,0,1,2,1,1,1,2.0,0.0,1,1,1
3222,343,7,1,0,1,2,0,0,1,1.0,0.0,1,1,1
3223,343,8,1,1,1,2,0,1,0,5.0,0.0,1,1,0
3224,343,9,1,2,1,2,1,1,0,0.0,-1.0,1,0,0
3225,343,10,2,2,1,1,0,0,0,,-1.0,1,0,None
3226,344,0,0,1,1,2,0,0,0,2.0,0.0,1,1,0
3227,344,1,0,1,1,1,0,0,1,5.0,-1.0,1,0,0
3228,344,2,0,2,1,1,1,1,0,,-1.0,1,0,None
3229,345,0,1,1,1,1,0,0,0,1.0,0.0,1,1,1
3230,345,1,1,1,1,1,0,1,0,7.0,0.0,1,1,1
3231,345,2,1,2,1,1,1,1,1,4.0,0.0,1,1,1
3232,345,3,1,2,1,1,1,0,0,1.0,0.0,1,1,1
3233,345,4,1,2,1,1,0,1,0,0.0,0.0,1,1,1
3234,345,5,1,2,1,1,0,0,0,1.0,0.0,1,1,0
3235,345,6,1,2,1,1,0,1,0,3.0,-1.0,1,0,0
3236,345,7,0,2,1,1,0,1,1,,-1.0,1,0,None
3237,346,0,1,1,1,1,0,0,0,4.0,0.0,1,1,1
3238,346,1,1,1,1,1,1,0,0,7.0,0.0,1,1,1
3239,346,2,1,2,1,1,1,1,1,5.0,0.0,1,1,1
3240,346,3,1,2,1,1,1,1,0,2.0,0.0,1,1,1
3241,346,4,1,2,1,1,0,0,1,1.0,0.0,1,1,1
3242,346,5,1,2,1,1,0,1,0,0.0,0.0,1,1,1
3243,346,6,1,2,1,1,0,0,0,1.0,0.0,1,1,1
3244,346,7,1,2,1,1,0,1,0,6.0,0.0,1,1,1
3245,346,8,1,1,1,1,1,0,1,3.0,0.0,1,1,1
3246,346,9,1,1,1,1,0,1,1,4.0,0.0,1,1,1
3247,346,10,1,1,1,1,1,0,0,0.0,0.0,1,1,1
3248,346,11,1,1,1,0,0,0,0,0.0,0.0,1,1,1
3249,346,12,1,1,1,0,0,0,0,6.0,0.0,1,1,1
3250,346,13,1,1,1,0,1,0,1,7.0,0.0,1,1,1
3251,346,14,1,2,1,0,1,1,1,2.0,0.0,1,1,1
3252,346,15,1,2,1,0,0,0,1,4.0,0.0,1,1,1
3253,346,16,1,2,1,0,1,0,0,5.0,0.0,1,1,0
3254,346,17,1,2,1,0,1,1,0,1.0,-1.0,1,0,0
3255,346,18,1,2,0,0,0,1,0,,-1.0,1,0,None
3256,347,0,1,0,1,2,0,0,0,0.0,0.0,1,1,1
3257,347,1,0,0,1,2,0,0,0,3.0,0.0,1,1,1
3258,347,2,0,1,1,2,0,1,1,4.0,0.0,1,1,1
3259,347,3,0,1,1,2,1,0,0,7.0,0.0,1,1,1
3260,347,4,0,2,1,2,1,1,1,3.0,0.0,1,1,1
3261,347,5,0,2,1,2,0,1,1,1.0,0.0,1,1,1
3262,347,6,0,2,1,2,0,1,0,0.0,0.0,1,1,1
3263,347,7,0,2,1,2,0,0,0,7.0,0.0,1,1,1
3264,347,8,0,2,1,2,1,1,1,5.0,0.0,1,1,1
3265,347,9,0,2,1,2,1,1,0,1.0,0.0,1,1,1
3266,347,10,0,2,1,2,0,1,0,1.0,0.0,1,1,0
3267,347,11,0,2,1,2,0,1,0,0.0,-1.0,1,0,0
3268,347,12,0,2,1,1,0,0,0,,-1.0,1,0,None
3269,348,0,0,0,1,2,0,0,0,5.0,0.0,1,1,1
3270,348,1,0,1,1,2,1,1,0,6.0,0.0,1,1,1
3271,348,2,0,1,1,2,1,0,1,5.0,0.0,1,1,1
3272,348,3,0,1,1,2,1,1,0,5.0,0.0,1,1,1
3273,348,4,0,2,1,2,1,1,0,2.0,0.0,1,1,1
3274,348,5,0,2,1,2,0,0,1,7.0,0.0,1,1,1
3275,348,6,0,2,1,2,1,1,1,6.0,0.0,1,1,1
3276,348,7,0,0,1,2,1,0,1,0.0,0.0,1,1,0
3277,348,8,0,0,1,2,0,0,0,4.0,-1.0,1,0,0
3278,348,9,0,0,0,2,1,0,0,,-1.0,1,0,None
3279,349,0,1,1,1,4,0,0,0,0.0,0.0,1,1,1
3280,349,1,1,1,1,4,0,0,0,2.0,0.0,1,1,1
3281,349,2,1,1,1,4,0,0,1,7.0,0.0,1,1,1
3282,349,3,1,2,1,4,1,1,1,3.0,0.0,1,1,0
3283,349,4,1,2,1,4,0,1,1,3.0,-1.0,1,0,0
3284,349,5,0,2,1,4,0,1,1,,-1.0,1,0,None
3285,350,0,0,1,1,3,0,0,0,3.0,-1.0,1,0,0
3286,350,1,0,2,1,3,0,1,1,,-1.0,1,0,None
3287,351,0,1,0,0,2,0,0,0,3.0,0.0,1,1,1
3288,351,1,2,1,1,2,0,1,1,0.0,0.0,1,1,1
3289,351,2,2,1,1,2,0,0,0,3.0,0.0,1,1,1
3290,351,3,2,2,1,2,0,1,1,5.0,0.0,1,1,1
3291,351,4,1,2,1,2,1,1,0,2.0,0.0,1,1,1
3292,351,5,1,2,1,2,0,0,1,6.0,0.0,1,1,1
3293,351,6,1,2,1,2,1,0,1,4.0,0.0,1,1,1
3294,351,7,1,2,1,2,1,0,0,2.0,0.0,1,1,1
3295,351,8,1,2,1,2,0,0,1,6.0,0.0,1,1,1
3296,351,9,1,2,1,2,1,0,1,2.0,0.0,1,1,0
3297,351,10,2,2,1,2,0,0,1,2.0,-1.0,1,0,0
3298,351,11,2,2,1,1,0,0,1,,-1.0,1,0,None
3299,352,0,2,1,1,1,0,0,0,6.0,0.0,1,1,0
3300,352,1,2,1,1,1,1,0,1,3.0,-1.0,1,0,0
3301,352,2,2,2,1,1,0,1,1,,-1.0,1,0,None
3302,353,0,1,1,1,3,0,0,0,4.0,0.0,1,1,1
3303,353,1,1,1,1,3,1,0,0,4.0,0.0,1,1,1
3304,353,2,1,1,0,3,1,0,0,0.0,0.0,1,1,1
3305,353,3,1,1,0,3,0,0,0,2.0,0.0,1,1,1
3306,353,4,1,0,1,3,0,0,1,3.0,0.0,1,1,1
3307,353,5,1,1,1,3,0,1,1,0.0,0.0,1,1,1
3308,353,6,1,1,1,3,0,0,0,6.0,0.0,1,1,1
3309,353,7,1,1,1,3,1,0,1,0.0,0.0,1,1,1
3310,353,8,1,1,1,3,0,0,0,5.0,0.0,1,1,1
3311,353,9,1,2,1,3,1,1,0,0.0,0.0,1,1,1
3312,353,10,1,2,1,3,0,0,0,4.0,0.0,1,1,1
3313,353,11,1,2,1,1,1,0,0,6.0,0.0,1,1,1
3314,353,12,1,2,1,1,1,0,1,0.0,0.0,1,1,1
3315,353,13,1,2,1,0,0,0,0,3.0,0.0,1,1,0
3316,353,14,1,2,1,0,0,1,1,3.0,-1.0,1,0,0
3317,353,15,2,2,1,0,0,1,1,,-1.0,1,0,None
3318,354,0,1,1,0,2,0,0,0,4.0,0.0,1,1,1
3319,354,1,1,1,0,2,1,0,0,0.0,0.0,1,1,1
3320,354,2,1,1,0,2,0,0,0,4.0,0.0,1,1,1
3321,354,3,1,1,0,2,1,0,0,2.0,0.0,1,1,1
3322,354,4,1,1,1,2,0,0,1,7.0,0.0,1,1,1
3323,354,5,1,2,1,2,1,1,1,5.0,0.0,1,1,1
3324,354,6,1,2,1,2,1,1,0,2.0,0.0,1,1,1
3325,354,7,1,2,1,2,0,0,1,2.0,0.0,1,1,1
3326,354,8,1,2,1,1,0,0,1,1.0,0.0,1,1,1
3327,354,9,1,2,1,1,0,1,0,6.0,0.0,1,1,1
3328,354,10,1,1,1,1,1,0,1,6.0,0.0,1,1,1
3329,354,11,1,1,1,1,1,0,1,3.0,0.0,1,1,1
3330,354,12,1,1,1,1,0,1,1,5.0,0.0,1,1,1
3331,354,13,1,2,1,1,1,1,0,5.0,0.0,1,1,1
3332,354,14,1,1,1,1,1,1,0,3.0,0.0,1,1,1
3333,354,15,1,2,1,1,0,1,1,6.0,0.0,1,1,1
3334,354,16,1,2,1,1,1,0,1,2.0,0.0,1,1,1
3335,354,17,1,2,1,1,0,0,1,5.0,0.0,1,1,1
3336,354,18,1,2,1,1,1,1,0,2.0,0.0,1,1,1
3337,354,19,1,2,1,1,0,0,1,5.0,0.0,1,1,1
3338,354,20,1,2,1,1,1,1,0,,0.0,1,1,None
3339,355,0,1,2,1,3,0,0,0,4.0,0.0,1,1,1
3340,355,1,1,2,1,3,1,0,0,4.0,0.0,1,1,1
3341,355,2,1,1,1,4,1,0,0,1.0,0.0,1,1,1
3342,355,3,1,2,1,4,0,1,0,4.0,0.0,1,1,0
3343,355,4,1,2,1,4,1,0,0,0.0,-1.0,1,0,0
3344,355,5,2,2,1,4,0,0,0,,-1.0,1,0,None
3345,356,0,1,1,0,2,0,0,0,0.0,0.0,1,1,1
3346,356,1,1,1,0,2,0,0,0,7.0,0.0,1,1,1
3347,356,2,1,2,0,2,1,1,1,5.0,0.0,1,1,1
3348,356,3,1,2,0,2,1,1,0,6.0,0.0,1,1,1
3349,356,4,1,2,1,2,1,0,1,3.0,0.0,1,1,1
3350,356,5,1,2,1,2,0,1,1,6.0,0.0,1,1,1
3351,356,6,1,1,1,2,1,0,1,7.0,0.0,1,1,2
3352,356,7,1,2,1,2,1,1,1,0.0,1.0,1,2,2
3353,356,8,1,1,1,2,0,0,0,,1.0,1,2,None
3354,357,0,2,1,1,2,0,0,0,4.0,0.0,1,1,1
3355,357,1,2,1,1,3,1,0,0,6.0,0.0,1,1,1
3356,357,2,2,1,1,2,1,0,1,2.0,0.0,1,1,1
3357,357,3,2,1,1,3,0,0,1,0.0,0.0,1,1,0
3358,357,4,2,1,1,4,0,0,0,1.0,-1.0,1,0,0
3359,357,5,2,2,1,4,0,1,0,,-1.0,1,0,None
3360,358,0,1,2,1,4,0,0,0,0.0,0.0,1,1,0
3361,358,1,1,2,1,4,0,0,0,0.0,-1.0,1,0,0
3362,358,2,1,2,0,4,0,0,0,,-1.0,1,0,None
3363,359,0,1,2,1,2,0,0,0,1.0,0.0,1,1,1
3364,359,1,2,2,1,2,0,1,0,6.0,0.0,1,1,1
3365,359,2,2,1,1,2,1,0,1,6.0,0.0,1,1,1
3366,359,3,1,1,1,2,1,0,1,3.0,0.0,1,1,1
3367,359,4,1,2,1,2,0,1,1,0.0,0.0,1,1,1
3368,359,5,1,2,1,1,0,0,0,1.0,0.0,1,1,1
3369,359,6,1,2,1,1,0,1,0,4.0,0.0,1,1,1
3370,359,7,1,2,1,1,1,0,0,5.0,0.0,1,1,1
3371,359,8,1,2,1,1,1,1,0,5.0,0.0,1,1,1
3372,359,9,1,2,1,1,1,1,0,1.0,0.0,1,1,1
3373,359,10,1,2,1,1,0,1,0,6.0,0.0,1,1,1
3374,359,11,1,1,1,1,1,0,1,4.0,0.0,1,1,1
3375,359,12,1,1,1,1,1,0,0,3.0,0.0,1,1,1
3376,359,13,1,2,1,1,0,1,1,6.0,0.0,1,1,1
3377,359,14,1,2,1,1,1,0,1,0.0,0.0,1,1,1
3378,359,15,1,2,1,1,0,0,0,7.0,0.0,1,1,1
3379,359,16,1,2,1,1,1,1,1,0.0,0.0,1,1,1
3380,359,17,1,2,1,1,0,0,0,7.0,0.0,1,1,1
3381,359,18,1,1,1,1,1,1,1,6.0,0.0,1,1,1
3382,359,19,1,1,1,1,1,0,1,3.0,0.0,1,1,1
3383,359,20,1,2,1,1,0,1,1,,0.0,1,1,None
3384,360,0,2,1,0,2,0,0,0,5.0,0.0,1,1,1
3385,360,1,2,1,1,2,1,1,0,2.0,0.0,1,1,1
3386,360,2,2,1,1,2,0,0,1,5.0,0.0,1,1,1
3387,360,3,2,1,1,2,1,1,0,6.0,0.0,1,1,1
3388,360,4,2,1,1,1,1,0,1,1.0,0.0,1,1,1
3389,360,5,2,1,1,1,0,1,0,7.0,0.0,1,1,1
3390,360,6,1,2,1,1,1,1,1,0.0,0.0,1,1,1
3391,360,7,1,2,1,1,0,0,0,6.0,0.0,1,1,0
3392,360,8,1,2,1,1,1,0,1,2.0,-1.0,1,0,0
3393,360,9,2,2,1,1,0,0,1,,-1.0,1,0,None
3394,361,0,1,0,1,3,0,0,0,0.0,0.0,1,1,1
3395,361,1,1,0,1,3,0,0,0,5.0,0.0,1,1,1
3396,361,2,1,1,1,3,1,1,0,5.0,0.0,1,1,1
3397,361,3,1,1,1,3,1,1,0,5.0,0.0,1,1,1
3398,361,4,1,1,1,3,1,1,0,0.0,0.0,1,1,1
3399,361,5,1,1,1,3,0,0,0,6.0,0.0,1,1,1
3400,361,6,1,1,1,3,1,0,1,0.0,0.0,1,1,1
3401,361,7,1,1,1,3,0,0,0,0.0,0.0,1,1,1
3402,361,8,1,1,1,3,0,0,0,1.0,0.0,1,1,1
3403,361,9,1,2,1,3,0,1,0,1.0,0.0,1,1,1
3404,361,10,1,2,1,3,0,1,0,4.0,0.0,1,1,1
3405,361,11,1,1,1,2,1,0,0,7.0,0.0,1,1,0
3406,361,12,1,2,1,2,1,1,1,0.0,-1.0,1,0,0
3407,361,13,1,2,0,1,0,0,0,,-1.0,1,0,None
3408,362,0,2,1,1,1,0,0,0,1.0,-1.0,1,0,0
3409,362,1,2,2,0,2,0,1,0,,-1.0,1,0,None
3410,363,0,2,1,1,3,0,0,0,0.0,0.0,1,1,1
3411,363,1,2,1,1,3,0,0,0,6.0,0.0,1,1,1
3412,363,2,1,1,1,3,1,0,1,1.0,0.0,1,1,1
3413,363,3,1,2,1,3,0,1,0,7.0,0.0,1,1,0
3414,363,4,1,2,1,3,1,1,1,5.0,-1.0,1,0,0
3415,363,5,1,2,0,4,1,1,0,,-1.0,1,0,None
3416,364,0,1,2,1,2,0,0,0,7.0,0.0,1,1,1
3417,364,1,1,2,1,2,1,1,1,7.0,0.0,1,1,1
3418,364,2,1,2,1,2,1,1,1,6.0,0.0,1,1,2
3419,364,3,1,1,1,2,1,0,1,0.0,1.0,1,2,2
3420,364,4,1,1,1,2,0,0,0,,1.0,1,2,None
3421,365,0,2,2,1,2,0,0,0,1.0,0.0,1,1,1
3422,365,1,2,2,1,2,0,1,0,3.0,0.0,1,1,0
3423,365,2,2,2,1,2,0,1,1,2.0,-1.0,1,0,0
3424,365,3,2,2,1,1,0,0,1,,-1.0,1,0,None
3425,366,0,2,1,1,2,0,0,0,2.0,0.0,1,1,1
3426,366,1,2,2,1,2,0,0,1,4.0,0.0,1,1,1
3427,366,2,2,2,1,2,1,0,0,5.0,0.0,1,1,1
3428,366,3,1,2,1,2,1,1,0,6.0,0.0,1,1,1
3429,366,4,1,2,1,2,1,0,1,3.0,0.0,1,1,1
3430,366,5,1,2,1,2,0,1,1,3.0,0.0,1,1,1
3431,366,6,1,2,1,2,0,1,1,7.0,0.0,1,1,1
3432,366,7,1,2,1,2,1,1,1,4.0,0.0,1,1,1
3433,366,8,1,2,1,2,1,0,0,7.0,0.0,1,1,1
3434,366,9,1,2,1,2,1,1,1,7.0,0.0,1,1,1
3435,366,10,1,1,1,2,1,1,1,3.0,0.0,1,1,1
3436,366,11,1,1,1,2,0,1,1,6.0,0.0,1,1,1
3437,366,12,1,1,1,2,1,0,1,3.0,0.0,1,1,1
3438,366,13,1,2,1,2,0,1,1,0.0,0.0,1,1,1
3439,366,14,1,2,1,2,0,0,0,2.0,0.0,1,1,1
3440,366,15,1,2,1,2,0,0,1,5.0,0.0,1,1,1
3441,366,16,1,2,1,2,1,1,0,3.0,0.0,1,1,1
3442,366,17,1,2,1,2,0,1,1,2.0,0.0,1,1,1
3443,366,18,1,2,1,2,0,0,1,7.0,0.0,1,1,1
3444,366,19,1,2,1,2,1,1,1,0.0,0.0,1,1,1
3445,366,20,1,2,1,2,0,0,0,,0.0,1,1,None
3446,367,0,0,1,1,2,0,0,0,4.0,0.0,1,1,1
3447,367,1,0,1,1,2,1,0,0,0.0,0.0,1,1,1
3448,367,2,0,1,1,2,0,0,0,4.0,0.0,1,1,0
3449,367,3,0,1,1,1,1,0,0,5.0,-1.0,1,0,0
3450,367,4,0,2,1,1,1,1,0,,-1.0,1,0,None
3451,368,0,1,2,1,0,0,0,0,0.0,-1.0,1,0,0
3452,368,1,1,2,0,0,0,0,0,,-1.0,1,0,None
3453,369,0,1,1,1,4,0,0,0,0.0,-1.0,1,0,0
3454,369,1,1,2,0,4,0,0,0,,-1.0,1,0,None
3455,370,0,0,1,1,2,0,0,0,7.0,0.0,1,1,1
3456,370,1,0,2,1,2,1,1,1,5.0,0.0,1,1,1
3457,370,2,0,1,1,2,1,1,0,5.0,0.0,1,1,1
3458,370,3,0,1,1,2,1,1,0,2.0,0.0,1,1,0
3459,370,4,0,1,1,2,0,0,1,5.0,-1.0,1,0,0
3460,370,5,0,2,0,2,1,1,0,,-1.0,1,0,None
3461,371,0,1,1,1,4,0,0,0,4.0,0.0,1,1,1
3462,371,1,1,1,1,4,1,0,0,5.0,0.0,1,1,1
3463,371,2,1,1,1,4,1,1,0,4.0,0.0,1,1,1
3464,371,3,1,1,1,4,1,0,0,4.0,0.0,1,1,1
3465,371,4,1,1,1,4,1,0,0,1.0,0.0,1,1,1
3466,371,5,1,2,1,4,0,1,0,7.0,0.0,1,1,1
3467,371,6,1,2,1,4,1,1,1,1.0,0.0,1,1,1
3468,371,7,1,2,1,4,0,1,0,7.0,0.0,1,1,1
3469,371,8,1,2,1,4,1,1,1,4.0,0.0,1,1,1
3470,371,9,1,1,1,4,1,0,0,0.0,0.0,1,1,1
3471,371,10,1,1,1,3,0,0,0,6.0,0.0,1,1,1
3472,371,11,1,1,1,3,1,0,1,6.0,0.0,1,1,1
3473,371,12,1,1,1,1,1,0,1,4.0,0.0,1,1,1
3474,371,13,1,1,1,1,1,0,0,6.0,0.0,1,1,1
3475,371,14,1,1,1,0,1,0,1,5.0,0.0,1,1,1
3476,371,15,1,2,1,0,1,1,0,6.0,0.0,1,1,1
3477,371,16,1,2,1,0,1,0,1,6.0,0.0,1,1,1
3478,371,17,1,2,1,0,1,0,1,3.0,0.0,1,1,1
3479,371,18,1,2,1,0,0,1,1,6.0,0.0,1,1,1
3480,371,19,1,2,1,0,1,0,1,5.0,0.0,1,1,1
3481,371,20,1,2,1,0,1,1,0,,0.0,1,1,None
3482,372,0,0,1,1,1,0,0,0,0.0,0.0,1,1,1
3483,372,1,0,1,1,1,0,0,0,4.0,0.0,1,1,1
3484,372,2,0,1,1,1,1,0,0,2.0,0.0,1,1,1
3485,372,3,0,1,1,1,0,0,1,2.0,0.0,1,1,0
3486,372,4,0,1,1,1,0,0,1,7.0,-1.0,1,0,0
3487,372,5,0,2,1,1,1,1,1,,-1.0,1,0,None
3488,373,0,2,1,1,1,0,0,0,7.0,0.0,1,1,1
3489,373,1,1,2,1,1,1,1,1,5.0,0.0,1,1,1
3490,373,2,1,2,1,1,1,1,0,7.0,0.0,1,1,1
3491,373,3,1,2,1,1,1,1,1,1.0,0.0,1,1,1
3492,373,4,1,2,1,1,0,1,0,5.0,0.0,1,1,1
3493,373,5,1,1,1,1,1,1,0,1.0,0.0,1,1,1
3494,373,6,1,2,1,1,0,1,0,3.0,0.0,1,1,0
3495,373,7,1,2,1,1,0,1,1,0.0,-1.0,1,0,0
3496,373,8,1,2,0,1,0,0,0,,-1.0,1,0,None
3497,374,0,1,0,1,2,0,0,0,4.0,0.0,1,1,1
3498,374,1,1,0,1,2,1,0,0,0.0,0.0,1,1,1
3499,374,2,1,0,1,2,0,0,0,3.0,0.0,1,1,1
3500,374,3,0,1,1,2,0,1,1,1.0,0.0,1,1,1
3501,374,4,0,1,1,2,0,1,0,4.0,0.0,1,1,1
3502,374,5,0,1,1,1,1,0,0,3.0,0.0,1,1,0
3503,374,6,0,1,1,1,0,1,1,5.0,-1.0,1,0,0
3504,374,7,0,2,1,1,1,1,0,,-1.0,1,0,None
3505,375,0,0,0,1,2,0,0,0,4.0,0.0,1,1,1
3506,375,1,0,0,1,2,1,0,0,4.0,0.0,1,1,1
3507,375,2,0,0,1,2,1,0,0,1.0,0.0,1,1,1
3508,375,3,0,1,1,2,0,1,0,7.0,0.0,1,1,1
3509,375,4,0,2,1,2,1,1,1,6.0,0.0,1,1,1
3510,375,5,0,1,1,2,1,0,1,3.0,0.0,1,1,1
3511,375,6,0,2,1,2,0,1,1,7.0,0.0,1,1,1
3512,375,7,0,2,1,2,1,1,1,7.0,0.0,1,1,1
3513,375,8,0,2,1,2,1,1,1,0.0,0.0,1,1,1
3514,375,9,0,2,1,2,0,0,0,5.0,0.0,1,1,1
3515,375,10,0,2,1,2,1,1,0,5.0,0.0,1,1,1
3516,375,11,0,2,1,2,1,1,0,6.0,0.0,1,1,1
3517,375,12,0,0,1,2,1,0,1,5.0,0.0,1,1,1
3518,375,13,0,1,1,2,1,1,0,2.0,0.0,1,1,1
3519,375,14,0,1,1,1,0,0,1,4.0,0.0,1,1,1
3520,375,15,0,1,1,1,1,0,0,2.0,0.0,1,1,0
3521,375,16,0,1,1,1,0,0,1,2.0,-1.0,1,0,0
3522,375,17,0,0,1,1,0,0,1,,-1.0,1,0,None
3523,376,0,2,2,1,2,0,0,0,4.0,0.0,1,1,1
3524,376,1,1,2,1,2,1,0,0,7.0,0.0,1,1,1
3525,376,2,1,2,1,2,1,1,1,4.0,0.0,1,1,1
3526,376,3,1,2,1,2,1,0,0,1.0,0.0,1,1,0
3527,376,4,1,2,0,2,0,1,0,1.0,-1.0,1,0,0
3528,376,5,0,2,0,2,0,1,0,,-1.0,1,0,None
3529,377,0,0,2,1,2,0,0,0,2.0,-1.0,1,0,0
3530,377,1,0,2,1,1,0,0,1,,-1.0,1,0,None
3531,378,0,1,2,1,3,0,0,0,0.0,0.0,1,1,1
3532,378,1,1,2,1,2,0,0,0,0.0,0.0,1,1,1
3533,378,2,1,2,1,3,0,0,0,6.0,0.0,1,1,1
3534,378,3,1,1,1,3,1,0,1,4.0,0.0,1,1,1
3535,378,4,1,1,1,3,1,0,0,0.0,0.0,1,1,1
3536,378,5,1,1,0,4,0,0,0,4.0,0.0,1,1,1
3537,378,6,1,1,0,4,1,0,0,2.0,0.0,1,1,1
3538,378,7,1,1,1,3,0,0,1,4.0,0.0,1,1,1
3539,378,8,1,1,1,2,1,0,0,3.0,0.0,1,1,1
3540,378,9,1,2,1,3,0,1,1,1.0,0.0,1,1,1
3541,378,10,1,2,1,4,0,1,0,5.0,0.0,1,1,1
3542,378,11,1,2,1,4,1,1,0,7.0,0.0,1,1,1
3543,378,12,1,2,1,4,1,1,1,5.0,0.0,1,1,1
3544,378,13,1,2,1,4,1,1,0,1.0,0.0,1,1,1
3545,378,14,1,2,1,4,0,1,0,1.0,0.0,1,1,1
3546,378,15,1,2,1,4,0,1,0,0.0,0.0,1,1,0
3547,378,16,1,2,1,4,0,0,0,2.0,-1.0,1,0,0
3548,378,17,2,2,1,4,0,0,1,,-1.0,1,0,None
3549,379,0,1,2,1,2,0,0,0,5.0,0.0,1,1,1
3550,379,1,1,1,1,2,1,1,0,0.0,0.0,1,1,1
3551,379,2,1,1,0,2,0,0,0,6.0,0.0,1,1,2
3552,379,3,1,1,1,2,1,0,1,0.0,1.0,1,2,2
3553,379,4,1,1,1,2,0,0,0,,1.0,1,2,None
3554,380,0,2,1,1,2,0,0,0,3.0,0.0,1,1,1
3555,380,1,2,1,1,2,0,1,1,4.0,0.0,1,1,1
3556,380,2,2,1,1,2,1,0,0,5.0,0.0,1,1,1
3557,380,3,1,1,1,2,1,1,0,4.0,0.0,1,1,1
3558,380,4,1,1,1,2,1,0,0,3.0,0.0,1,1,1
3559,380,5,1,2,1,2,0,1,1,6.0,0.0,1,1,1
3560,380,6,1,0,1,2,1,0,1,0.0,0.0,1,1,1
3561,380,7,1,0,1,2,0,0,0,6.0,0.0,1,1,1
3562,380,8,1,0,1,2,1,0,1,7.0,0.0,1,1,1
3563,380,9,1,0,1,2,1,1,1,2.0,0.0,1,1,1
3564,380,10,1,0,1,2,0,0,1,7.0,0.0,1,1,1
3565,380,11,1,1,1,2,1,1,1,5.0,0.0,1,1,1
3566,380,12,1,2,1,2,1,1,0,2.0,0.0,1,1,1
3567,380,13,1,2,1,2,0,0,1,4.0,0.0,1,1,1
3568,380,14,1,2,1,1,1,0,0,3.0,0.0,1,1,1
3569,380,15,1,2,1,1,0,1,1,5.0,0.0,1,1,1
3570,380,16,1,2,1,1,1,1,0,6.0,0.0,1,1,1
3571,380,17,1,1,1,1,1,0,1,4.0,0.0,1,1,1
3572,380,18,1,1,1,1,1,0,0,4.0,0.0,1,1,1
3573,380,19,1,1,1,1,1,0,0,3.0,0.0,1,1,1
3574,380,20,1,2,1,1,0,1,1,,0.0,1,1,None
3575,381,0,1,2,1,2,0,0,0,5.0,0.0,1,1,1
3576,381,1,1,2,1,2,1,1,0,7.0,0.0,1,1,1
3577,381,2,1,2,1,2,1,1,1,3.0,0.0,1,1,1
3578,381,3,1,2,1,2,0,1,1,7.0,0.0,1,1,1
3579,381,4,1,2,1,2,1,1,1,5.0,0.0,1,1,1
3580,381,5,1,2,1,2,1,1,0,2.0,0.0,1,1,1
3581,381,6,1,1,1,1,0,0,1,3.0,0.0,1,1,1
3582,381,7,1,1,1,1,0,1,1,4.0,0.0,1,1,1
3583,381,8,1,1,1,1,1,0,0,4.0,0.0,1,1,1
3584,381,9,1,1,0,1,1,0,0,2.0,0.0,1,1,1
3585,381,10,1,1,0,1,0,0,1,3.0,0.0,1,1,1
3586,381,11,1,1,1,1,0,1,1,1.0,0.0,1,1,1
3587,381,12,1,2,1,1,0,1,0,2.0,0.0,1,1,1
3588,381,13,1,2,1,0,0,0,1,6.0,0.0,1,1,1
3589,381,14,1,2,1,1,1,0,1,5.0,0.0,1,1,1
3590,381,15,1,2,1,1,1,1,0,4.0,0.0,1,1,0
3591,381,16,1,1,1,0,1,0,0,3.0,-1.0,1,0,0
3592,381,17,2,2,1,0,0,1,1,,-1.0,1,0,None
3593,382,0,1,1,1,0,0,0,0,1.0,0.0,1,1,1
3594,382,1,1,2,1,0,0,1,0,7.0,0.0,1,1,1
3595,382,2,1,2,1,0,1,1,1,5.0,0.0,1,1,1
3596,382,3,1,2,1,0,1,1,0,1.0,0.0,1,1,0
3597,382,4,1,2,1,0,0,1,0,2.0,-1.0,1,0,0
3598,382,5,2,2,1,0,0,0,1,,-1.0,1,0,None
3599,383,0,2,0,1,2,0,0,0,5.0,0.0,1,1,1
3600,383,1,1,0,1,2,1,1,0,3.0,0.0,1,1,1
3601,383,2,1,0,1,2,0,1,1,7.0,0.0,1,1,1
3602,383,3,1,1,1,2,1,1,1,2.0,0.0,1,1,1
3603,383,4,2,1,1,2,0,0,1,0.0,0.0,1,1,1
3604,383,5,2,1,1,2,0,0,0,2.0,0.0,1,1,1
3605,383,6,2,1,1,2,0,0,1,7.0,0.0,1,1,1
3606,383,7,2,1,1,2,1,1,1,6.0,0.0,1,1,1
3607,383,8,1,1,1,2,1,0,1,7.0,0.0,1,1,1
3608,383,9,1,2,1,2,1,1,1,7.0,0.0,1,1,1
3609,383,10,1,2,1,2,1,1,1,2.0,0.0,1,1,1
3610,383,11,1,2,1,1,0,0,1,7.0,0.0,1,1,1
3611,383,12,1,2,1,1,1,1,1,5.0,0.0,1,1,1
3612,383,13,1,2,1,1,1,1,0,3.0,0.0,1,1,1
3613,383,14,1,2,1,1,0,1,1,1.0,0.0,1,1,1
3614,383,15,1,2,1,1,0,1,0,3.0,0.0,1,1,1
3615,383,16,1,2,1,1,0,1,1,5.0,0.0,1,1,0
3616,383,17,1,2,1,1,1,1,0,0.0,-1.0,1,0,0
3617,383,18,1,2,0,1,0,0,0,,-1.0,1,0,None
3618,384,0,2,1,1,1,0,0,0,6.0,0.0,1,1,1
3619,384,1,2,1,1,0,1,0,1,7.0,0.0,1,1,1
3620,384,2,1,1,1,0,1,1,1,5.0,0.0,1,1,1
3621,384,3,1,2,1,0,1,1,0,1.0,0.0,1,1,1
3622,384,4,1,2,1,0,0,1,0,0.0,0.0,1,1,1
3623,384,5,1,2,1,0,0,0,0,4.0,0.0,1,1,1
3624,384,6,1,2,1,0,1,0,0,3.0,0.0,1,1,1
3625,384,7,1,2,1,0,0,1,1,6.0,0.0,1,1,1
3626,384,8,1,1,1,0,1,0,1,5.0,0.0,1,1,1
3627,384,9,1,2,1,0,1,1,0,1.0,0.0,1,1,1
3628,384,10,1,2,1,0,0,1,0,0.0,0.0,1,1,1
3629,384,11,1,2,1,0,0,0,0,2.0,0.0,1,1,1
3630,384,12,1,1,1,0,0,0,1,5.0,0.0,1,1,1
3631,384,13,1,1,1,0,1,1,0,6.0,0.0,1,1,1
3632,384,14,1,1,1,0,1,0,1,6.0,0.0,1,1,0
3633,384,15,1,1,1,0,1,0,1,1.0,-1.0,1,0,0
3634,384,16,2,2,1,0,0,1,0,,-1.0,1,0,None
3635,385,0,2,1,0,2,0,0,0,2.0,0.0,1,1,1
3636,385,1,1,2,1,2,0,0,1,0.0,0.0,1,1,1
3637,385,2,1,2,1,2,0,0,0,6.0,0.0,1,1,1
3638,385,3,1,1,1,2,1,0,1,4.0,0.0,1,1,1
3639,385,4,1,1,1,2,1,0,0,7.0,0.0,1,1,1
3640,385,5,1,2,1,2,1,1,1,4.0,0.0,1,1,1
3641,385,6,1,2,1,2,1,0,0,1.0,0.0,1,1,1
3642,385,7,1,2,1,2,0,1,0,1.0,0.0,1,1,0
3643,385,8,1,2,0,2,0,1,0,6.0,-1.0,1,0,0
3644,385,9,1,2,0,1,1,0,1,,-1.0,1,0,None
3645,386,0,2,1,0,2,0,0,0,2.0,0.0,1,1,0
3646,386,1,1,1,1,1,0,0,1,1.0,-1.0,1,0,0
3647,386,2,2,2,0,2,0,1,0,,-1.0,1,0,None
3648,387,0,2,1,1,2,0,0,0,6.0,0.0,1,1,1
3649,387,1,2,1,1,2,1,0,1,6.0,0.0,1,1,1
3650,387,2,1,1,1,2,1,0,1,5.0,0.0,1,1,1
3651,387,3,1,2,1,2,1,1,0,6.0,0.0,1,1,1
3652,387,4,1,2,1,2,1,0,1,1.0,0.0,1,1,1
3653,387,5,1,2,1,2,0,1,0,2.0,0.0,1,1,2
3654,387,6,1,2,1,2,0,0,1,0.0,1.0,1,2,2
3655,387,7,1,1,1,2,0,0,0,,1.0,1,2,None
3656,388,0,1,0,0,2,0,0,0,2.0,0.0,1,1,1
3657,388,1,1,0,1,2,0,0,1,3.0,0.0,1,1,1
3658,388,2,1,0,1,2,0,1,1,5.0,0.0,1,1,1
3659,388,3,1,1,1,2,1,1,0,5.0,0.0,1,1,1
3660,388,4,1,2,1,2,1,1,0,5.0,0.0,1,1,1
3661,388,5,1,2,1,2,1,1,0,6.0,0.0,1,1,1
3662,388,6,1,2,1,2,1,0,1,4.0,0.0,1,1,1
3663,388,7,1,1,1,2,1,0,0,4.0,0.0,1,1,1
3664,388,8,1,1,1,2,1,0,0,3.0,0.0,1,1,1
3665,388,9,1,2,1,2,0,1,1,4.0,0.0,1,1,1
3666,388,10,1,2,1,1,1,0,0,4.0,0.0,1,1,1
3667,388,11,1,1,1,1,1,0,0,6.0,0.0,1,1,1
3668,388,12,1,1,1,1,1,0,1,7.0,0.0,1,1,0
3669,388,13,1,2,1,1,1,1,1,1.0,-1.0,1,0,0
3670,388,14,2,2,1,1,0,1,0,,-1.0,1,0,None
3671,389,0,1,1,1,4,0,0,0,4.0,0.0,1,1,1
3672,389,1,1,1,1,4,1,0,0,2.0,0.0,1,1,1
3673,389,2,1,1,1,4,0,0,1,2.0,0.0,1,1,1
3674,389,3,1,1,1,4,0,0,1,0.0,0.0,1,1,1
3675,389,4,0,1,1,4,0,0,0,6.0,0.0,1,1,0
3676,389,5,0,1,1,3,1,0,1,3.0,-1.0,1,0,0
3677,389,6,0,2,1,4,0,1,1,,-1.0,1,0,None
3678,390,0,1,1,0,3,0,0,0,0.0,0.0,1,1,0
3679,390,1,1,2,0,2,0,0,0,0.0,-1.0,1,0,0
3680,390,2,1,2,0,1,0,0,0,,-1.0,1,0,None
3681,391,0,1,1,1,0,0,0,0,5.0,0.0,1,1,1
3682,391,1,1,2,1,0,1,1,0,6.0,0.0,1,1,1
3683,391,2,1,1,1,0,1,0,1,1.0,0.0,1,1,0
3684,391,3,1,2,1,0,0,1,0,3.0,-1.0,1,0,0
3685,391,4,2,2,1,0,0,1,1,,-1.0,1,0,None
3686,392,0,0,1,1,3,0,0,0,1.0,-1.0,1,0,0
3687,392,1,0,2,1,4,0,1,0,,-1.0,1,0,None
3688,393,0,1,0,1,3,0,0,0,6.0,0.0,1,1,1
3689,393,1,1,0,1,1,1,0,1,2.0,0.0,1,1,1
3690,393,2,1,0,1,0,0,0,1,3.0,0.0,1,1,0
3691,393,3,0,1,1,0,0,1,1,5.0,-1.0,1,0,0
3692,393,4,0,1,0,0,1,1,0,,-1.0,1,0,None
3693,394,0,0,2,1,2,0,0,0,0.0,-1.0,1,0,0
3694,394,1,0,2,1,1,0,0,0,,-1.0,1,0,None
3695,395,0,2,0,1,2,0,0,0,3.0,0.0,1,1,1
3696,395,1,2,0,1,2,0,1,1,0.0,0.0,1,1,1
3697,395,2,2,0,1,2,0,0,0,3.0,0.0,1,1,1
3698,395,3,2,0,1,2,0,1,1,4.0,0.0,1,1,1
3699,395,4,1,0,1,2,1,0,0,1.0,0.0,1,1,1
3700,395,5,1,1,1,2,0,1,0,7.0,0.0,1,1,2
3701,395,6,1,1,1,2,1,1,1,0.0,1.0,1,2,2
3702,395,7,1,1,1,2,0,0,0,,1.0,1,2,None
3703,396,0,1,1,0,3,0,0,0,7.0,0.0,1,1,1
3704,396,1,1,2,1,3,1,1,1,6.0,0.0,1,1,1
3705,396,2,1,1,1,4,1,0,1,6.0,0.0,1,1,0
3706,396,3,1,1,1,4,1,0,1,5.0,-1.0,1,0,0
3707,396,4,1,2,0,4,1,1,0,,-1.0,1,0,None
3708,397,0,1,0,1,2,0,0,0,6.0,0.0,1,1,1
3709,397,1,1,0,1,1,1,0,1,0.0,0.0,1,1,1
3710,397,2,1,0,1,1,0,0,0,2.0,0.0,1,1,1
3711,397,3,1,0,1,1,0,0,1,7.0,0.0,1,1,1
3712,397,4,1,0,1,1,1,1,1,7.0,0.0,1,1,0
3713,397,5,1,0,1,1,1,1,1,0.0,-1.0,1,0,0
3714,397,6,1,0,0,1,0,0,0,,-1.0,1,0,None
3715,398,0,2,1,1,2,0,0,0,3.0,0.0,1,1,1
3716,398,1,2,2,1,2,0,1,1,4.0,0.0,1,1,1
3717,398,2,2,1,1,2,1,0,0,0.0,0.0,1,1,1
3718,398,3,2,1,1,1,0,0,0,1.0,0.0,1,1,1
3719,398,4,2,1,1,1,0,1,0,5.0,0.0,1,1,1
3720,398,5,2,1,1,1,1,1,0,7.0,0.0,1,1,1
3721,398,6,1,2,1,1,1,1,1,2.0,0.0,1,1,1
3722,398,7,1,2,1,1,0,0,1,5.0,0.0,1,1,1
3723,398,8,1,1,1,1,1,1,0,5.0,0.0,1,1,1
3724,398,9,1,2,1,1,1,1,0,5.0,0.0,1,1,1
3725,398,10,1,2,1,1,1,1,0,5.0,0.0,1,1,1
3726,398,11,1,2,1,1,1,1,0,2.0,0.0,1,1,1
3727,398,12,1,2,1,1,0,0,1,7.0,0.0,1,1,1
3728,398,13,1,2,1,1,1,1,1,5.0,0.0,1,1,1
3729,398,14,1,2,1,1,1,1,0,5.0,0.0,1,1,1
3730,398,15,1,2,1,1,1,1,0,3.0,0.0,1,1,1
3731,398,16,1,2,1,1,0,1,1,3.0,0.0,1,1,0
3732,398,17,1,2,1,1,0,1,1,0.0,-1.0,1,0,0
3733,398,18,0,2,1,1,0,0,0,,-1.0,1,0,None
3734,399,0,2,2,1,2,0,0,0,4.0,0.0,1,1,1
3735,399,1,2,1,1,2,1,0,0,0.0,0.0,1,1,1
3736,399,2,2,1,1,2,0,0,0,1.0,0.0,1,1,1
3737,399,3,2,2,1,2,0,1,0,7.0,0.0,1,1,1
3738,399,4,1,2,1,2,1,1,1,2.0,0.0,1,1,1
3739,399,5,2,2,1,2,0,0,1,5.0,0.0,1,1,1
3740,399,6,1,2,1,2,1,1,0,5.0,0.0,1,1,1
3741,399,7,1,2,1,2,1,1,0,4.0,0.0,1,1,1
3742,399,8,1,2,1,2,1,0,0,2.0,0.0,1,1,1
3743,399,9,1,2,1,2,0,0,1,0.0,0.0,1,1,1
3744,399,10,1,2,1,2,0,0,0,5.0,0.0,1,1,1
3745,399,11,1,2,1,2,1,1,0,6.0,0.0,1,1,1
3746,399,12,1,1,1,2,1,0,1,6.0,0.0,1,1,1
3747,399,13,1,1,1,2,1,0,1,5.0,0.0,1,1,1
3748,399,14,1,2,1,2,1,1,0,1.0,0.0,1,1,1
3749,399,15,1,2,1,2,0,1,0,6.0,0.0,1,1,1
3750,399,16,1,2,1,2,1,0,1,5.0,0.0,1,1,1
3751,399,17,1,2,1,2,1,1,0,5.0,0.0,1,1,1
3752,399,18,1,2,1,2,1,1,0,5.0,0.0,1,1,1
3753,399,19,1,2,1,2,1,1,0,7.0,0.0,1,1,1
3754,399,20,1,1,1,2,1,1,1,,0.0,1,1,None
3755,400,0,2,1,1,2,0,0,0,1.0,0.0,1,1,1
3756,400,1,2,1,1,2,0,1,0,1.0,0.0,1,1,1
3757,400,2,2,1,1,2,0,1,0,6.0,0.0,1,1,1
3758,400,3,1,1,1,1,1,0,1,6.0,0.0,1,1,1
3759,400,4,1,1,1,1,1,0,1,4.0,0.0,1,1,1
3760,400,5,1,1,1,1,1,0,0,7.0,0.0,1,1,0
3761,400,6,1,2,1,1,1,1,1,5.0,-1.0,1,0,0
3762,400,7,1,2,0,1,1,1,0,,-1.0,1,0,None
3763,401,0,1,1,1,1,0,0,0,1.0,0.0,1,1,1
3764,401,1,1,2,1,1,0,1,0,5.0,0.0,1,1,1
3765,401,2,1,2,1,1,1,1,0,2.0,0.0,1,1,1
3766,401,3,1,2,1,0,0,0,1,5.0,0.0,1,1,1
3767,401,4,1,2,1,0,1,1,0,0.0,0.0,1,1,1
3768,401,5,1,2,1,0,0,0,0,1.0,0.0,1,1,1
3769,401,6,1,2,1,0,0,1,0,4.0,0.0,1,1,1
3770,401,7,1,2,1,0,1,0,0,0.0,0.0,1,1,1
3771,401,8,1,2,1,1,0,0,0,3.0,0.0,1,1,1
3772,401,9,1,2,1,1,0,1,1,2.0,0.0,1,1,1
3773,401,10,1,2,1,1,0,0,1,1.0,0.0,1,1,1
3774,401,11,1,2,1,1,0,1,0,4.0,0.0,1,1,1
3775,401,12,1,1,1,1,1,0,0,0.0,0.0,1,1,1
3776,401,13,1,1,1,0,0,0,0,7.0,0.0,1,1,1
3777,401,14,1,2,1,0,1,1,1,3.0,0.0,1,1,1
3778,401,15,1,2,1,0,0,1,1,3.0,0.0,1,1,1
3779,401,16,1,2,1,0,0,1,1,3.0,0.0,1,1,0
3780,401,17,1,2,1,0,0,1,1,2.0,-1.0,1,0,0
3781,401,18,2,2,1,0,0,0,1,,-1.0,1,0,None
3782,402,0,1,0,1,1,0,0,0,5.0,0.0,1,1,1
3783,402,1,1,1,1,1,1,1,0,4.0,0.0,1,1,1
3784,402,2,1,1,0,1,1,0,0,3.0,0.0,1,1,1
3785,402,3,1,2,1,1,0,1,1,5.0,0.0,1,1,1
3786,402,4,1,2,1,1,1,1,0,7.0,0.0,1,1,0
3787,402,5,1,2,1,1,1,1,1,1.0,-1.0,1,0,0
3788,402,6,2,2,1,1,0,1,0,,-1.0,1,0,None
3789,403,0,1,0,1,0,0,0,0,0.0,0.0,1,1,1
3790,403,1,1,0,1,0,0,0,0,5.0,0.0,1,1,1
3791,403,2,1,1,1,0,1,1,0,6.0,0.0,1,1,1
3792,403,3,1,1,1,0,1,0,1,1.0,0.0,1,1,1
3793,403,4,1,2,1,0,0,1,0,4.0,0.0,1,1,1
3794,403,5,1,1,1,0,1,0,0,7.0,0.0,1,1,1
3795,403,6,1,1,1,0,1,1,1,6.0,0.0,1,1,1
3796,403,7,1,1,1,0,1,0,1,3.0,0.0,1,1,1
3797,403,8,1,2,1,0,0,1,1,5.0,0.0,1,1,1
3798,403,9,1,2,1,0,1,1,0,1.0,0.0,1,1,1
3799,403,10,1,2,1,0,0,1,0,2.0,0.0,1,1,0
3800,403,11,1,2,1,1,0,0,1,1.0,-1.0,1,0,0
3801,403,12,1,2,0,1,0,1,0,,-1.0,1,0,None
3802,404,0,1,0,1,3,0,0,0,4.0,0.0,1,1,1
3803,404,1,1,0,1,3,1,0,0,7.0,0.0,1,1,1
3804,404,2,1,1,1,3,1,1,1,0.0,0.0,1,1,1
3805,404,3,1,1,1,3,0,0,0,4.0,0.0,1,1,1
3806,404,4,1,1,1,3,1,0,0,2.0,0.0,1,1,1
3807,404,5,1,1,1,3,0,0,1,2.0,0.0,1,1,1
3808,404,6,1,1,1,3,0,0,1,3.0,0.0,1,1,1
3809,404,7,1,1,1,3,0,1,1,1.0,0.0,1,1,1
3810,404,8,1,2,1,3,0,1,0,4.0,0.0,1,1,1
3811,404,9,1,2,1,3,1,0,0,2.0,0.0,1,1,1
3812,404,10,2,2,1,2,0,0,1,6.0,0.0,1,1,1
3813,404,11,1,2,1,2,1,0,1,7.0,0.0,1,1,1
3814,404,12,1,2,1,2,1,1,1,4.0,0.0,1,1,1
3815,404,13,1,2,1,2,1,0,0,1.0,0.0,1,1,1
3816,404,14,1,2,1,2,0,1,0,6.0,0.0,1,1,1
3817,404,15,1,1,1,1,1,0,1,1.0,0.0,1,1,1
3818,404,16,1,2,1,1,0,1,0,0.0,0.0,1,1,1
3819,404,17,1,2,1,1,0,0,0,2.0,0.0,1,1,1
3820,404,18,1,2,1,1,0,0,1,7.0,0.0,1,1,1
3821,404,19,1,2,1,1,1,1,1,1.0,0.0,1,1,1
3822,404,20,1,2,1,1,0,1,0,,0.0,1,1,None
3823,405,0,1,1,1,4,0,0,0,7.0,0.0,1,1,1
3824,405,1,1,1,1,4,1,1,1,2.0,0.0,1,1,1
3825,405,2,1,1,1,1,0,0,1,5.0,0.0,1,1,1
3826,405,3,1,2,1,1,1,1,0,5.0,0.0,1,1,1
3827,405,4,1,2,1,1,1,1,0,6.0,0.0,1,1,0
3828,405,5,1,2,1,0,1,0,1,2.0,-1.0,1,0,0
3829,405,6,2,2,1,0,0,0,1,,-1.0,1,0,None
3830,406,0,0,1,1,2,0,0,0,7.0,0.0,1,1,1
3831,406,1,0,2,1,2,1,1,1,4.0,0.0,1,1,1
3832,406,2,0,2,1,2,1,0,0,7.0,0.0,1,1,1
3833,406,3,0,2,1,2,1,1,1,7.0,0.0,1,1,1
3834,406,4,0,2,1,2,1,1,1,4.0,0.0,1,1,0
3835,406,5,0,2,1,2,1,0,0,0.0,-1.0,1,0,0
3836,406,6,0,2,1,1,0,0,0,,-1.0,1,0,None
3837,407,0,1,0,1,2,0,0,0,0.0,0.0,1,1,1
3838,407,1,0,0,1,2,0,0,0,5.0,0.0,1,1,1
3839,407,2,0,0,1,2,1,1,0,7.0,0.0,1,1,1
3840,407,3,0,1,1,2,1,1,1,5.0,0.0,1,1,1
3841,407,4,0,2,1,2,1,1,0,0.0,0.0,1,1,1
3842,407,5,0,2,1,2,0,0,0,5.0,0.0,1,1,1
3843,407,6,0,2,1,2,1,1,0,4.0,0.0,1,1,1
3844,407,7,0,1,1,2,1,0,0,6.0,0.0,1,1,1
3845,407,8,0,1,1,2,1,0,1,3.0,0.0,1,1,1
3846,407,9,0,2,1,2,0,1,1,0.0,0.0,1,1,1
3847,407,10,0,2,1,2,0,0,0,3.0,0.0,1,1,1
3848,407,11,0,2,1,2,0,1,1,5.0,0.0,1,1,0
3849,407,12,0,2,1,2,1,1,0,2.0,-1.0,1,0,0
3850,407,13,0,2,1,1,0,0,1,,-1.0,1,0,None
3851,408,0,1,0,1,2,0,0,0,1.0,0.0,1,1,1
3852,408,1,1,0,1,2,0,1,0,7.0,0.0,1,1,1
3853,408,2,1,0,1,3,1,1,1,1.0,0.0,1,1,1
3854,408,3,1,2,1,4,0,1,0,5.0,0.0,1,1,1
3855,408,4,1,2,1,4,1,1,0,0.0,0.0,1,1,1
3856,408,5,1,2,1,4,0,0,0,2.0,0.0,1,1,1
3857,408,6,1,2,1,4,0,0,1,5.0,0.0,1,1,1
3858,408,7,1,2,1,4,1,1,0,4.0,0.0,1,1,1
3859,408,8,1,2,1,4,1,0,0,4.0,0.0,1,1,1
3860,408,9,1,2,1,4,1,0,0,6.0,0.0,1,1,1
3861,408,10,1,2,1,4,1,0,1,1.0,0.0,1,1,1
3862,408,11,1,2,1,4,0,1,0,5.0,0.0,1,1,1
3863,408,12,1,2,1,4,1,1,0,0.0,0.0,1,1,1
3864,408,13,1,2,1,3,0,0,0,0.0,0.0,1,1,1
3865,408,14,1,2,1,2,0,0,0,2.0,0.0,1,1,1
3866,408,15,1,2,1,1,0,0,1,4.0,0.0,1,1,1
3867,408,16,1,1,1,2,1,0,0,1.0,0.0,1,1,1
3868,408,17,1,2,1,3,0,1,0,3.0,0.0,1,1,0
3869,408,18,1,2,1,3,0,1,1,3.0,-1.0,1,0,0
3870,408,19,0,2,1,4,0,1,1,,-1.0,1,0,None
3871,409,0,0,1,1,2,0,0,0,1.0,0.0,1,1,1
3872,409,1,0,1,0,2,0,1,0,3.0,0.0,1,1,1
3873,409,2,0,2,1,2,0,1,1,3.0,0.0,1,1,1
3874,409,3,0,2,1,2,0,1,1,1.0,0.0,1,1,1
3875,409,4,1,2,0,2,0,1,0,5.0,0.0,1,1,1
3876,409,5,1,2,1,2,1,1,0,7.0,0.0,1,1,1
3877,409,6,1,1,1,2,1,1,1,6.0,0.0,1,1,1
3878,409,7,1,1,1,2,1,0,1,6.0,0.0,1,1,1
3879,409,8,1,1,1,2,1,0,1,3.0,0.0,1,1,1
3880,409,9,1,1,1,2,0,1,1,4.0,0.0,1,1,1
3881,409,10,1,1,1,1,1,0,0,2.0,0.0,1,1,1
3882,409,11,1,1,1,0,0,0,1,4.0,0.0,1,1,1
3883,409,12,1,1,1,1,1,0,0,1.0,0.0,1,1,1
3884,409,13,1,1,1,1,0,1,0,2.0,0.0,1,1,0
3885,409,14,0,1,1,1,0,0,1,7.0,-1.0,1,0,0
3886,409,15,0,2,1,1,1,1,1,,-1.0,1,0,None
3887,410,0,0,1,1,0,0,0,0,6.0,0.0,1,1,1
3888,410,1,0,1,1,0,1,0,1,4.0,0.0,1,1,0
3889,410,2,0,1,1,0,1,0,0,1.0,-1.0,1,0,0
3890,410,3,0,2,1,0,0,1,0,,-1.0,1,0,None
3891,411,0,0,1,1,2,0,0,0,4.0,0.0,1,1,1
3892,411,1,0,1,1,2,1,0,0,5.0,0.0,1,1,1
3893,411,2,0,2,1,2,1,1,0,3.0,0.0,1,1,1
3894,411,3,0,2,1,2,0,1,1,4.0,0.0,1,1,1
3895,411,4,0,1,1,1,1,0,0,2.0,0.0,1,1,1
3896,411,5,0,1,1,1,0,0,1,2.0,0.0,1,1,0
3897,411,6,0,1,1,0,0,0,1,0.0,-1.0,1,0,0
3898,411,7,0,0,1,0,0,0,0,,-1.0,1,0,None
3899,412,0,0,1,1,2,0,0,0,4.0,0.0,1,1,1
3900,412,1,0,1,1,2,1,0,0,1.0,0.0,1,1,1
3901,412,2,0,2,1,2,0,1,0,3.0,0.0,1,1,1
3902,412,3,0,2,1,2,0,1,1,0.0,0.0,1,1,1
3903,412,4,0,2,1,2,0,0,0,1.0,0.0,1,1,1
3904,412,5,0,2,1,2,0,1,0,4.0,0.0,1,1,1
3905,412,6,0,2,1,2,1,0,0,7.0,0.0,1,1,1
3906,412,7,0,2,1,2,1,1,1,2.0,0.0,1,1,1
3907,412,8,0,2,1,2,0,0,1,7.0,0.0,1,1,1
3908,412,9,0,2,1,2,1,1,1,2.0,0.0,1,1,1
3909,412,10,0,2,1,2,0,0,1,0.0,0.0,1,1,1
3910,412,11,0,2,1,2,0,0,0,7.0,0.0,1,1,1
3911,412,12,0,2,1,2,1,1,1,7.0,0.0,1,1,0
3912,412,13,0,2,1,2,1,1,1,2.0,-1.0,1,0,0
3913,412,14,0,2,1,1,0,0,1,,-1.0,1,0,None
3914,413,0,1,2,1,1,0,0,0,2.0,0.0,1,1,1
3915,413,1,1,2,1,1,0,0,1,4.0,0.0,1,1,1
3916,413,2,1,2,1,1,1,0,0,1.0,0.0,1,1,1
3917,413,3,1,2,1,1,0,1,0,3.0,0.0,1,1,1
3918,413,4,1,2,1,1,0,1,1,5.0,0.0,1,1,1
3919,413,5,1,2,1,1,1,1,0,5.0,0.0,1,1,1
3920,413,6,1,1,1,1,1,1,0,2.0,0.0,1,1,1
3921,413,7,1,1,1,1,0,0,1,5.0,0.0,1,1,1
3922,413,8,1,1,1,1,1,1,0,6.0,0.0,1,1,1
3923,413,9,1,1,1,1,1,0,1,6.0,0.0,1,1,1
3924,413,10,1,1,1,1,1,0,1,2.0,0.0,1,1,1
3925,413,11,1,1,1,1,0,0,1,1.0,0.0,1,1,1
3926,413,12,1,2,1,1,0,1,0,0.0,0.0,1,1,1
3927,413,13,1,2,1,0,0,0,0,2.0,0.0,1,1,1
3928,413,14,1,2,1,0,0,0,1,2.0,0.0,1,1,1
3929,413,15,1,1,1,0,0,0,1,2.0,0.0,1,1,1
3930,413,16,1,1,1,0,0,0,1,0.0,0.0,1,1,1
3931,413,17,1,1,1,0,0,0,0,5.0,0.0,1,1,1
3932,413,18,1,2,1,0,1,1,0,3.0,0.0,1,1,1
3933,413,19,1,2,1,0,0,1,1,7.0,0.0,1,1,1
3934,413,20,1,2,1,0,1,1,1,,0.0,1,1,None
3935,414,0,0,1,1,2,0,0,0,0.0,0.0,1,1,1
3936,414,1,0,1,1,1,0,0,0,6.0,0.0,1,1,0
3937,414,2,0,1,1,1,1,0,1,5.0,-1.0,1,0,0
3938,414,3,0,2,1,1,1,1,0,,-1.0,1,0,None
3939,415,0,1,1,1,3,0,0,0,6.0,0.0,1,1,1
3940,415,1,1,1,1,4,1,0,1,4.0,0.0,1,1,1
3941,415,2,1,1,1,4,1,0,0,3.0,0.0,1,1,1
3942,415,3,1,2,1,4,0,1,1,6.0,0.0,1,1,1
3943,415,4,1,2,1,4,1,0,1,0.0,0.0,1,1,1
3944,415,5,1,2,1,4,0,0,0,5.0,0.0,1,1,1
3945,415,6,1,2,1,4,1,1,0,5.0,0.0,1,1,1
3946,415,7,1,2,1,4,1,1,0,5.0,0.0,1,1,1
3947,415,8,1,2,1,4,1,1,0,6.0,0.0,1,1,1
3948,415,9,1,1,1,3,1,0,1,1.0,0.0,1,1,1
3949,415,10,1,2,1,3,0,1,0,7.0,0.0,1,1,0
3950,415,11,1,2,1,4,1,1,1,1.0,-1.0,1,0,0
3951,415,12,1,2,0,4,0,1,0,,-1.0,1,0,None
3952,416,0,0,1,1,4,0,0,0,1.0,-1.0,1,0,0
3953,416,1,0,2,1,4,0,1,0,,-1.0,1,0,None
3954,417,0,0,1,1,2,0,0,0,0.0,0.0,1,1,1
3955,417,1,1,0,1,2,0,0,0,0.0,0.0,1,1,1
3956,417,2,1,0,0,2,0,0,0,3.0,0.0,1,1,1
3957,417,3,0,1,1,2,0,1,1,3.0,0.0,1,1,0
3958,417,4,0,1,1,2,0,1,1,1.0,-1.0,1,0,0
3959,417,5,0,2,0,2,0,1,0,,-1.0,1,0,None
3960,418,0,1,0,1,3,0,0,0,7.0,0.0,1,1,1
3961,418,1,1,1,1,3,1,1,1,6.0,0.0,1,1,1
3962,418,2,1,1,1,3,1,0,1,3.0,0.0,1,1,0
3963,418,3,1,2,1,3,0,1,1,3.0,-1.0,1,0,0
3964,418,4,0,2,1,3,0,1,1,,-1.0,1,0,None
3965,419,0,0,1,1,1,0,0,0,1.0,-1.0,1,0,0
3966,419,1,0,2,1,1,0,1,0,,-1.0,1,0,None
3967,420,0,1,1,1,1,0,0,0,6.0,0.0,1,1,1
3968,420,1,1,1,1,1,1,0,1,2.0,0.0,1,1,1
3969,420,2,1,1,1,0,0,0,1,5.0,0.0,1,1,1
3970,420,3,1,2,1,0,1,1,0,7.0,0.0,1,1,1
3971,420,4,1,2,1,0,1,1,1,4.0,0.0,1,1,1
3972,420,5,1,0,1,0,1,0,0,3.0,0.0,1,1,0
3973,420,6,2,1,1,0,0,1,1,3.0,-1.0,1,0,0
3974,420,7,2,2,1,0,0,1,1,,-1.0,1,0,None
3975,421,0,0,2,1,2,0,0,0,7.0,0.0,1,1,1
3976,421,1,0,1,1,2,1,1,1,2.0,0.0,1,1,1
3977,421,2,0,1,1,1,0,0,1,2.0,0.0,1,1,0
3978,421,3,0,1,1,1,0,0,1,7.0,-1.0,1,0,0
3979,421,4,0,2,1,1,1,1,1,,-1.0,1,0,None
3980,422,0,0,1,1,2,0,0,0,1.0,0.0,1,1,0
3981,422,1,0,1,0,2,0,1,0,0.0,-1.0,1,0,0
3982,422,2,0,1,0,1,0,0,0,,-1.0,1,0,None
3983,423,0,1,0,1,1,0,0,0,1.0,0.0,1,1,1
3984,423,1,1,0,1,1,0,1,0,0.0,0.0,1,1,1
3985,423,2,1,0,1,1,0,0,0,7.0,0.0,1,1,1
3986,423,3,1,0,1,1,1,1,1,5.0,0.0,1,1,1
3987,423,4,1,1,1,1,1,1,0,4.0,0.0,1,1,1
3988,423,5,1,1,1,1,1,0,0,5.0,0.0,1,1,1
3989,423,6,1,2,1,1,1,1,0,4.0,0.0,1,1,1
3990,423,7,1,1,1,1,1,0,0,2.0,0.0,1,1,1
3991,423,8,1,1,1,1,0,0,1,5.0,0.0,1,1,1
3992,423,9,1,1,1,1,1,1,0,6.0,0.0,1,1,1
3993,423,10,1,1,1,1,1,0,1,2.0,0.0,1,1,1
3994,423,11,1,1,1,1,0,0,1,3.0,0.0,1,1,0
3995,423,12,0,1,1,1,0,1,1,3.0,-1.0,1,0,0
3996,423,13,0,2,1,1,0,1,1,,-1.0,1,0,None
3997,424,0,2,2,1,2,0,0,0,4.0,-1.0,1,0,0
3998,424,1,2,2,1,1,1,0,0,,-1.0,1,0,None
3999,425,0,0,1,0,2,0,0,0,7.0,0.0,1,1,1
4000,425,1,0,2,1,2,1,1,1,7.0,0.0,1,1,1
4001,425,2,0,2,1,2,1,1,1,1.0,0.0,1,1,0
4002,425,3,0,2,1,2,0,1,0,0.0,-1.0,1,0,0
4003,425,4,0,2,1,1,0,0,0,,-1.0,1,0,None
4004,426,0,0,1,1,2,0,0,0,4.0,0.0,1,1,1
4005,426,1,0,1,1,2,1,0,0,6.0,0.0,1,1,1
4006,426,2,0,1,1,2,1,0,1,3.0,0.0,1,1,0
4007,426,3,0,2,1,2,0,1,1,1.0,-1.0,1,0,0
4008,426,4,0,2,0,2,0,1,0,,-1.0,1,0,None
4009,427,0,2,1,1,2,0,0,0,4.0,0.0,1,1,1
4010,427,1,2,1,1,2,1,0,0,5.0,0.0,1,1,1
4011,427,2,2,2,1,2,1,1,0,5.0,0.0,1,1,1
4012,427,3,2,2,1,2,1,1,0,5.0,0.0,1,1,1
4013,427,4,1,2,1,2,1,1,0,6.0,0.0,1,1,1
4014,427,5,1,1,1,2,1,0,1,6.0,0.0,1,1,1
4015,427,6,1,1,1,1,1,0,1,2.0,0.0,1,1,0
4016,427,7,2,1,1,1,0,0,1,1.0,-1.0,1,0,0
4017,427,8,2,2,1,1,0,1,0,,-1.0,1,0,None
4018,428,0,1,0,1,3,0,0,0,4.0,0.0,1,1,1
4019,428,1,1,0,1,3,1,0,0,5.0,0.0,1,1,1
4020,428,2,1,0,1,3,1,1,0,0.0,0.0,1,1,1
4021,428,3,1,0,1,3,0,0,0,5.0,0.0,1,1,1
4022,428,4,1,1,1,3,1,1,0,3.0,0.0,1,1,1
4023,428,5,2,1,1,3,0,1,1,5.0,0.0,1,1,0
4024,428,6,2,1,1,3,1,1,0,5.0,-1.0,1,0,0
4025,428,7,2,2,1,3,1,1,0,,-1.0,1,0,None
4026,429,0,0,1,1,2,0,0,0,6.0,0.0,1,1,1
4027,429,1,0,1,1,2,1,0,1,3.0,0.0,1,1,1
4028,429,2,0,2,1,2,0,1,1,1.0,0.0,1,1,1
4029,429,3,0,2,1,2,0,1,0,6.0,0.0,1,1,1
4030,429,4,0,2,1,2,1,0,1,4.0,0.0,1,1,1
4031,429,5,0,2,1,2,1,0,0,0.0,0.0,1,1,0
4032,429,6,0,2,1,2,0,0,0,4.0,-1.0,1,0,0
4033,429,7,0,2,0,2,1,0,0,,-1.0,1,0,None
4034,430,0,1,1,1,1,0,0,0,2.0,0.0,1,1,1
4035,430,1,1,1,1,1,0,0,1,0.0,0.0,1,1,1
4036,430,2,1,1,1,1,0,0,0,5.0,0.0,1,1,0
4037,430,3,1,2,1,1,1,1,0,0.0,-1.0,1,0,0
4038,430,4,1,2,0,1,0,0,0,,-1.0,1,0,None
4039,431,0,1,2,1,1,0,0,0,5.0,0.0,1,1,1
4040,431,1,1,2,1,1,1,1,0,3.0,0.0,1,1,1
4041,431,2,1,2,1,1,0,1,1,3.0,0.0,1,1,1
4042,431,3,1,2,1,1,0,1,1,7.0,0.0,1,1,1
4043,431,4,1,2,1,1,1,1,1,7.0,0.0,1,1,0
4044,431,5,1,2,1,1,1,1,1,0.0,-1.0,1,0,0
4045,431,6,1,2,0,1,0,0,0,,-1.0,1,0,None
4046,432,0,1,2,1,2,0,0,0,4.0,0.0,1,1,1
4047,432,1,1,2,1,2,1,0,0,7.0,0.0,1,1,1
4048,432,2,1,2,1,2,1,1,1,1.0,0.0,1,1,1
4049,432,3,1,2,1,2,0,1,0,0.0,0.0,1,1,1
4050,432,4,1,2,1,2,0,0,0,4.0,0.0,1,1,1
4051,432,5,1,1,0,1,1,0,0,5.0,0.0,1,1,1
4052,432,6,1,1,0,1,1,1,0,2.0,0.0,1,1,1
4053,432,7,2,1,1,1,0,0,1,3.0,0.0,1,1,1
4054,432,8,2,1,1,1,0,1,1,3.0,0.0,1,1,1
4055,432,9,2,1,1,1,0,1,1,5.0,0.0,1,1,1
4056,432,10,1,1,1,1,1,1,0,6.0,0.0,1,1,1
4057,432,11,1,1,1,1,1,0,1,0.0,0.0,1,1,1
4058,432,12,1,1,1,1,0,0,0,1.0,0.0,1,1,1
4059,432,13,1,2,1,1,0,1,0,2.0,0.0,1,1,1
4060,432,14,1,2,1,1,0,0,1,3.0,0.0,1,1,1
4061,432,15,1,2,1,1,0,1,1,7.0,0.0,1,1,1
4062,432,16,1,2,1,1,1,1,1,4.0,0.0,1,1,1
4063,432,17,1,2,1,1,1,0,0,7.0,0.0,1,1,1
4064,432,18,1,2,1,1,1,1,1,2.0,0.0,1,1,1
4065,432,19,1,2,1,1,0,0,1,0.0,0.0,1,1,1
4066,432,20,1,2,1,1,0,0,0,,0.0,1,1,None
4067,433,0,1,0,1,2,0,0,0,3.0,0.0,1,1,1
4068,433,1,1,1,1,2,0,1,1,4.0,0.0,1,1,1
4069,433,2,1,1,1,3,1,0,0,3.0,0.0,1,1,1
4070,433,3,1,2,1,3,0,1,1,7.0,0.0,1,1,1
4071,433,4,1,2,1,3,1,1,1,7.0,0.0,1,1,1
4072,433,5,1,2,1,4,1,1,1,7.0,0.0,1,1,1
4073,433,6,1,2,1,4,1,1,1,7.0,0.0,1,1,1
4074,433,7,1,2,1,4,1,1,1,7.0,0.0,1,1,0
4075,433,8,1,2,1,4,1,1,1,1.0,-1.0,1,0,0
4076,433,9,2,2,0,4,0,1,0,,-1.0,1,0,None
4077,434,0,0,1,1,3,0,0,0,7.0,-1.0,1,0,0
4078,434,1,0,2,1,4,1,1,1,,-1.0,1,0,None
4079,435,0,1,2,0,2,0,0,0,3.0,0.0,1,1,1
4080,435,1,1,2,1,2,0,1,1,1.0,0.0,1,1,1
4081,435,2,2,2,1,2,0,1,0,3.0,0.0,1,1,1
4082,435,3,2,2,1,2,0,1,1,0.0,0.0,1,1,1
4083,435,4,2,2,1,2,0,0,0,6.0,0.0,1,1,1
4084,435,5,1,1,1,1,1,0,1,4.0,0.0,1,1,1
4085,435,6,1,1,1,1,1,0,0,2.0,0.0,1,1,1
4086,435,7,1,2,1,1,0,0,1,6.0,0.0,1,1,1
4087,435,8,1,2,1,1,1,0,1,0.0,0.0,1,1,1
4088,435,9,1,2,1,1,0,0,0,2.0,0.0,1,1,1
4089,435,10,1,2,1,1,0,0,1,4.0,0.0,1,1,1
4090,435,11,1,1,1,1,1,0,0,2.0,0.0,1,1,1
4091,435,12,1,1,1,0,0,0,1,2.0,0.0,1,1,1
4092,435,13,1,1,1,0,0,0,1,7.0,0.0,1,1,1
4093,435,14,1,2,1,0,1,1,1,2.0,0.0,1,1,1
4094,435,15,1,2,1,0,0,0,1,0.0,0.0,1,1,0
4095,435,16,0,1,1,0,0,0,0,0.0,-1.0,1,0,0
4096,435,17,0,2,0,0,0,0,0,,-1.0,1,0,None
4097,436,0,0,1,1,4,0,0,0,1.0,-1.0,1,0,0
4098,436,1,0,2,1,4,0,1,0,,-1.0,1,0,None
4099,437,0,1,2,1,4,0,0,0,7.0,0.0,1,1,1
4100,437,1,1,2,1,4,1,1,1,7.0,0.0,1,1,1
4101,437,2,1,2,1,4,1,1,1,3.0,0.0,1,1,1
4102,437,3,1,2,1,4,0,1,1,3.0,0.0,1,1,1
4103,437,4,1,2,1,4,0,1,1,6.0,0.0,1,1,1
4104,437,5,1,2,1,4,1,0,1,3.0,0.0,1,1,1
4105,437,6,1,2,1,4,0,1,1,2.0,0.0,1,1,1
4106,437,7,1,2,1,4,0,0,1,1.0,0.0,1,1,1
4107,437,8,1,2,1,4,0,1,0,3.0,0.0,1,1,1
4108,437,9,1,2,1,4,0,1,1,5.0,0.0,1,1,1
4109,437,10,1,2,1,4,1,1,0,0.0,0.0,1,1,1
4110,437,11,1,2,1,4,0,0,0,6.0,0.0,1,1,1
4111,437,12,1,1,1,4,1,0,1,7.0,0.0,1,1,1
4112,437,13,1,1,1,4,1,1,1,3.0,0.0,1,1,1
4113,437,14,1,2,1,4,0,1,1,3.0,0.0,1,1,1
4114,437,15,1,2,1,4,0,1,1,4.0,0.0,1,1,1
4115,437,16,1,2,1,4,1,0,0,0.0,0.0,1,1,0
4116,437,17,1,2,1,4,0,0,0,0.0,-1.0,1,0,0
4117,437,18,0,2,1,4,0,0,0,,-1.0,1,0,None
4118,438,0,1,1,0,2,0,0,0,6.0,0.0,1,1,1
4119,438,1,1,1,1,2,1,0,1,2.0,0.0,1,1,1
4120,438,2,1,1,1,2,0,0,1,2.0,0.0,1,1,1
4121,438,3,1,1,1,1,0,0,1,0.0,0.0,1,1,1
4122,438,4,0,1,1,0,0,0,0,0.0,0.0,1,1,0
4123,438,5,0,1,1,0,0,0,0,3.0,-1.0,1,0,0
4124,438,6,0,2,1,0,0,1,1,,-1.0,1,0,None
4125,439,0,1,0,1,2,0,0,0,1.0,0.0,1,1,1
4126,439,1,1,0,1,2,0,1,0,3.0,0.0,1,1,1
4127,439,2,1,1,1,2,0,1,1,4.0,0.0,1,1,1
4128,439,3,1,1,1,1,1,0,0,5.0,0.0,1,1,0
4129,439,4,1,1,0,1,1,1,0,5.0,-1.0,1,0,0
4130,439,5,1,2,0,1,1,1,0,,-1.0,1,0,None
4131,440,0,1,1,1,1,0,0,0,5.0,0.0,1,1,1
4132,440,1,1,2,1,1,1,1,0,5.0,0.0,1,1,1
4133,440,2,1,2,1,1,1,1,0,3.0,0.0,1,1,1
4134,440,3,1,2,1,1,0,1,1,4.0,0.0,1,1,1
4135,440,4,1,2,1,0,1,0,0,5.0,0.0,1,1,1
4136,440,5,1,2,1,0,1,1,0,7.0,0.0,1,1,1
4137,440,6,1,1,1,0,1,1,1,0.0,0.0,1,1,1
4138,440,7,1,1,1,0,0,0,0,6.0,0.0,1,1,1
4139,440,8,1,1,1,0,1,0,1,5.0,0.0,1,1,1
4140,440,9,1,1,1,0,1,1,0,7.0,0.0,1,1,1
4141,440,10,1,1,1,0,1,1,1,6.0,0.0,1,1,1
4142,440,11,1,1,1,0,1,0,1,2.0,0.0,1,1,1
4143,440,12,1,1,1,0,0,0,1,4.0,0.0,1,1,1
4144,440,13,1,1,1,0,1,0,0,2.0,0.0,1,1,1
4145,440,14,1,2,1,0,0,0,1,5.0,0.0,1,1,1
4146,440,15,1,2,1,0,1,1,0,1.0,0.0,1,1,1
4147,440,16,1,2,1,0,0,1,0,5.0,0.0,1,1,1
4148,440,17,1,2,1,0,1,1,0,6.0,0.0,1,1,1
4149,440,18,1,1,1,1,1,0,1,2.0,0.0,1,1,1
4150,440,19,1,1,1,1,0,0,1,2.0,0.0,1,1,1
4151,440,20,1,2,1,1,0,0,1,,0.0,1,1,None
4152,441,0,1,1,0,3,0,0,0,4.0,0.0,1,1,1
4153,441,1,1,1,0,3,1,0,0,3.0,0.0,1,1,1
4154,441,2,1,2,1,4,0,1,1,2.0,0.0,1,1,1
4155,441,3,1,2,1,4,0,0,1,7.0,0.0,1,1,1
4156,441,4,1,2,1,4,1,1,1,4.0,0.0,1,1,1
4157,441,5,1,1,1,4,1,0,0,6.0,0.0,1,1,1
4158,441,6,1,1,1,4,1,0,1,0.0,0.0,1,1,1
4159,441,7,1,1,1,3,0,0,0,7.0,0.0,1,1,1
4160,441,8,1,2,1,3,1,1,1,6.0,0.0,1,1,1
4161,441,9,1,1,1,2,1,0,1,5.0,0.0,1,1,1
4162,441,10,1,1,1,2,1,1,0,6.0,0.0,1,1,1
4163,441,11,1,1,1,1,1,0,1,6.0,0.0,1,1,1
4164,441,12,1,1,1,1,1,0,1,0.0,0.0,1,1,0
4165,441,13,1,1,0,1,0,0,0,5.0,-1.0,1,0,0
4166,441,14,1,2,0,1,1,1,0,,-1.0,1,0,None
4167,442,0,1,1,1,1,0,0,0,5.0,0.0,1,1,1
4168,442,1,1,2,1,1,1,1,0,2.0,0.0,1,1,1
4169,442,2,1,1,1,1,0,0,1,3.0,0.0,1,1,1
4170,442,3,1,2,1,1,0,1,1,5.0,0.0,1,1,0
4171,442,4,1,1,1,1,1,1,0,1.0,-1.0,1,0,0
4172,442,5,2,2,1,1,0,1,0,,-1.0,1,0,None
4173,443,0,2,1,1,2,0,0,0,6.0,0.0,1,1,1
4174,443,1,1,1,1,2,1,0,1,7.0,0.0,1,1,1
4175,443,2,1,1,1,2,1,1,1,4.0,0.0,1,1,1
4176,443,3,1,1,1,2,1,0,0,6.0,0.0,1,1,1
4177,443,4,1,1,1,1,1,0,1,1.0,0.0,1,1,1
4178,443,5,1,1,1,1,0,1,0,0.0,0.0,1,1,1
4179,443,6,2,1,1,1,0,0,0,1.0,0.0,1,1,0
4180,443,7,2,1,1,1,0,1,0,2.0,-1.0,1,0,0
4181,443,8,2,0,1,1,0,0,1,,-1.0,1,0,None
4182,444,0,0,1,1,3,0,0,0,0.0,0.0,1,1,0
4183,444,1,0,1,1,2,0,0,0,5.0,-1.0,1,0,0
4184,444,2,0,2,1,3,1,1,0,,-1.0,1,0,None
4185,445,0,0,1,1,0,0,0,0,4.0,0.0,1,1,1
4186,445,1,0,1,1,0,1,0,0,5.0,0.0,1,1,1
4187,445,2,0,1,1,0,1,1,0,0.0,0.0,1,1,0
4188,445,3,0,1,1,0,0,0,0,3.0,-1.0,1,0,0
4189,445,4,0,2,1,0,0,1,1,,-1.0,1,0,None
4190,446,0,2,1,0,2,0,0,0,0.0,0.0,1,1,1
4191,446,1,2,1,0,2,0,0,0,5.0,0.0,1,1,1
4192,446,2,1,2,0,2,1,1,0,2.0,0.0,1,1,1
4193,446,3,2,2,1,2,0,0,1,2.0,0.0,1,1,1
4194,446,4,2,2,1,2,0,0,1,7.0,0.0,1,1,1
4195,446,5,1,2,1,2,1,1,1,2.0,0.0,1,1,1
4196,446,6,1,2,1,2,0,0,1,2.0,0.0,1,1,1
4197,446,7,2,2,1,2,0,0,1,5.0,0.0,1,1,1
4198,446,8,2,2,1,2,1,1,0,5.0,0.0,1,1,1
4199,446,9,2,2,1,2,1,1,0,7.0,0.0,1,1,1
4200,446,10,2,2,1,2,1,1,1,6.0,0.0,1,1,1
4201,446,11,2,2,1,2,1,0,1,1.0,0.0,1,1,1
4202,446,12,2,2,1,2,0,1,0,3.0,0.0,1,1,1
4203,446,13,2,2,1,2,0,1,1,3.0,0.0,1,1,1
4204,446,14,2,2,1,2,0,1,1,0.0,0.0,1,1,1
4205,446,15,2,1,1,2,0,0,0,7.0,0.0,1,1,1
4206,446,16,2,2,1,2,1,1,1,4.0,0.0,1,1,1
4207,446,17,2,2,1,2,1,0,0,6.0,0.0,1,1,1
4208,446,18,2,1,1,2,1,0,1,5.0,0.0,1,1,1
4209,446,19,1,2,1,2,1,1,0,2.0,0.0,1,1,1
4210,446,20,1,1,1,2,0,0,1,,0.0,1,1,None
4211,447,0,1,0,1,3,0,0,0,2.0,0.0,1,1,1
4212,447,1,1,0,1,3,0,0,1,4.0,0.0,1,1,1
4213,447,2,1,0,1,3,1,0,0,4.0,0.0,1,1,1
4214,447,3,1,0,1,4,1,0,0,3.0,0.0,1,1,1
4215,447,4,1,2,1,4,0,1,1,1.0,0.0,1,1,1
4216,447,5,1,2,1,4,0,1,0,5.0,0.0,1,1,1
4217,447,6,1,2,1,4,1,1,0,6.0,0.0,1,1,1
4218,447,7,1,1,1,4,1,0,1,6.0,0.0,1,1,1
4219,447,8,1,1,1,3,1,0,1,4.0,0.0,1,1,1
4220,447,9,1,1,1,4,1,0,0,7.0,0.0,1,1,1
4221,447,10,1,2,1,4,1,1,1,1.0,0.0,1,1,1
4222,447,11,1,2,1,4,0,1,0,0.0,0.0,1,1,1
4223,447,12,1,2,1,4,0,0,0,6.0,0.0,1,1,1
4224,447,13,1,2,1,4,1,0,1,4.0,0.0,1,1,1
4225,447,14,1,1,1,3,1,0,0,7.0,0.0,1,1,1
4226,447,15,1,2,1,3,1,1,1,0.0,0.0,1,1,0
4227,447,16,1,2,0,2,0,0,0,3.0,-1.0,1,0,0
4228,447,17,0,2,0,3,0,1,1,,-1.0,1,0,None
4229,448,0,1,0,1,2,0,0,0,5.0,0.0,1,1,1
4230,448,1,1,1,1,2,1,1,0,2.0,0.0,1,1,0
4231,448,2,1,1,1,1,0,0,1,1.0,-1.0,1,0,0
4232,448,3,2,2,1,1,0,1,0,,-1.0,1,0,None
4233,449,0,1,2,0,2,0,0,0,7.0,0.0,1,1,1
4234,449,1,1,2,1,2,1,1,1,1.0,0.0,1,1,1
4235,449,2,1,2,1,2,0,1,0,4.0,0.0,1,1,1
4236,449,3,1,0,1,1,1,0,0,4.0,0.0,1,1,1
4237,449,4,1,0,1,1,1,0,0,5.0,0.0,1,1,1
4238,449,5,1,1,1,1,1,1,0,1.0,0.0,1,1,1
4239,449,6,1,1,1,1,0,1,0,7.0,0.0,1,1,1
4240,449,7,1,1,1,1,1,1,1,6.0,0.0,1,1,1
4241,449,8,1,1,1,1,1,0,1,2.0,0.0,1,1,1
4242,449,9,1,1,1,1,0,0,1,0.0,0.0,1,1,1
4243,449,10,1,1,1,0,0,0,0,0.0,0.0,1,1,1
4244,449,11,1,1,0,1,0,0,0,4.0,0.0,1,1,0
4245,449,12,1,1,0,1,1,0,0,5.0,-1.0,1,0,0
4246,449,13,1,2,0,1,1,1,0,,-1.0,1,0,None
4247,450,0,0,0,1,2,0,0,0,4.0,0.0,1,1,1
4248,450,1,0,0,1,2,1,0,0,4.0,0.0,1,1,1
4249,450,2,0,0,1,2,1,0,0,6.0,0.0,1,1,1
4250,450,3,0,0,1,2,1,0,1,6.0,0.0,1,1,1
4251,450,4,0,0,1,2,1,0,1,2.0,0.0,1,1,1
4252,450,5,0,0,1,2,0,0,1,6.0,0.0,1,1,1
4253,450,6,0,0,1,2,1,0,1,2.0,0.0,1,1,1
4254,450,7,0,0,1,2,0,0,1,6.0,0.0,1,1,1
4255,450,8,0,0,1,2,1,0,1,2.0,0.0,1,1,1
4256,450,9,0,0,1,2,0,0,1,2.0,0.0,1,1,1
4257,450,10,0,0,1,2,0,0,1,1.0,0.0,1,1,1
4258,450,11,0,0,1,2,0,1,0,0.0,0.0,1,1,1
4259,450,12,0,0,1,2,0,0,0,3.0,0.0,1,1,1
4260,450,13,0,0,1,2,0,1,1,0.0,0.0,1,1,0
4261,450,14,0,0,1,2,0,0,0,6.0,-1.0,1,0,0
4262,450,15,0,0,1,1,1,0,1,,-1.0,1,0,None
4263,451,0,1,2,1,4,0,0,0,2.0,-1.0,1,0,0
4264,451,1,2,2,1,4,0,0,1,,-1.0,1,0,None
4265,452,0,2,1,1,2,0,0,0,7.0,0.0,1,1,0
4266,452,1,1,2,1,3,1,1,1,0.0,-1.0,1,0,0
4267,452,2,1,2,0,3,0,0,0,,-1.0,1,0,None
4268,453,0,1,2,1,4,0,0,0,2.0,-1.0,1,0,0
4269,453,1,2,2,1,4,0,0,1,,-1.0,1,0,None
4270,454,0,1,0,1,1,0,0,0,0.0,-1.0,1,0,0
4271,454,1,2,0,0,1,0,0,0,,-1.0,1,0,None
4272,455,0,1,0,1,2,0,0,0,7.0,0.0,1,1,1
4273,455,1,1,1,1,2,1,1,1,7.0,0.0,1,1,1
4274,455,2,1,2,1,2,1,1,1,2.0,0.0,1,1,1
4275,455,3,1,2,1,2,0,0,1,3.0,0.0,1,1,1
4276,455,4,1,2,1,2,0,1,1,6.0,0.0,1,1,1
4277,455,5,1,2,1,2,1,0,1,6.0,0.0,1,1,1
4278,455,6,1,2,1,2,1,0,1,2.0,0.0,1,1,1
4279,455,7,1,2,1,2,0,0,1,0.0,0.0,1,1,1
4280,455,8,0,2,1,2,0,0,0,1.0,0.0,1,1,1
4281,455,9,0,2,1,2,0,1,0,1.0,0.0,1,1,1
4282,455,10,0,2,1,2,0,1,0,4.0,0.0,1,1,1
4283,455,11,0,0,1,2,1,0,0,5.0,0.0,1,1,1
4284,455,12,0,1,1,2,1,1,0,5.0,0.0,1,1,1
4285,455,13,0,2,1,2,1,1,0,6.0,0.0,1,1,1
4286,455,14,0,1,1,2,1,0,1,0.0,0.0,1,1,0
4287,455,15,0,1,1,2,0,0,0,4.0,-1.0,1,0,0
4288,455,16,0,1,0,1,1,0,0,,-1.0,1,0,None
4289,456,0,1,0,1,1,0,0,0,0.0,-1.0,1,0,0
4290,456,1,1,0,0,1,0,0,0,,-1.0,1,0,None
4291,457,0,1,0,1,3,0,0,0,1.0,0.0,1,1,1
4292,457,1,1,2,1,4,0,1,0,0.0,0.0,1,1,1
4293,457,2,1,1,1,4,0,0,0,7.0,0.0,1,1,1
4294,457,3,1,2,1,4,1,1,1,6.0,0.0,1,1,1
4295,457,4,1,2,1,4,1,0,1,6.0,0.0,1,1,1
4296,457,5,1,2,1,4,1,0,1,7.0,0.0,1,1,1
4297,457,6,1,2,1,4,1,1,1,2.0,0.0,1,1,1
4298,457,7,1,2,1,3,0,0,1,7.0,0.0,1,1,1
4299,457,8,1,2,1,3,1,1,1,3.0,0.0,1,1,1
4300,457,9,1,2,1,4,0,1,1,0.0,0.0,1,1,1
4301,457,10,1,2,1,4,0,0,0,3.0,0.0,1,1,1
4302,457,11,1,2,1,4,0,1,1,2.0,0.0,1,1,1
4303,457,12,1,2,1,3,0,0,1,0.0,0.0,1,1,1
4304,457,13,1,2,1,3,0,0,0,2.0,0.0,1,1,1
4305,457,14,1,2,1,4,0,0,1,7.0,0.0,1,1,1
4306,457,15,1,2,1,4,1,1,1,0.0,0.0,1,1,1
4307,457,16,1,2,1,3,0,0,0,4.0,0.0,1,1,1
4308,457,17,1,2,1,2,1,0,0,3.0,0.0,1,1,1
4309,457,18,1,2,1,3,0,1,1,1.0,0.0,1,1,1
4310,457,19,1,2,1,3,0,1,0,2.0,0.0,1,1,1
4311,457,20,1,2,1,4,0,0,1,,0.0,1,1,None
4312,458,0,1,0,1,3,0,0,0,6.0,0.0,1,1,1
4313,458,1,1,0,1,3,1,0,1,5.0,0.0,1,1,1
4314,458,2,1,0,1,3,1,1,0,2.0,0.0,1,1,1
4315,458,3,1,0,1,3,0,0,1,0.0,0.0,1,1,1
4316,458,4,1,0,1,3,0,0,0,3.0,0.0,1,1,1
4317,458,5,1,1,1,3,0,1,1,7.0,0.0,1,1,1
4318,458,6,1,1,1,3,1,1,1,2.0,0.0,1,1,1
4319,458,7,1,1,1,3,0,0,1,4.0,0.0,1,1,1
4320,458,8,1,1,1,3,1,0,0,0.0,0.0,1,1,1
4321,458,9,1,1,1,3,0,0,0,3.0,0.0,1,1,1
4322,458,10,1,1,1,3,0,1,1,4.0,0.0,1,1,1
4323,458,11,1,0,1,3,1,0,0,3.0,0.0,1,1,1
4324,458,12,1,1,1,3,0,1,1,6.0,0.0,1,1,1
4325,458,13,1,1,1,3,1,0,1,7.0,0.0,1,1,1
4326,458,14,1,1,1,3,1,1,1,7.0,0.0,1,1,1
4327,458,15,1,1,1,3,1,1,1,7.0,0.0,1,1,1
4328,458,16,1,2,1,3,1,1,1,4.0,0.0,1,1,1
4329,458,17,1,1,0,3,1,0,0,3.0,0.0,1,1,0
4330,458,18,1,1,1,3,0,1,1,1.0,-1.0,1,0,0
4331,458,19,0,2,1,3,0,1,0,,-1.0,1,0,None
4332,459,0,1,2,1,3,0,0,0,7.0,0.0,1,1,1
4333,459,1,1,2,1,3,1,1,1,1.0,0.0,1,1,1
4334,459,2,1,2,1,4,0,1,0,5.0,0.0,1,1,1
4335,459,3,1,2,1,4,1,1,0,3.0,0.0,1,1,1
4336,459,4,1,2,1,4,0,1,1,6.0,0.0,1,1,1
4337,459,5,1,2,1,4,1,0,1,5.0,0.0,1,1,1
4338,459,6,1,2,1,4,1,1,0,0.0,0.0,1,1,1
4339,459,7,1,2,1,4,0,0,0,1.0,0.0,1,1,1
4340,459,8,1,2,1,4,0,1,0,7.0,0.0,1,1,1
4341,459,9,1,2,1,4,1,1,1,1.0,0.0,1,1,1
4342,459,10,1,2,1,4,0,1,0,6.0,0.0,1,1,1
4343,459,11,1,2,1,4,1,0,1,5.0,0.0,1,1,1
4344,459,12,1,2,1,4,1,1,0,0.0,0.0,1,1,1
4345,459,13,1,2,1,4,0,0,0,2.0,0.0,1,1,1
4346,459,14,1,2,1,4,0,0,1,7.0,0.0,1,1,1
4347,459,15,1,1,1,4,1,1,1,4.0,0.0,1,1,1
4348,459,16,1,1,1,4,1,0,0,5.0,0.0,1,1,1
4349,459,17,1,2,1,4,1,1,0,5.0,0.0,1,1,1
4350,459,18,1,2,1,4,1,1,0,2.0,0.0,1,1,0
4351,459,19,1,2,1,4,0,0,1,3.0,-1.0,1,0,0
4352,459,20,2,2,1,4,0,1,1,,-1.0,1,0,None
4353,460,0,2,1,1,3,0,0,0,5.0,0.0,1,1,1
4354,460,1,1,2,1,3,1,1,0,4.0,0.0,1,1,1
4355,460,2,1,2,1,3,1,0,0,2.0,0.0,1,1,0
4356,460,3,1,2,1,3,0,0,1,1.0,-1.0,1,0,0
4357,460,4,1,2,0,3,0,1,0,,-1.0,1,0,None
4358,461,0,1,1,1,3,0,0,0,5.0,0.0,1,1,1
4359,461,1,1,2,1,4,1,1,0,7.0,0.0,1,1,1
4360,461,2,1,2,1,4,1,1,1,0.0,0.0,1,1,1
4361,461,3,1,2,1,3,0,0,0,4.0,0.0,1,1,1
4362,461,4,1,1,1,4,1,0,0,1.0,0.0,1,1,1
4363,461,5,1,2,1,4,0,1,0,1.0,0.0,1,1,0
4364,461,6,1,2,1,4,0,1,0,3.0,-1.0,1,0,0
4365,461,7,2,2,1,4,0,1,1,,-1.0,1,0,None
4366,462,0,0,1,1,2,0,0,0,7.0,0.0,1,1,1
4367,462,1,0,2,1,2,1,1,1,3.0,0.0,1,1,1
4368,462,2,0,2,1,2,0,1,1,4.0,0.0,1,1,0
4369,462,3,0,1,1,2,1,0,0,1.0,-1.0,1,0,0
4370,462,4,0,2,0,2,0,1,0,,-1.0,1,0,None
4371,463,0,2,0,1,2,0,0,0,1.0,0.0,1,1,1
4372,463,1,2,1,0,2,0,1,0,2.0,0.0,1,1,1
4373,463,2,2,1,1,2,0,0,1,4.0,0.0,1,1,1
4374,463,3,1,1,1,2,1,0,0,2.0,0.0,1,1,1
4375,463,4,1,1,1,2,0,0,1,4.0,0.0,1,1,1
4376,463,5,1,1,0,2,1,0,0,5.0,0.0,1,1,1
4377,463,6,1,2,0,2,1,1,0,1.0,0.0,1,1,0
4378,463,7,1,2,0,2,0,1,0,1.0,-1.0,1,0,0
4379,463,8,0,2,0,2,0,1,0,,-1.0,1,0,None
4380,464,0,2,0,1,2,0,0,0,1.0,0.0,1,1,1
4381,464,1,2,0,1,2,0,1,0,1.0,0.0,1,1,1
4382,464,2,2,1,1,2,0,1,0,7.0,0.0,1,1,1
4383,464,3,2,2,1,2,1,1,1,3.0,0.0,1,1,1
4384,464,4,2,2,1,2,0,1,1,2.0,0.0,1,1,1
4385,464,5,2,2,1,2,0,0,1,7.0,0.0,1,1,1
4386,464,6,1,2,1,2,1,1,1,2.0,0.0,1,1,0
4387,464,7,1,2,1,2,0,0,1,2.0,-1.0,1,0,0
4388,464,8,0,2,1,1,0,0,1,,-1.0,1,0,None
4389,465,0,2,1,1,2,0,0,0,4.0,0.0,1,1,2
4390,465,1,1,1,1,2,1,0,0,0.0,1.0,1,2,2
4391,465,2,1,1,1,2,0,0,0,,1.0,1,2,None
4392,466,0,1,0,1,2,0,0,0,3.0,0.0,1,1,1
4393,466,1,1,0,1,2,0,1,1,5.0,0.0,1,1,1
4394,466,2,1,1,1,2,1,1,0,6.0,0.0,1,1,1
4395,466,3,1,1,1,2,1,0,1,1.0,0.0,1,1,1
4396,466,4,1,2,1,2,0,1,0,1.0,0.0,1,1,1
4397,466,5,1,2,1,2,0,1,0,1.0,0.0,1,1,1
4398,466,6,0,2,1,2,0,1,0,3.0,0.0,1,1,1
4399,466,7,0,2,1,2,0,1,1,1.0,0.0,1,1,1
4400,466,8,0,2,1,2,0,1,0,6.0,0.0,1,1,1
4401,466,9,0,1,1,2,1,0,1,0.0,0.0,1,1,1
4402,466,10,0,1,1,2,0,0,0,6.0,0.0,1,1,1
4403,466,11,0,1,1,2,1,0,1,3.0,0.0,1,1,1
4404,466,12,0,2,1,2,0,1,1,6.0,0.0,1,1,1
4405,466,13,0,1,1,2,1,0,1,0.0,0.0,1,1,1
4406,466,14,0,1,1,2,0,0,0,0.0,0.0,1,1,0
4407,466,15,0,2,1,2,0,0,0,5.0,-1.0,1,0,0
4408,466,16,0,2,0,2,1,1,0,,-1.0,1,0,None
4409,467,0,0,1,1,0,0,0,0,0.0,0.0,1,1,0
4410,467,1,0,1,1,0,0,0,0,4.0,-1.0,1,0,0
4411,467,2,0,1,0,0,1,0,0,,-1.0,1,0,None
4412,468,0,0,1,1,1,0,0,0,7.0,-1.0,1,0,0
4413,468,1,0,2,1,1,1,1,1,,-1.0,1,0,None
4414,469,0,1,1,0,2,0,0,0,6.0,0.0,1,1,1
4415,469,1,1,1,1,2,1,0,1,6.0,0.0,1,1,1
4416,469,2,1,1,1,2,1,0,1,7.0,0.0,1,1,1
4417,469,3,1,2,1,2,1,1,1,3.0,0.0,1,1,1
4418,469,4,1,2,1,2,0,1,1,2.0,0.0,1,1,1
4419,469,5,1,2,1,2,0,0,1,2.0,0.0,1,1,1
4420,469,6,1,2,1,2,0,0,1,7.0,0.0,1,1,1
4421,469,7,1,2,1,2,1,1,1,5.0,0.0,1,1,1
4422,469,8,1,2,1,2,1,1,0,6.0,0.0,1,1,1
4423,469,9,1,1,1,1,1,0,1,5.0,0.0,1,1,1
4424,469,10,1,2,1,1,1,1,0,1.0,0.0,1,1,1
4425,469,11,1,2,1,1,0,1,0,4.0,0.0,1,1,1
4426,469,12,1,1,1,1,1,0,0,7.0,0.0,1,1,1
4427,469,13,1,1,1,1,1,1,1,3.0,0.0,1,1,1
4428,469,14,1,1,1,1,0,1,1,3.0,0.0,1,1,1
4429,469,15,1,2,1,1,0,1,1,7.0,0.0,1,1,1
4430,469,16,1,2,1,1,1,1,1,0.0,0.0,1,1,1
4431,469,17,1,2,1,1,0,0,0,2.0,0.0,1,1,1
4432,469,18,1,2,1,1,0,0,1,6.0,0.0,1,1,1
4433,469,19,1,1,1,1,1,0,1,3.0,0.0,1,1,1
4434,469,20,1,2,1,1,0,1,1,,0.0,1,1,None
4435,470,0,0,1,1,4,0,0,0,7.0,0.0,1,1,0
4436,470,1,0,1,1,4,1,1,1,3.0,-1.0,1,0,0
4437,470,2,0,2,1,4,0,1,1,,-1.0,1,0,None
4438,471,0,1,2,1,2,0,0,0,4.0,0.0,1,1,1
4439,471,1,1,1,1,2,1,0,0,5.0,0.0,1,1,1
4440,471,2,1,1,1,2,1,1,0,5.0,0.0,1,1,1
4441,471,3,1,2,1,2,1,1,0,7.0,0.0,1,1,1
4442,471,4,1,1,1,2,1,1,1,7.0,0.0,1,1,1
4443,471,5,1,1,1,2,1,1,1,4.0,0.0,1,1,1
4444,471,6,1,1,1,2,1,0,0,5.0,0.0,1,1,1
4445,471,7,1,1,1,2,1,1,0,7.0,0.0,1,1,1
4446,471,8,1,1,1,2,1,1,1,5.0,0.0,1,1,1
4447,471,9,1,2,0,2,1,1,0,5.0,0.0,1,1,1
4448,471,10,1,2,0,2,1,1,0,4.0,0.0,1,1,1
4449,471,11,1,1,0,2,1,0,0,2.0,0.0,1,1,1
4450,471,12,1,1,1,1,0,0,1,1.0,0.0,1,1,1
4451,471,13,1,2,1,1,0,1,0,0.0,0.0,1,1,1
4452,471,14,1,2,1,1,0,0,0,5.0,0.0,1,1,1
4453,471,15,1,2,1,1,1,1,0,4.0,0.0,1,1,1
4454,471,16,1,1,1,1,1,0,0,5.0,0.0,1,1,1
4455,471,17,1,2,1,1,1,1,0,3.0,0.0,1,1,1
4456,471,18,1,2,1,1,0,1,1,1.0,0.0,1,1,1
4457,471,19,1,2,1,1,0,1,0,6.0,0.0,1,1,1
4458,471,20,1,2,1,1,1,0,1,,0.0,1,1,None
4459,472,0,1,1,0,3,0,0,0,1.0,0.0,1,1,1
4460,472,1,1,1,1,3,0,1,0,5.0,0.0,1,1,1
4461,472,2,1,1,1,3,1,1,0,0.0,0.0,1,1,1
4462,472,3,1,0,1,3,0,0,0,5.0,0.0,1,1,1
4463,472,4,1,1,1,3,1,1,0,3.0,0.0,1,1,1
4464,472,5,1,2,1,3,0,1,1,1.0,0.0,1,1,0
4465,472,6,1,2,1,3,0,1,0,2.0,-1.0,1,0,0
4466,472,7,2,2,1,3,0,0,1,,-1.0,1,0,None
4467,473,0,1,2,1,3,0,0,0,0.0,0.0,1,1,1
4468,473,1,1,2,1,4,0,0,0,2.0,0.0,1,1,1
4469,473,2,1,2,1,4,0,0,1,6.0,0.0,1,1,1
4470,473,3,1,2,1,4,1,0,1,6.0,0.0,1,1,1
4471,473,4,1,2,1,3,1,0,1,5.0,0.0,1,1,1
4472,473,5,1,2,1,3,1,1,0,4.0,0.0,1,1,1
4473,473,6,1,1,1,4,1,0,0,5.0,0.0,1,1,1
4474,473,7,1,1,1,4,1,1,0,3.0,0.0,1,1,1
4475,473,8,1,2,1,4,0,1,1,6.0,0.0,1,1,1
4476,473,9,1,1,1,3,1,0,1,1.0,0.0,1,1,1
4477,473,10,1,2,1,3,0,1,0,7.0,0.0,1,1,1
4478,473,11,1,2,1,3,1,1,1,6.0,0.0,1,1,1
4479,473,12,1,1,1,4,1,0,1,1.0,0.0,1,1,1
4480,473,13,1,1,1,4,0,1,0,5.0,0.0,1,1,1
4481,473,14,1,2,1,4,1,1,0,6.0,0.0,1,1,1
4482,473,15,1,1,1,4,1,0,1,2.0,0.0,1,1,1
4483,473,16,1,1,1,3,0,0,1,2.0,0.0,1,1,1
4484,473,17,1,1,1,3,0,0,1,6.0,0.0,1,1,1
4485,473,18,1,1,1,4,1,0,1,0.0,0.0,1,1,1
4486,473,19,2,1,1,4,0,0,0,7.0,0.0,1,1,1
4487,473,20,1,2,1,4,1,1,1,,0.0,1,1,None
4488,474,0,0,1,1,2,0,0,0,0.0,0.0,1,1,1
4489,474,1,0,2,1,2,0,0,0,6.0,0.0,1,1,1
4490,474,2,0,1,1,2,1,0,1,4.0,0.0,1,1,0
4491,474,3,0,1,0,2,1,0,0,6.0,-1.0,1,0,0
4492,474,4,0,1,0,1,1,0,1,,-1.0,1,0,None
4493,475,0,1,2,1,2,0,0,0,0.0,0.0,1,1,0
4494,475,1,1,2,0,2,0,0,0,0.0,-1.0,1,0,0
4495,475,2,1,2,0,1,0,0,0,,-1.0,1,0,None
4496,476,0,1,2,1,2,0,0,0,7.0,0.0,1,1,1
4497,476,1,1,2,1,2,1,1,1,5.0,0.0,1,1,2
4498,476,2,1,2,1,2,1,1,0,0.0,1.0,1,2,2
4499,476,3,1,1,1,2,0,0,0,,1.0,1,2,None
4500,477,0,2,1,1,3,0,0,0,1.0,-1.0,1,0,0
4501,477,1,2,2,1,3,0,1,0,,-1.0,1,0,None
4502,478,0,1,1,0,3,0,0,0,2.0,0.0,1,1,1
4503,478,1,1,1,1,1,0,0,1,2.0,0.0,1,1,1
4504,478,2,2,1,1,1,0,0,1,6.0,0.0,1,1,1
4505,478,3,2,1,1,1,1,0,1,6.0,0.0,1,1,1
4506,478,4,1,1,1,0,1,0,1,6.0,0.0,1,1,1
4507,478,5,1,1,1,0,1,0,1,3.0,0.0,1,1,1
4508,478,6,1,1,1,0,0,1,1,5.0,0.0,1,1,0
4509,478,7,1,2,1,0,1,1,0,3.0,-1.0,1,0,0
4510,478,8,2,2,1,0,0,1,1,,-1.0,1,0,None
4511,479,0,2,1,0,2,0,0,0,2.0,0.0,1,1,1
4512,479,1,2,1,1,2,0,0,1,3.0,0.0,1,1,1
4513,479,2,2,2,1,2,0,1,1,2.0,0.0,1,1,1
4514,479,3,2,2,1,2,0,0,1,5.0,0.0,1,1,1
4515,479,4,1,2,1,2,1,1,0,1.0,0.0,1,1,1
4516,479,5,1,2,1,2,0,1,0,7.0,0.0,1,1,1
4517,479,6,1,2,1,2,1,1,1,2.0,0.0,1,1,1
4518,479,7,1,2,1,2,0,0,1,3.0,0.0,1,1,1
4519,479,8,1,2,1,2,0,1,1,0.0,0.0,1,1,1
4520,479,9,1,2,1,2,0,0,0,1.0,0.0,1,1,1
4521,479,10,0,2,1,2,0,1,0,4.0,0.0,1,1,1
4522,479,11,0,2,1,2,1,0,0,1.0,0.0,1,1,1
4523,479,12,0,2,1,2,0,1,0,2.0,0.0,1,1,1
4524,479,13,0,2,1,2,0,0,1,6.0,0.0,1,1,1
4525,479,14,0,2,1,2,1,0,1,3.0,0.0,1,1,1
4526,479,15,0,2,1,2,0,1,1,6.0,0.0,1,1,1
4527,479,16,0,2,1,2,1,0,1,3.0,0.0,1,1,1
4528,479,17,0,2,1,2,0,1,1,5.0,0.0,1,1,1
4529,479,18,0,2,1,2,1,1,0,4.0,0.0,1,1,1
4530,479,19,0,0,1,2,1,0,0,3.0,0.0,1,1,1
4531,479,20,0,1,1,2,0,1,1,,0.0,1,1,None
4532,480,0,1,0,1,3,0,0,0,4.0,0.0,1,1,1
4533,480,1,1,0,1,3,1,0,0,1.0,0.0,1,1,1
4534,480,2,1,1,1,3,0,1,0,6.0,0.0,1,1,1
4535,480,3,1,1,1,3,1,0,1,0.0,0.0,1,1,1
4536,480,4,1,2,1,1,0,0,0,1.0,0.0,1,1,1
4537,480,5,1,2,1,1,0,1,0,4.0,0.0,1,1,1
4538,480,6,1,1,1,0,1,0,0,1.0,0.0,1,1,1
4539,480,7,1,2,1,0,0,1,0,3.0,0.0,1,1,1
4540,480,8,1,2,1,0,0,1,1,5.0,0.0,1,1,1
4541,480,9,1,2,1,0,1,1,0,6.0,0.0,1,1,1
4542,480,10,1,2,1,0,1,0,1,2.0,0.0,1,1,1
4543,480,11,1,2,1,0,0,0,1,1.0,0.0,1,1,1
4544,480,12,1,2,1,0,0,1,0,1.0,0.0,1,1,0
4545,480,13,1,2,1,0,0,1,0,1.0,-1.0,1,0,0
4546,480,14,1,2,0,0,0,1,0,,-1.0,1,0,None
4547,481,0,2,1,1,2,0,0,0,5.0,0.0,1,1,1
4548,481,1,1,2,1,2,1,1,0,2.0,0.0,1,1,1
4549,481,2,1,2,1,1,0,0,1,0.0,0.0,1,1,1
4550,481,3,1,2,1,1,0,0,0,5.0,0.0,1,1,1
4551,481,4,1,2,1,1,1,1,0,7.0,0.0,1,1,1
4552,481,5,1,2,1,1,1,1,1,0.0,0.0,1,1,1
4553,481,6,1,2,1,1,0,0,0,1.0,0.0,1,1,1
4554,481,7,1,2,1,1,0,1,0,4.0,0.0,1,1,1
4555,481,8,1,2,1,1,1,0,0,3.0,0.0,1,1,1
4556,481,9,1,2,1,1,0,1,1,0.0,0.0,1,1,1
4557,481,10,1,2,1,1,0,0,0,0.0,0.0,1,1,1
4558,481,11,1,2,1,1,0,0,0,4.0,0.0,1,1,0
4559,481,12,1,1,0,1,1,0,0,5.0,-1.0,1,0,0
4560,481,13,1,2,0,1,1,1,0,,-1.0,1,0,None
4561,482,0,0,1,1,2,0,0,0,1.0,0.0,1,1,1
4562,482,1,1,2,1,2,0,1,0,3.0,0.0,1,1,1
4563,482,2,1,2,1,2,0,1,1,0.0,0.0,1,1,1
4564,482,3,1,2,1,2,0,0,0,4.0,0.0,1,1,1
4565,482,4,1,2,1,2,1,0,0,6.0,0.0,1,1,1
4566,482,5,1,1,1,2,1,0,1,6.0,0.0,1,1,1
4567,482,6,1,1,1,1,1,0,1,7.0,0.0,1,1,1
4568,482,7,1,1,1,1,1,1,1,6.0,0.0,1,1,1
4569,482,8,1,1,1,1,1,0,1,5.0,0.0,1,1,1
4570,482,9,1,1,1,1,1,1,0,6.0,0.0,1,1,1
4571,482,10,1,1,1,0,1,0,1,1.0,0.0,1,1,1
4572,482,11,1,2,1,0,0,1,0,7.0,0.0,1,1,1
4573,482,12,1,1,1,0,1,1,1,3.0,0.0,1,1,1
4574,482,13,1,1,1,0,0,1,1,7.0,0.0,1,1,1
4575,482,14,1,2,1,0,1,1,1,6.0,0.0,1,1,1
4576,482,15,1,1,1,0,1,0,1,6.0,0.0,1,1,1
4577,482,16,1,1,1,0,1,0,1,6.0,0.0,1,1,1
4578,482,17,1,1,1,0,1,0,1,1.0,0.0,1,1,1
4579,482,18,1,2,1,0,0,1,0,2.0,0.0,1,1,1
4580,482,19,1,2,1,0,0,0,1,5.0,0.0,1,1,1
4581,482,20,1,2,1,0,1,1,0,,0.0,1,1,None
4582,483,0,1,1,0,2,0,0,0,7.0,0.0,1,1,1
4583,483,1,1,1,1,2,1,1,1,4.0,0.0,1,1,1
4584,483,2,1,1,1,2,1,0,0,0.0,0.0,1,1,1
4585,483,3,1,1,1,1,0,0,0,5.0,0.0,1,1,1
4586,483,4,1,1,1,1,1,1,0,6.0,0.0,1,1,1
4587,483,5,1,1,1,1,1,0,1,2.0,0.0,1,1,1
4588,483,6,1,2,1,1,0,0,1,7.0,0.0,1,1,1
4589,483,7,1,2,1,1,1,1,1,0.0,0.0,1,1,1
4590,483,8,1,2,1,1,0,0,0,3.0,0.0,1,1,0
4591,483,9,1,2,1,1,0,1,1,0.0,-1.0,1,0,0
4592,483,10,1,2,0,1,0,0,0,,-1.0,1,0,None
4593,484,0,1,0,1,4,0,0,0,5.0,0.0,1,1,1
4594,484,1,1,1,1,4,1,1,0,5.0,0.0,1,1,1
4595,484,2,1,2,1,4,1,1,0,5.0,0.0,1,1,1
4596,484,3,1,2,1,4,1,1,0,4.0,0.0,1,1,1
4597,484,4,1,2,1,3,1,0,0,2.0,0.0,1,1,1
4598,484,5,1,2,1,4,0,0,1,2.0,0.0,1,1,1
4599,484,6,1,2,1,4,0,0,1,2.0,0.0,1,1,0
4600,484,7,1,2,1,3,0,0,1,3.0,-1.0,1,0,0
4601,484,8,2,2,1,4,0,1,1,,-1.0,1,0,None
4602,485,0,1,0,1,2,0,0,0,4.0,0.0,1,1,1
4603,485,1,1,0,1,2,1,0,0,2.0,0.0,1,1,1
4604,485,2,1,0,1,2,0,0,1,0.0,0.0,1,1,1
4605,485,3,1,0,1,2,0,0,0,2.0,0.0,1,1,1
4606,485,4,1,0,1,1,0,0,1,4.0,0.0,1,1,0
4607,485,5,1,0,1,0,1,0,0,4.0,-1.0,1,0,0
4608,485,6,1,0,0,0,1,0,0,,-1.0,1,0,None
4609,486,0,0,1,0,2,0,0,0,2.0,0.0,1,1,1
4610,486,1,0,1,1,1,0,0,1,4.0,0.0,1,1,0
4611,486,2,0,1,1,1,1,0,0,7.0,-1.0,1,0,0
4612,486,3,0,2,1,1,1,1,1,,-1.0,1,0,None
4613,487,0,1,1,1,0,0,0,0,5.0,0.0,1,1,1
4614,487,1,1,2,1,0,1,1,0,4.0,0.0,1,1,1
4615,487,2,1,0,1,0,1,0,0,5.0,0.0,1,1,1
4616,487,3,1,1,1,0,1,1,0,7.0,0.0,1,1,1
4617,487,4,1,2,1,0,1,1,1,4.0,0.0,1,1,1
4618,487,5,1,0,1,0,1,0,0,6.0,0.0,1,1,1
4619,487,6,1,0,1,0,1,0,1,2.0,0.0,1,1,1
4620,487,7,1,0,1,0,0,0,1,4.0,0.0,1,1,1
4621,487,8,1,0,1,0,1,0,0,0.0,0.0,1,1,1
4622,487,9,1,0,1,0,0,0,0,2.0,0.0,1,1,1
4623,487,10,1,0,1,0,0,0,1,1.0,0.0,1,1,1
4624,487,11,2,1,1,0,0,1,0,0.0,0.0,1,1,0
4625,487,12,2,1,1,0,0,0,0,1.0,-1.0,1,0,0
4626,487,13,2,2,1,0,0,1,0,,-1.0,1,0,None
4627,488,0,2,1,1,2,0,0,0,7.0,0.0,1,1,1
4628,488,1,2,2,1,2,1,1,1,2.0,0.0,1,1,1
4629,488,2,2,1,1,2,0,0,1,5.0,0.0,1,1,0
4630,488,3,2,2,1,2,1,1,0,0.0,-1.0,1,0,0
4631,488,4,2,2,1,1,0,0,0,,-1.0,1,0,None
4632,489,0,1,0,1,2,0,0,0,6.0,0.0,1,1,1
4633,489,1,1,0,1,1,1,0,1,0.0,0.0,1,1,1
4634,489,2,1,0,1,0,0,0,0,6.0,0.0,1,1,1
4635,489,3,1,0,1,0,1,0,1,7.0,0.0,1,1,0
4636,489,4,1,1,1,0,1,1,1,5.0,-1.0,1,0,0
4637,489,5,1,2,0,0,1,1,0,,-1.0,1,0,None
4638,490,0,1,1,0,2,0,0,0,2.0,0.0,1,1,1
4639,490,1,2,1,1,1,0,0,1,6.0,0.0,1,1,1
4640,490,2,1,1,1,1,1,0,1,6.0,0.0,1,1,1
4641,490,3,1,1,1,1,1,0,1,4.0,0.0,1,1,1
4642,490,4,1,1,1,1,1,0,0,2.0,0.0,1,1,1
4643,490,5,1,1,1,1,0,0,1,0.0,0.0,1,1,0
4644,490,6,2,1,1,1,0,0,0,7.0,-1.0,1,0,0
4645,490,7,2,2,1,1,1,1,1,,-1.0,1,0,None
4646,491,0,0,1,1,2,0,0,0,1.0,0.0,1,1,0
4647,491,1,0,2,1,2,0,1,0,2.0,-1.0,1,0,0
4648,491,2,0,2,1,1,0,0,1,,-1.0,1,0,None
4649,492,0,2,2,1,2,0,0,0,0.0,0.0,1,1,1
4650,492,1,2,2,1,2,0,0,0,4.0,0.0,1,1,1
4651,492,2,2,1,1,2,1,0,0,0.0,0.0,1,1,0
4652,492,3,2,1,1,1,0,0,0,2.0,-1.0,1,0,0
4653,492,4,2,0,1,1,0,0,1,,-1.0,1,0,None
4654,493,0,1,0,0,2,0,0,0,1.0,0.0,1,1,1
4655,493,1,1,0,0,2,0,1,0,0.0,0.0,1,1,1
4656,493,2,1,0,0,2,0,0,0,4.0,0.0,1,1,1
4657,493,3,1,0,0,2,1,0,0,2.0,0.0,1,1,1
4658,493,4,1,0,1,2,0,0,1,0.0,0.0,1,1,1
4659,493,5,1,0,1,2,0,0,0,1.0,0.0,1,1,1
4660,493,6,0,1,1,2,0,1,0,0.0,0.0,1,1,1
4661,493,7,0,1,1,2,0,0,0,0.0,0.0,1,1,1
4662,493,8,0,2,1,2,0,0,0,4.0,0.0,1,1,1
4663,493,9,0,1,1,2,1,0,0,0.0,0.0,1,1,1
4664,493,10,0,1,1,2,0,0,0,3.0,0.0,1,1,1
4665,493,11,0,1,1,2,0,1,1,6.0,0.0,1,1,1
4666,493,12,0,0,1,2,1,0,1,6.0,0.0,1,1,0
4667,493,13,0,0,1,2,1,0,1,6.0,-1.0,1,0,0
4668,493,14,0,0,1,1,1,0,1,,-1.0,1,0,None
4669,494,0,0,1,1,2,0,0,0,3.0,0.0,1,1,1
4670,494,1,1,2,1,2,0,1,1,0.0,0.0,1,1,1
4671,494,2,2,2,1,2,0,0,0,4.0,0.0,1,1,1
4672,494,3,2,2,1,2,1,0,0,2.0,0.0,1,1,1
4673,494,4,2,2,1,2,0,0,1,1.0,0.0,1,1,1
4674,494,5,2,2,1,2,0,1,0,2.0,0.0,1,1,1
4675,494,6,1,2,1,2,0,0,1,6.0,0.0,1,1,1
4676,494,7,1,1,1,2,1,0,1,0.0,0.0,1,1,1
4677,494,8,1,1,1,1,0,0,0,7.0,0.0,1,1,1
4678,494,9,1,2,1,1,1,1,1,6.0,0.0,1,1,1
4679,494,10,1,1,1,1,1,0,1,2.0,0.0,1,1,1
4680,494,11,1,1,1,1,0,0,1,1.0,0.0,1,1,1
4681,494,12,2,1,1,1,0,1,0,0.0,0.0,1,1,0
4682,494,13,2,1,1,1,0,0,0,5.0,-1.0,1,0,0
4683,494,14,1,2,0,1,1,1,0,,-1.0,1,0,None
4684,495,0,0,2,1,2,0,0,0,3.0,0.0,1,1,1
4685,495,1,0,2,1,2,0,1,1,6.0,0.0,1,1,1
4686,495,2,0,1,1,2,1,0,1,7.0,0.0,1,1,0
4687,495,3,0,2,1,2,1,1,1,4.0,-1.0,1,0,0
4688,495,4,0,2,1,1,1,0,0,,-1.0,1,0,None
4689,496,0,1,1,0,2,0,0,0,5.0,0.0,1,1,1
4690,496,1,1,2,0,2,1,1,0,6.0,0.0,1,1,1
4691,496,2,1,2,1,1,1,0,1,5.0,0.0,1,1,1
4692,496,3,1,2,1,1,1,1,0,1.0,0.0,1,1,1
4693,496,4,1,2,1,1,0,1,0,2.0,0.0,1,1,1
4694,496,5,1,2,1,1,0,0,1,7.0,0.0,1,1,1
4695,496,6,1,2,1,1,1,1,1,3.0,0.0,1,1,1
4696,496,7,1,2,1,1,0,1,1,2.0,0.0,1,1,1
4697,496,8,1,2,1,1,0,0,1,6.0,0.0,1,1,1
4698,496,9,1,1,1,1,1,0,1,6.0,0.0,1,1,1
4699,496,10,1,1,1,1,1,0,1,7.0,0.0,1,1,1
4700,496,11,1,2,1,1,1,1,1,6.0,0.0,1,1,1
4701,496,12,1,1,1,1,1,0,1,5.0,0.0,1,1,1
4702,496,13,1,1,0,1,1,1,0,0.0,0.0,1,1,1
4703,496,14,1,1,0,1,0,0,0,2.0,0.0,1,1,1
4704,496,15,1,1,1,1,0,0,1,1.0,0.0,1,1,0
4705,496,16,1,2,1,1,0,1,0,1.0,-1.0,1,0,0
4706,496,17,1,2,0,1,0,1,0,,-1.0,1,0,None
4707,497,0,0,0,1,2,0,0,0,6.0,0.0,1,1,1
4708,497,1,0,0,1,2,1,0,1,6.0,0.0,1,1,0
4709,497,2,0,0,1,2,1,0,1,4.0,-1.0,1,0,0
4710,497,3,0,0,1,1,1,0,0,,-1.0,1,0,None
4711,498,0,1,0,1,1,0,0,0,7.0,0.0,1,1,1
4712,498,1,1,1,1,1,1,1,1,5.0,0.0,1,1,0
4713,498,2,1,2,1,1,1,1,0,0.0,-1.0,1,0,0
4714,498,3,2,2,1,1,0,0,0,,-1.0,1,0,None
4715,499,0,2,1,1,1,0,0,0,0.0,0.0,1,1,0
4716,499,1,2,1,1,1,0,0,0,1.0,-1.0,1,0,0
4717,499,2,1,2,0,1,0,1,0,,-1.0,1,0,None
4718,500,0,1,1,0,4,0,0,0,4.0,0.0,1,1,1
4719,500,1,1,1,0,4,1,0,0,4.0,0.0,1,1,1
4720,500,2,1,1,0,3,1,0,0,3.0,0.0,1,1,0
4721,500,3,1,2,1,4,0,1,1,2.0,-1.0,1,0,0
4722,500,4,2,2,1,4,0,0,1,,-1.0,1,0,None
4723,501,0,2,0,1,2,0,0,0,1.0,0.0,1,1,1
4724,501,1,2,1,1,2,0,1,0,2.0,0.0,1,1,0
4725,501,2,2,1,1,1,0,0,1,3.0,-1.0,1,0,0
4726,501,3,2,2,1,1,0,1,1,,-1.0,1,0,None
4727,502,0,1,1,1,1,0,0,0,5.0,0.0,1,1,1
4728,502,1,1,2,1,1,1,1,0,7.0,0.0,1,1,1
4729,502,2,1,2,1,1,1,1,1,4.0,0.0,1,1,1
4730,502,3,1,2,1,1,1,0,0,0.0,0.0,1,1,0
4731,502,4,1,2,1,1,0,0,0,0.0,-1.0,1,0,0
4732,502,5,0,2,1,1,0,0,0,,-1.0,1,0,None
4733,503,0,2,1,1,1,0,0,0,1.0,-1.0,1,0,0
4734,503,1,2,2,1,1,0,1,0,,-1.0,1,0,None
4735,504,0,0,0,1,2,0,0,0,3.0,0.0,1,1,0
4736,504,1,0,0,1,2,0,1,1,4.0,-1.0,1,0,0
4737,504,2,0,0,1,1,1,0,0,,-1.0,1,0,None
4738,505,0,2,1,1,0,0,0,0,1.0,0.0,1,1,1
4739,505,1,1,2,1,0,0,1,0,0.0,0.0,1,1,0
4740,505,2,1,2,1,0,0,0,0,0.0,-1.0,1,0,0
4741,505,3,2,2,1,0,0,0,0,,-1.0,1,0,None
4742,506,0,2,1,1,3,0,0,0,1.0,-1.0,1,0,0
4743,506,1,2,2,1,3,0,1,0,,-1.0,1,0,None
4744,507,0,1,1,1,3,0,0,0,4.0,0.0,1,1,1
4745,507,1,1,1,1,4,1,0,0,6.0,0.0,1,1,1
4746,507,2,1,1,1,4,1,0,1,4.0,0.0,1,1,1
4747,507,3,1,1,1,4,1,0,0,5.0,0.0,1,1,1
4748,507,4,1,2,1,4,1,1,0,1.0,0.0,1,1,1
4749,507,5,1,2,1,4,0,1,0,2.0,0.0,1,1,1
4750,507,6,1,2,1,3,0,0,1,3.0,0.0,1,1,1
4751,507,7,1,2,1,3,0,1,1,4.0,0.0,1,1,1
4752,507,8,1,2,1,3,1,0,0,6.0,0.0,1,1,1
4753,507,9,1,1,1,3,1,0,1,0.0,0.0,1,1,1
4754,507,10,1,2,1,4,0,0,0,3.0,0.0,1,1,1
4755,507,11,1,2,1,4,0,1,1,1.0,0.0,1,1,1
4756,507,12,1,2,1,4,0,1,0,6.0,0.0,1,1,1
4757,507,13,1,1,1,3,1,0,1,3.0,0.0,1,1,1
4758,507,14,1,2,1,4,0,1,1,4.0,0.0,1,1,1
4759,507,15,1,2,1,3,1,0,0,4.0,0.0,1,1,1
4760,507,16,1,2,1,3,1,0,0,5.0,0.0,1,1,1
4761,507,17,1,2,1,4,1,1,0,1.0,0.0,1,1,1
4762,507,18,1,2,1,4,0,1,0,5.0,0.0,1,1,1
4763,507,19,1,2,1,4,1,1,0,1.0,0.0,1,1,1
4764,507,20,1,2,1,4,0,1,0,,0.0,1,1,None
4765,508,0,1,0,0,2,0,0,0,1.0,-1.0,1,0,0
4766,508,1,1,2,0,3,0,1,0,,-1.0,1,0,None
4767,509,0,0,2,1,2,0,0,0,1.0,0.0,1,1,1
4768,509,1,1,2,1,2,0,1,0,6.0,0.0,1,1,1
4769,509,2,1,2,1,2,1,0,1,4.0,0.0,1,1,1
4770,509,3,1,2,1,1,1,0,0,5.0,0.0,1,1,1
4771,509,4,1,2,1,1,1,1,0,6.0,0.0,1,1,1
4772,509,5,1,2,1,1,1,0,1,2.0,0.0,1,1,1
4773,509,6,1,2,1,1,0,0,1,2.0,0.0,1,1,1
4774,509,7,1,2,1,1,0,0,1,7.0,0.0,1,1,1
4775,509,8,1,2,1,1,1,1,1,0.0,0.0,1,1,1
4776,509,9,1,2,1,1,0,0,0,5.0,0.0,1,1,1
4777,509,10,1,2,1,1,1,1,0,6.0,0.0,1,1,1
4778,509,11,1,2,1,0,1,0,1,3.0,0.0,1,1,1
4779,509,12,1,2,1,0,0,1,1,4.0,0.0,1,1,1
4780,509,13,1,2,1,0,1,0,0,5.0,0.0,1,1,0
4781,509,14,1,2,1,0,1,1,0,1.0,-1.0,1,0,0
4782,509,15,1,2,0,0,0,1,0,,-1.0,1,0,None
4783,510,0,0,1,1,1,0,0,0,1.0,-1.0,1,0,0
4784,510,1,0,2,1,1,0,1,0,,-1.0,1,0,None
4785,511,0,1,0,1,2,0,0,0,1.0,0.0,1,1,1
4786,511,1,1,2,0,2,0,1,0,3.0,0.0,1,1,1
4787,511,2,1,2,1,2,0,1,1,7.0,0.0,1,1,1
4788,511,3,1,2,1,2,1,1,1,1.0,0.0,1,1,1
4789,511,4,1,2,1,2,0,1,0,0.0,0.0,1,1,1
4790,511,5,1,2,1,3,0,0,0,3.0,0.0,1,1,1
4791,511,6,1,2,1,4,0,1,1,5.0,0.0,1,1,1
4792,511,7,1,2,1,4,1,1,0,4.0,0.0,1,1,1
4793,511,8,1,1,1,4,1,0,0,5.0,0.0,1,1,1
4794,511,9,1,2,1,4,1,1,0,7.0,0.0,1,1,1
4795,511,10,1,2,1,4,1,1,1,5.0,0.0,1,1,1
4796,511,11,1,2,1,4,1,1,0,6.0,0.0,1,1,1
4797,511,12,1,1,1,3,1,0,1,2.0,0.0,1,1,1
4798,511,13,1,1,1,3,0,0,1,3.0,0.0,1,1,1
4799,511,14,1,2,1,3,0,1,1,4.0,0.0,1,1,1
4800,511,15,1,1,1,2,1,0,0,5.0,0.0,1,1,1
4801,511,16,1,2,1,2,1,1,0,3.0,0.0,1,1,1
4802,511,17,1,2,1,2,0,1,1,3.0,0.0,1,1,1
4803,511,18,0,2,1,2,0,1,1,2.0,0.0,1,1,1
4804,511,19,0,2,1,2,0,0,1,1.0,0.0,1,1,1
4805,511,20,0,2,1,2,0,1,0,,0.0,1,1,None
4806,512,0,1,2,1,1,0,0,0,0.0,0.0,1,1,1
4807,512,1,1,2,1,1,0,0,0,0.0,0.0,1,1,1
4808,512,2,1,1,1,1,0,0,0,4.0,0.0,1,1,1
4809,512,3,1,1,1,1,1,0,0,0.0,0.0,1,1,1
4810,512,4,1,1,1,1,0,0,0,0.0,0.0,1,1,1
4811,512,5,2,1,1,1,0,0,0,6.0,0.0,1,1,0
4812,512,6,2,1,1,1,1,0,1,1.0,-1.0,1,0,0
4813,512,7,2,2,1,1,0,1,0,,-1.0,1,0,None
4814,513,0,1,1,1,3,0,0,0,3.0,-1.0,1,0,0
4815,513,1,0,2,1,3,0,1,1,,-1.0,1,0,None
4816,514,0,1,2,1,3,0,0,0,6.0,0.0,1,1,1
4817,514,1,1,1,1,3,1,0,1,3.0,0.0,1,1,1
4818,514,2,1,2,1,3,0,1,1,2.0,0.0,1,1,1
4819,514,3,1,2,1,3,0,0,1,6.0,0.0,1,1,1
4820,514,4,1,1,1,3,1,0,1,3.0,0.0,1,1,1
4821,514,5,1,2,1,3,0,1,1,6.0,0.0,1,1,1
4822,514,6,1,2,1,3,1,0,1,3.0,0.0,1,1,1
4823,514,7,1,2,1,3,0,1,1,1.0,0.0,1,1,1
4824,514,8,1,2,1,3,0,1,0,0.0,0.0,1,1,1
4825,514,9,1,1,1,3,0,0,0,2.0,0.0,1,1,1
4826,514,10,1,1,1,3,0,0,1,6.0,0.0,1,1,1
4827,514,11,1,1,1,3,1,0,1,1.0,0.0,1,1,1
4828,514,12,1,2,1,3,0,1,0,1.0,0.0,1,1,1
4829,514,13,1,2,1,3,0,1,0,0.0,0.0,1,1,1
4830,514,14,1,2,1,3,0,0,0,6.0,0.0,1,1,1
4831,514,15,1,1,1,3,1,0,1,5.0,0.0,1,1,1
4832,514,16,1,2,1,3,1,1,0,1.0,0.0,1,1,1
4833,514,17,1,2,1,3,0,1,0,0.0,0.0,1,1,1
4834,514,18,1,2,1,3,0,0,0,1.0,0.0,1,1,1
4835,514,19,1,2,1,3,0,1,0,0.0,0.0,1,1,1
4836,514,20,1,2,1,2,0,0,0,,0.0,1,1,None
4837,515,0,2,1,1,2,0,0,0,7.0,0.0,1,1,1
4838,515,1,1,2,1,2,1,1,1,1.0,0.0,1,1,1
4839,515,2,1,2,1,2,0,1,0,5.0,0.0,1,1,1
4840,515,3,1,2,1,2,1,1,0,3.0,0.0,1,1,1
4841,515,4,1,2,1,2,0,1,1,3.0,0.0,1,1,1
4842,515,5,0,2,1,2,0,1,1,2.0,0.0,1,1,0
4843,515,6,0,1,1,1,0,0,1,7.0,-1.0,1,0,0
4844,515,7,0,2,1,1,1,1,1,,-1.0,1,0,None
4845,516,0,0,1,1,2,0,0,0,6.0,0.0,1,1,0
4846,516,1,0,1,1,2,1,0,1,1.0,-1.0,1,0,0
4847,516,2,0,2,0,2,0,1,0,,-1.0,1,0,None
4848,517,0,0,1,1,1,0,0,0,1.0,0.0,1,1,1
4849,517,1,0,2,1,2,0,1,0,5.0,0.0,1,1,1
4850,517,2,0,1,1,3,1,1,0,6.0,0.0,1,1,0
4851,517,3,0,1,1,3,1,0,1,1.0,-1.0,1,0,0
4852,517,4,0,2,1,3,0,1,0,,-1.0,1,0,None
4853,518,0,1,2,1,2,0,0,0,4.0,0.0,1,1,1
4854,518,1,1,1,1,2,1,0,0,5.0,0.0,1,1,1
4855,518,2,1,1,1,2,1,1,0,7.0,0.0,1,1,1
4856,518,3,1,1,1,2,1,1,1,2.0,0.0,1,1,1
4857,518,4,1,1,1,1,0,0,1,4.0,0.0,1,1,1
4858,518,5,1,1,1,1,1,0,0,2.0,0.0,1,1,1
4859,518,6,1,1,1,1,0,0,1,0.0,0.0,1,1,1
4860,518,7,1,2,1,1,0,0,0,5.0,0.0,1,1,1
4861,518,8,1,2,1,1,1,1,0,7.0,0.0,1,1,1
4862,518,9,1,2,1,1,1,1,1,1.0,0.0,1,1,1
4863,518,10,1,2,1,1,0,1,0,7.0,0.0,1,1,1
4864,518,11,1,2,1,1,1,1,1,3.0,0.0,1,1,1
4865,518,12,1,2,1,1,0,1,1,5.0,0.0,1,1,1
4866,518,13,1,2,1,1,1,1,0,1.0,0.0,1,1,0
4867,518,14,1,2,1,1,0,1,0,3.0,-1.0,1,0,0
4868,518,15,2,2,1,1,0,1,1,,-1.0,1,0,None
4869,519,0,1,1,1,1,0,0,0,7.0,0.0,1,1,1
4870,519,1,1,2,1,1,1,1,1,0.0,0.0,1,1,1
4871,519,2,1,1,0,1,0,0,0,2.0,0.0,1,1,0
4872,519,3,1,0,1,1,0,0,1,2.0,-1.0,1,0,0
4873,519,4,0,0,1,1,0,0,1,,-1.0,1,0,None
4874,520,0,2,1,1,2,0,0,0,5.0,0.0,1,1,1
4875,520,1,1,1,1,2,1,1,0,6.0,0.0,1,1,1
4876,520,2,1,1,1,2,1,0,1,7.0,0.0,1,1,1
4877,520,3,1,1,1,2,1,1,1,4.0,0.0,1,1,1
4878,520,4,1,0,1,2,1,0,0,1.0,0.0,1,1,1
4879,520,5,1,1,1,2,0,1,0,3.0,0.0,1,1,1
4880,520,6,1,1,1,2,0,1,1,5.0,0.0,1,1,1
4881,520,7,1,2,1,2,1,1,0,1.0,0.0,1,1,1
4882,520,8,1,2,1,2,0,1,0,5.0,0.0,1,1,1
4883,520,9,1,2,1,2,1,1,0,2.0,0.0,1,1,1
4884,520,10,1,2,1,1,0,0,1,1.0,0.0,1,1,1
4885,520,11,1,2,1,1,0,1,0,5.0,0.0,1,1,1
4886,520,12,1,2,1,1,1,1,0,4.0,0.0,1,1,1
4887,520,13,1,1,1,1,1,0,0,3.0,0.0,1,1,1
4888,520,14,1,2,1,1,0,1,1,6.0,0.0,1,1,1
4889,520,15,1,1,1,1,1,0,1,2.0,0.0,1,1,0
4890,520,16,1,1,1,1,0,0,1,5.0,-1.0,1,0,0
4891,520,17,1,2,0,1,1,1,0,,-1.0,1,0,None
4892,521,0,1,0,1,2,0,0,0,4.0,0.0,1,1,1
4893,521,1,1,0,1,2,1,0,0,6.0,0.0,1,1,1
4894,521,2,1,0,1,1,1,0,1,6.0,0.0,1,1,1
4895,521,3,1,0,1,0,1,0,1,4.0,0.0,1,1,1
4896,521,4,1,0,1,1,1,0,0,5.0,0.0,1,1,1
4897,521,5,1,0,1,1,1,1,0,5.0,0.0,1,1,1
4898,521,6,1,1,1,1,1,1,0,4.0,0.0,1,1,1
4899,521,7,1,1,0,1,1,0,0,5.0,0.0,1,1,1
4900,521,8,1,1,0,1,1,1,0,7.0,0.0,1,1,1
4901,521,9,1,2,1,1,1,1,1,4.0,0.0,1,1,1
4902,521,10,1,2,1,1,1,0,0,1.0,0.0,1,1,1
4903,521,11,1,2,1,1,0,1,0,1.0,0.0,1,1,1
4904,521,12,1,2,1,1,0,1,0,0.0,0.0,1,1,1
4905,521,13,1,2,1,1,0,0,0,4.0,0.0,1,1,1
4906,521,14,1,1,0,1,1,0,0,1.0,0.0,1,1,0
4907,521,15,1,1,0,1,0,1,0,5.0,-1.0,1,0,0
4908,521,16,1,2,0,1,1,1,0,,-1.0,1,0,None
4909,522,0,2,2,1,2,0,0,0,1.0,0.0,1,1,1
4910,522,1,2,2,1,2,0,1,0,4.0,0.0,1,1,1
4911,522,2,1,2,1,1,1,0,0,0.0,0.0,1,1,1
4912,522,3,1,2,1,1,0,0,0,4.0,0.0,1,1,0
4913,522,4,1,2,1,1,1,0,0,2.0,-1.0,1,0,0
4914,522,5,2,2,1,1,0,0,1,,-1.0,1,0,None
4915,523,0,2,1,1,2,0,0,0,1.0,0.0,1,1,1
4916,523,1,2,2,1,2,0,1,0,3.0,0.0,1,1,1
4917,523,2,2,2,1,2,0,1,1,6.0,0.0,1,1,1
4918,523,3,1,2,1,2,1,0,1,1.0,0.0,1,1,1
4919,523,4,2,2,1,2,0,1,0,2.0,0.0,1,1,1
4920,523,5,1,1,1,2,0,0,1,5.0,0.0,1,1,1
4921,523,6,1,1,0,2,1,1,0,4.0,0.0,1,1,1
4922,523,7,1,1,0,2,1,0,0,6.0,0.0,1,1,1
4923,523,8,1,1,1,2,1,0,1,0.0,0.0,1,1,1
4924,523,9,1,1,0,2,0,0,0,1.0,0.0,1,1,1
4925,523,10,1,2,0,2,0,1,0,6.0,0.0,1,1,1
4926,523,11,1,2,1,2,1,0,1,6.0,0.0,1,1,1
4927,523,12,1,2,1,2,1,0,1,7.0,0.0,1,1,1
4928,523,13,1,1,1,2,1,1,1,3.0,0.0,1,1,1
4929,523,14,1,2,1,2,0,1,1,1.0,0.0,1,1,1
4930,523,15,1,2,1,2,0,1,0,0.0,0.0,1,1,1
4931,523,16,1,2,1,2,0,0,0,4.0,0.0,1,1,1
4932,523,17,1,1,1,2,1,0,0,7.0,0.0,1,1,1
4933,523,18,1,2,1,2,1,1,1,5.0,0.0,1,1,1
4934,523,19,1,2,0,2,1,1,0,7.0,0.0,1,1,1
4935,523,20,1,2,0,2,1,1,1,,0.0,1,1,None
4936,524,0,0,0,1,2,0,0,0,7.0,0.0,1,1,1
4937,524,1,0,0,1,2,1,1,1,3.0,0.0,1,1,1
4938,524,2,0,0,1,2,0,1,1,2.0,0.0,1,1,1
4939,524,3,0,0,1,2,0,0,1,5.0,0.0,1,1,1
4940,524,4,0,1,1,2,1,1,0,1.0,0.0,1,1,1
4941,524,5,0,2,1,2,0,1,0,5.0,0.0,1,1,1
4942,524,6,0,2,1,2,1,1,0,2.0,0.0,1,1,1
4943,524,7,0,2,1,2,0,0,1,4.0,0.0,1,1,1
4944,524,8,0,2,1,2,1,0,0,1.0,0.0,1,1,1
4945,524,9,0,2,1,2,0,1,0,3.0,0.0,1,1,1
4946,524,10,0,2,1,2,0,1,1,4.0,0.0,1,1,1
4947,524,11,0,0,1,2,1,0,0,4.0,0.0,1,1,1
4948,524,12,0,0,1,2,1,0,0,5.0,0.0,1,1,1
4949,524,13,0,1,1,2,1,1,0,5.0,0.0,1,1,1
4950,524,14,0,2,1,2,1,1,0,6.0,0.0,1,1,1
4951,524,15,0,2,1,2,1,0,1,0.0,0.0,1,1,0
4952,524,16,0,2,1,2,0,0,0,1.0,-1.0,1,0,0
4953,524,17,0,2,0,2,0,1,0,,-1.0,1,0,None
4954,525,0,0,2,1,2,0,0,0,7.0,0.0,1,1,1
4955,525,1,0,2,1,2,1,1,1,0.0,0.0,1,1,1
4956,525,2,0,2,1,2,0,0,0,6.0,0.0,1,1,1
4957,525,3,0,2,1,2,1,0,1,0.0,0.0,1,1,1
4958,525,4,0,2,1,2,0,0,0,0.0,0.0,1,1,1
4959,525,5,0,1,1,2,0,0,0,3.0,0.0,1,1,1
4960,525,6,0,2,1,2,0,1,1,5.0,0.0,1,1,1
4961,525,7,0,2,1,2,1,1,0,3.0,0.0,1,1,0
4962,525,8,0,2,1,2,0,1,1,0.0,-1.0,1,0,0
4963,525,9,1,2,0,1,0,0,0,,-1.0,1,0,None
4964,526,0,0,1,1,2,0,0,0,6.0,0.0,1,1,1
4965,526,1,0,1,1,2,1,0,1,5.0,0.0,1,1,0
4966,526,2,0,2,1,2,1,1,0,4.0,-1.0,1,0,0
4967,526,3,0,2,1,1,1,0,0,,-1.0,1,0,None
4968,527,0,2,1,1,3,0,0,0,2.0,0.0,1,1,1
4969,527,1,1,1,1,2,0,0,1,4.0,0.0,1,1,1
4970,527,2,1,1,1,2,1,0,0,0.0,0.0,1,1,1
4971,527,3,1,1,1,1,0,0,0,7.0,0.0,1,1,1
4972,527,4,1,2,1,1,1,1,1,5.0,0.0,1,1,1
4973,527,5,1,2,1,2,1,1,0,0.0,0.0,1,1,1
4974,527,6,1,2,1,2,0,0,0,7.0,0.0,1,1,1
4975,527,7,1,2,1,3,1,1,1,7.0,0.0,1,1,1
4976,527,8,1,2,1,4,1,1,1,1.0,0.0,1,1,1
4977,527,9,1,2,1,4,0,1,0,7.0,0.0,1,1,1
4978,527,10,1,2,1,4,1,1,1,7.0,0.0,1,1,1
4979,527,11,1,2,1,4,1,1,1,0.0,0.0,1,1,1
4980,527,12,1,2,1,4,0,0,0,1.0,0.0,1,1,1
4981,527,13,1,2,1,4,0,1,0,2.0,0.0,1,1,1
4982,527,14,1,2,1,3,0,0,1,6.0,0.0,1,1,1
4983,527,15,1,1,1,3,1,0,1,6.0,0.0,1,1,1
4984,527,16,1,1,1,4,1,0,1,0.0,0.0,1,1,1
4985,527,17,1,1,1,4,0,0,0,6.0,0.0,1,1,1
4986,527,18,1,1,1,3,1,0,1,1.0,0.0,1,1,1
4987,527,19,1,2,1,4,0,1,0,2.0,0.0,1,1,1
4988,527,20,1,2,1,4,0,0,1,,0.0,1,1,None
4989,528,0,1,2,1,2,0,0,0,1.0,0.0,1,1,1
4990,528,1,1,2,1,2,0,1,0,3.0,0.0,1,1,1
4991,528,2,1,2,1,2,0,1,1,2.0,0.0,1,1,1
4992,528,3,1,2,1,2,0,0,1,4.0,0.0,1,1,1
4993,528,4,1,2,1,2,1,0,0,3.0,0.0,1,1,1
4994,528,5,1,2,1,2,0,1,1,4.0,0.0,1,1,1
4995,528,6,1,1,1,2,1,0,0,5.0,0.0,1,1,1
4996,528,7,1,1,1,2,1,1,0,0.0,0.0,1,1,1
4997,528,8,1,2,1,2,0,0,0,1.0,0.0,1,1,1
4998,528,9,1,2,1,2,0,1,0,2.0,0.0,1,1,1
4999,528,10,1,2,1,2,0,0,1,4.0,0.0,1,1,1
5000,528,11,1,2,1,2,1,0,0,4.0,0.0,1,1,1
5001,528,12,1,1,1,2,1,0,0,1.0,0.0,1,1,1
5002,528,13,1,2,1,2,0,1,0,7.0,0.0,1,1,1
5003,528,14,1,2,1,2,1,1,1,7.0,0.0,1,1,1
5004,528,15,1,2,1,2,1,1,1,1.0,0.0,1,1,1
5005,528,16,1,2,1,2,0,1,0,5.0,0.0,1,1,1
5006,528,17,1,2,1,2,1,1,0,3.0,0.0,1,1,1
5007,528,18,1,2,1,2,0,1,1,7.0,0.0,1,1,1
5008,528,19,1,2,1,2,1,1,1,0.0,0.0,1,1,1
5009,528,20,1,2,1,1,0,0,0,,0.0,1,1,None
5010,529,0,1,0,1,3,0,0,0,5.0,0.0,1,1,2
5011,529,1,1,1,1,3,1,1,0,0.0,1.0,1,2,2
5012,529,2,1,1,1,2,0,0,0,,1.0,1,2,None
5013,530,0,0,1,1,3,0,0,0,3.0,-1.0,1,0,0
5014,530,1,0,2,1,3,0,1,1,,-1.0,1,0,None
5015,531,0,1,1,0,2,0,0,0,5.0,0.0,1,1,1
5016,531,1,1,2,0,2,1,1,0,6.0,0.0,1,1,1
5017,531,2,1,1,1,2,1,0,1,6.0,0.0,1,1,1
5018,531,3,1,1,1,1,1,0,1,4.0,0.0,1,1,1
5019,531,4,1,1,0,1,1,0,0,0.0,0.0,1,1,0
5020,531,5,1,1,0,1,0,0,0,2.0,-1.0,1,0,0
5021,531,6,0,1,0,1,0,0,1,,-1.0,1,0,None
5022,532,0,2,1,1,3,0,0,0,0.0,0.0,1,1,1
5023,532,1,2,1,1,2,0,0,0,3.0,0.0,1,1,1
5024,532,2,2,1,1,2,0,1,1,1.0,0.0,1,1,0
5025,532,3,2,2,1,2,0,1,0,1.0,-1.0,1,0,0
5026,532,4,2,2,0,3,0,1,0,,-1.0,1,0,None
5027,533,0,1,1,0,1,0,0,0,7.0,-1.0,1,0,0
5028,533,1,1,2,0,1,1,1,1,,-1.0,1,0,None
5029,534,0,2,1,1,3,0,0,0,3.0,-1.0,1,0,0
5030,534,1,2,2,1,3,0,1,1,,-1.0,1,0,None
5031,535,0,2,1,1,3,0,0,0,5.0,0.0,1,1,1
5032,535,1,1,2,1,4,1,1,0,2.0,0.0,1,1,1
5033,535,2,1,2,1,4,0,0,1,4.0,0.0,1,1,1
5034,535,3,1,1,1,3,1,0,0,6.0,0.0,1,1,1
5035,535,4,1,1,1,4,1,0,1,1.0,0.0,1,1,1
5036,535,5,1,2,1,4,0,1,0,2.0,0.0,1,1,1
5037,535,6,1,2,1,4,0,0,1,6.0,0.0,1,1,1
5038,535,7,1,1,1,3,1,0,1,5.0,0.0,1,1,1
5039,535,8,1,2,1,3,1,1,0,0.0,0.0,1,1,1
5040,535,9,1,2,1,2,0,0,0,7.0,0.0,1,1,1
5041,535,10,1,2,1,3,1,1,1,0.0,0.0,1,1,1
5042,535,11,1,2,1,4,0,0,0,0.0,0.0,1,1,0
5043,535,12,1,2,1,4,0,0,0,1.0,-1.0,1,0,0
5044,535,13,0,2,1,4,0,1,0,,-1.0,1,0,None
5045,536,0,2,1,1,4,0,0,0,1.0,0.0,1,1,1
5046,536,1,1,2,1,4,0,1,0,7.0,0.0,1,1,1
5047,536,2,1,2,1,4,1,1,1,2.0,0.0,1,1,0
5048,536,3,1,2,1,4,0,0,1,3.0,-1.0,1,0,0
5049,536,4,0,2,1,4,0,1,1,,-1.0,1,0,None
5050,537,0,2,1,1,2,0,0,0,4.0,0.0,1,1,1
5051,537,1,2,1,1,2,1,0,0,0.0,0.0,1,1,1
5052,537,2,2,1,1,2,0,0,0,0.0,0.0,1,1,1
5053,537,3,2,1,1,1,0,0,0,6.0,0.0,1,1,1
5054,537,4,1,1,1,1,1,0,1,4.0,0.0,1,1,1
5055,537,5,1,1,1,1,1,0,0,6.0,0.0,1,1,1
5056,537,6,1,1,1,1,1,0,1,6.0,0.0,1,1,1
5057,537,7,1,1,1,1,1,0,1,4.0,0.0,1,1,1
5058,537,8,1,1,1,1,1,0,0,1.0,0.0,1,1,0
5059,537,9,1,2,1,1,0,1,0,0.0,-1.0,1,0,0
5060,537,10,2,2,1,1,0,0,0,,-1.0,1,0,None
5061,538,0,1,0,1,2,0,0,0,5.0,0.0,1,1,1
5062,538,1,1,1,1,2,1,1,0,0.0,0.0,1,1,1
5063,538,2,2,1,1,2,0,0,0,7.0,0.0,1,1,1
5064,538,3,2,2,1,2,1,1,1,6.0,0.0,1,1,1
5065,538,4,2,2,1,2,1,0,1,5.0,0.0,1,1,1
5066,538,5,2,1,1,2,1,1,0,1.0,0.0,1,1,1
5067,538,6,2,2,1,2,0,1,0,5.0,0.0,1,1,1
5068,538,7,1,2,1,2,1,1,0,6.0,0.0,1,1,1
5069,538,8,1,1,1,1,1,0,1,4.0,0.0,1,1,1
5070,538,9,1,1,1,1,1,0,0,6.0,0.0,1,1,1
5071,538,10,1,1,1,0,1,0,1,7.0,0.0,1,1,1
5072,538,11,1,2,1,0,1,1,1,5.0,0.0,1,1,1
5073,538,12,1,2,1,0,1,1,0,1.0,0.0,1,1,0
5074,538,13,1,2,1,0,0,1,0,0.0,-1.0,1,0,0
5075,538,14,1,2,0,0,0,0,0,,-1.0,1,0,None
5076,539,0,0,1,1,1,0,0,0,3.0,0.0,1,1,1
5077,539,1,1,2,1,1,0,1,1,6.0,0.0,1,1,1
5078,539,2,1,1,1,1,1,0,1,2.0,0.0,1,1,1
5079,539,3,1,1,1,1,0,0,1,5.0,0.0,1,1,1
5080,539,4,1,1,1,1,1,1,0,2.0,0.0,1,1,1
5081,539,5,1,1,1,1,0,0,1,2.0,0.0,1,1,1
5082,539,6,1,2,1,1,0,0,1,3.0,0.0,1,1,1
5083,539,7,1,2,1,1,0,1,1,4.0,0.0,1,1,1
5084,539,8,1,2,1,1,1,0,0,7.0,0.0,1,1,1
5085,539,9,1,2,1,1,1,1,1,0.0,0.0,1,1,1
5086,539,10,1,1,1,0,0,0,0,0.0,0.0,1,1,1
5087,539,11,1,1,1,0,0,0,0,5.0,0.0,1,1,1
5088,539,12,1,2,1,0,1,1,0,1.0,0.0,1,1,1
5089,539,13,1,2,1,0,0,1,0,2.0,0.0,1,1,0
5090,539,14,1,2,1,0,0,0,1,1.0,-1.0,1,0,0
5091,539,15,1,2,0,0,0,1,0,,-1.0,1,0,None
5092,540,0,1,2,1,2,0,0,0,3.0,0.0,1,1,1
5093,540,1,1,2,1,2,0,1,1,6.0,0.0,1,1,1
5094,540,2,1,1,1,2,1,0,1,3.0,0.0,1,1,1
5095,540,3,1,2,1,2,0,1,1,6.0,0.0,1,1,1
5096,540,4,1,1,1,2,1,0,1,5.0,0.0,1,1,1
5097,540,5,1,2,1,2,1,1,0,6.0,0.0,1,1,0
5098,540,6,1,2,1,1,1,0,1,2.0,-1.0,1,0,0
5099,540,7,2,2,1,1,0,0,1,,-1.0,1,0,None
5100,541,0,2,2,1,2,0,0,0,1.0,0.0,1,1,1
5101,541,1,1,2,1,2,0,1,0,5.0,0.0,1,1,1
5102,541,2,1,2,0,2,1,1,0,7.0,0.0,1,1,1
5103,541,3,1,2,0,2,1,1,1,4.0,0.0,1,1,1
5104,541,4,1,1,0,2,1,0,0,6.0,0.0,1,1,1
5105,541,5,1,1,1,2,1,0,1,4.0,0.0,1,1,1
5106,541,6,1,1,1,2,1,0,0,3.0,0.0,1,1,1
5107,541,7,1,2,1,2,0,1,1,4.0,0.0,1,1,1
5108,541,8,1,1,1,2,1,0,0,5.0,0.0,1,1,1
5109,541,9,1,2,1,2,1,1,0,1.0,0.0,1,1,1
5110,541,10,1,2,1,2,0,1,0,3.0,0.0,1,1,1
5111,541,11,1,2,1,2,0,1,1,2.0,0.0,1,1,1
5112,541,12,1,2,1,2,0,0,1,6.0,0.0,1,1,1
5113,541,13,1,2,1,2,1,0,1,4.0,0.0,1,1,1
5114,541,14,1,1,1,1,1,0,0,1.0,0.0,1,1,1
5115,541,15,1,2,1,1,0,1,0,3.0,0.0,1,1,1
5116,541,16,1,2,1,1,0,1,1,4.0,0.0,1,1,1
5117,541,17,1,2,1,1,1,0,0,6.0,0.0,1,1,1
5118,541,18,1,1,1,1,1,0,1,5.0,0.0,1,1,1
5119,541,19,1,1,1,1,1,1,0,3.0,0.0,1,1,1
5120,541,20,1,1,1,1,0,1,1,,0.0,1,1,None
5121,542,0,2,1,1,1,0,0,0,5.0,0.0,1,1,1
5122,542,1,1,1,1,1,1,1,0,5.0,0.0,1,1,1
5123,542,2,1,2,1,1,1,1,0,1.0,0.0,1,1,1
5124,542,3,1,2,1,1,0,1,0,5.0,0.0,1,1,1
5125,542,4,1,2,1,1,1,1,0,1.0,0.0,1,1,1
5126,542,5,1,2,1,1,0,1,0,3.0,0.0,1,1,1
5127,542,6,1,2,1,1,0,1,1,4.0,0.0,1,1,1
5128,542,7,1,2,1,1,1,0,0,3.0,0.0,1,1,1
5129,542,8,1,2,1,1,0,1,1,6.0,0.0,1,1,1
5130,542,9,1,2,1,1,1,0,1,1.0,0.0,1,1,1
5131,542,10,1,2,1,1,0,1,0,6.0,0.0,1,1,1
5132,542,11,1,2,1,0,1,0,1,2.0,0.0,1,1,1
5133,542,12,1,2,1,0,0,0,1,5.0,0.0,1,1,1
5134,542,13,1,2,1,0,1,1,0,7.0,0.0,1,1,1
5135,542,14,1,2,1,0,1,1,1,2.0,0.0,1,1,1
5136,542,15,1,2,1,0,0,0,1,0.0,0.0,1,1,1
5137,542,16,1,2,1,1,0,0,0,2.0,0.0,1,1,1
5138,542,17,1,2,1,1,0,0,1,7.0,0.0,1,1,1
5139,542,18,1,2,1,1,1,1,1,2.0,0.0,1,1,1
5140,542,19,1,2,1,1,0,0,1,3.0,0.0,1,1,1
5141,542,20,1,2,1,1,0,1,1,,0.0,1,1,None
5142,543,0,2,0,1,2,0,0,0,1.0,0.0,1,1,1
5143,543,1,2,1,1,2,0,1,0,3.0,0.0,1,1,1
5144,543,2,2,2,1,2,0,1,1,7.0,0.0,1,1,1
5145,543,3,2,2,1,2,1,1,1,5.0,0.0,1,1,1
5146,543,4,1,2,0,2,1,1,0,4.0,0.0,1,1,1
5147,543,5,1,1,0,2,1,0,0,6.0,0.0,1,1,2
5148,543,6,1,1,1,2,1,0,1,0.0,1.0,1,2,2
5149,543,7,1,1,1,2,0,0,0,,1.0,1,2,None
5150,544,0,2,2,1,2,0,0,0,1.0,0.0,1,1,1
5151,544,1,1,2,1,2,0,1,0,7.0,0.0,1,1,1
5152,544,2,1,2,1,2,1,1,1,4.0,0.0,1,1,1
5153,544,3,1,0,1,2,1,0,0,3.0,0.0,1,1,1
5154,544,4,1,1,1,2,0,1,1,1.0,0.0,1,1,1
5155,544,5,1,2,1,2,0,1,0,7.0,0.0,1,1,1
5156,544,6,1,1,1,2,1,1,1,1.0,0.0,1,1,1
5157,544,7,1,2,1,2,0,1,0,5.0,0.0,1,1,1
5158,544,8,1,2,1,2,1,1,0,4.0,0.0,1,1,1
5159,544,9,1,1,1,2,1,0,0,2.0,0.0,1,1,0
5160,544,10,1,1,1,2,0,0,1,0.0,-1.0,1,0,0
5161,544,11,2,0,1,1,0,0,0,,-1.0,1,0,None
5162,545,0,1,1,1,3,0,0,0,0.0,0.0,1,1,1
5163,545,1,1,1,1,3,0,0,0,2.0,0.0,1,1,1
5164,545,2,1,1,1,3,0,0,1,5.0,0.0,1,1,1
5165,545,3,1,2,1,3,1,1,0,2.0,0.0,1,1,0
5166,545,4,1,2,1,3,0,0,1,1.0,-1.0,1,0,0
5167,545,5,2,2,1,3,0,1,0,,-1.0,1,0,None
5168,546,0,1,2,1,1,0,0,0,2.0,0.0,1,1,1
5169,546,1,1,2,1,1,0,0,1,3.0,0.0,1,1,1
5170,546,2,1,2,1,1,0,1,1,0.0,0.0,1,1,0
5171,546,3,1,2,1,1,0,0,0,2.0,-1.0,1,0,0
5172,546,4,2,2,1,1,0,0,1,,-1.0,1,0,None
5173,547,0,1,2,1,3,0,0,0,4.0,0.0,1,1,0
5174,547,1,1,1,1,4,1,0,0,0.0,-1.0,1,0,0
5175,547,2,2,1,0,4,0,0,0,,-1.0,1,0,None
5176,548,0,1,0,0,2,0,0,0,3.0,0.0,1,1,1
5177,548,1,0,1,1,2,0,1,1,0.0,0.0,1,1,1
5178,548,2,0,1,1,2,0,0,0,7.0,0.0,1,1,1
5179,548,3,0,1,1,2,1,1,1,5.0,0.0,1,1,1
5180,548,4,0,2,1,2,1,1,0,3.0,0.0,1,1,1
5181,548,5,0,2,1,2,0,1,1,7.0,0.0,1,1,1
5182,548,6,0,2,1,2,1,1,1,7.0,0.0,1,1,0
5183,548,7,0,2,1,2,1,1,1,6.0,-1.0,1,0,0
5184,548,8,0,2,1,1,1,0,1,,-1.0,1,0,None
5185,549,0,1,2,1,3,0,0,0,3.0,-1.0,1,0,0
5186,549,1,0,2,1,3,0,1,1,,-1.0,1,0,None
5187,550,0,1,1,1,3,0,0,0,3.0,0.0,1,1,0
5188,550,1,1,2,1,3,0,1,1,1.0,-1.0,1,0,0
5189,550,2,0,2,1,3,0,1,0,,-1.0,1,0,None
5190,551,0,1,2,0,2,0,0,0,6.0,0.0,1,1,1
5191,551,1,1,2,1,2,1,0,1,6.0,0.0,1,1,1
5192,551,2,1,2,1,2,1,0,1,6.0,0.0,1,1,1
5193,551,3,1,1,1,1,1,0,1,0.0,0.0,1,1,1
5194,551,4,1,1,1,1,0,0,0,5.0,0.0,1,1,1
5195,551,5,1,2,1,1,1,1,0,3.0,0.0,1,1,1
5196,551,6,1,2,1,1,0,1,1,3.0,0.0,1,1,0
5197,551,7,1,2,1,1,0,1,1,5.0,-1.0,1,0,0
5198,551,8,1,2,0,1,1,1,0,,-1.0,1,0,None
5199,552,0,1,0,1,2,0,0,0,1.0,0.0,1,1,1
5200,552,1,2,1,1,2,0,1,0,6.0,0.0,1,1,0
5201,552,2,2,1,1,1,1,0,1,3.0,-1.0,1,0,0
5202,552,3,2,2,1,1,0,1,1,,-1.0,1,0,None
5203,553,0,1,2,1,2,0,0,0,4.0,0.0,1,1,1
5204,553,1,1,2,1,2,1,0,0,5.0,0.0,1,1,2
5205,553,2,1,1,1,2,1,1,0,0.0,1.0,1,2,2
5206,553,3,1,1,1,2,0,0,0,,1.0,1,2,None
5207,554,0,1,0,1,2,0,0,0,7.0,0.0,1,1,1
5208,554,1,1,1,1,2,1,1,1,6.0,0.0,1,1,1
5209,554,2,1,1,1,2,1,0,1,7.0,0.0,1,1,1
5210,554,3,1,2,1,2,1,1,1,7.0,0.0,1,1,1
5211,554,4,1,2,1,2,1,1,1,1.0,0.0,1,1,1
5212,554,5,1,2,0,2,0,1,0,1.0,0.0,1,1,0
5213,554,6,1,2,0,2,0,1,0,1.0,-1.0,1,0,0
5214,554,7,2,2,0,2,0,1,0,,-1.0,1,0,None
5215,555,0,1,1,1,3,0,0,0,3.0,0.0,1,1,1
5216,555,1,1,1,1,4,0,1,1,4.0,0.0,1,1,1
5217,555,2,1,1,1,4,1,0,0,2.0,0.0,1,1,1
5218,555,3,1,1,1,4,0,0,1,4.0,0.0,1,1,1
5219,555,4,1,1,1,3,1,0,0,6.0,0.0,1,1,1
5220,555,5,1,1,1,3,1,0,1,4.0,0.0,1,1,1
5221,555,6,1,1,1,2,1,0,0,6.0,0.0,1,1,1
5222,555,7,1,1,1,3,1,0,1,2.0,0.0,1,1,1
5223,555,8,1,1,1,4,0,0,1,1.0,0.0,1,1,0
5224,555,9,1,2,1,4,0,1,0,0.0,-1.0,1,0,0
5225,555,10,2,2,1,3,0,0,0,,-1.0,1,0,None
5226,556,0,1,0,1,2,0,0,0,3.0,0.0,1,1,1
5227,556,1,1,0,1,2,0,1,1,3.0,0.0,1,1,1
5228,556,2,0,1,1,2,0,1,1,4.0,0.0,1,1,1
5229,556,3,0,1,1,2,1,0,0,6.0,0.0,1,1,1
5230,556,4,0,1,1,2,1,0,1,3.0,0.0,1,1,1
5231,556,5,0,2,1,2,0,1,1,2.0,0.0,1,1,1
5232,556,6,0,2,1,2,0,0,1,3.0,0.0,1,1,1
5233,556,7,0,2,1,2,0,1,1,1.0,0.0,1,1,1
5234,556,8,0,2,1,2,0,1,0,3.0,0.0,1,1,1
5235,556,9,0,2,1,2,0,1,1,6.0,0.0,1,1,1
5236,556,10,0,1,1,1,1,0,1,4.0,0.0,1,1,1
5237,556,11,0,1,1,1,1,0,0,7.0,0.0,1,1,0
5238,556,12,0,1,1,1,1,1,1,5.0,-1.0,1,0,0
5239,556,13,0,2,1,1,1,1,0,,-1.0,1,0,None
5240,557,0,0,0,1,2,0,0,0,0.0,0.0,1,1,0
5241,557,1,0,0,1,2,0,0,0,4.0,-1.0,1,0,0
5242,557,2,0,0,1,1,1,0,0,,-1.0,1,0,None
5243,558,0,1,2,1,3,0,0,0,3.0,0.0,1,1,1
5244,558,1,1,2,1,4,0,1,1,6.0,0.0,1,1,1
5245,558,2,1,1,1,4,1,0,1,7.0,0.0,1,1,1
5246,558,3,1,2,1,4,1,1,1,7.0,0.0,1,1,1
5247,558,4,1,2,1,4,1,1,1,3.0,0.0,1,1,1
5248,558,5,1,2,1,4,0,1,1,5.0,0.0,1,1,1
5249,558,6,1,2,1,4,1,1,0,1.0,0.0,1,1,1
5250,558,7,1,2,1,4,0,1,0,2.0,0.0,1,1,0
5251,558,8,1,2,1,3,0,0,1,3.0,-1.0,1,0,0
5252,558,9,0,2,1,4,0,1,1,,-1.0,1,0,None
5253,559,0,2,1,1,2,0,0,0,3.0,0.0,1,1,1
5254,559,1,2,2,1,2,0,1,1,1.0,0.0,1,1,1
5255,559,2,2,2,1,2,0,1,0,3.0,0.0,1,1,1
5256,559,3,1,2,1,2,0,1,1,6.0,0.0,1,1,1
5257,559,4,1,2,1,2,1,0,1,4.0,0.0,1,1,1
5258,559,5,1,1,1,2,1,0,0,4.0,0.0,1,1,1
5259,559,6,1,1,1,2,1,0,0,6.0,0.0,1,1,1
5260,559,7,1,1,1,2,1,0,1,6.0,0.0,1,1,1
5261,559,8,1,1,1,2,1,0,1,1.0,0.0,1,1,1
5262,559,9,1,1,1,2,0,1,0,7.0,0.0,1,1,1
5263,559,10,1,2,1,2,1,1,1,3.0,0.0,1,1,1
5264,559,11,1,2,1,2,0,1,1,2.0,0.0,1,1,1
5265,559,12,1,2,1,2,0,0,1,5.0,0.0,1,1,1
5266,559,13,1,1,1,2,1,1,0,0.0,0.0,1,1,1
5267,559,14,2,1,1,2,0,0,0,3.0,0.0,1,1,1
5268,559,15,2,1,1,2,0,1,1,0.0,0.0,1,1,1
5269,559,16,2,0,1,2,0,0,0,4.0,0.0,1,1,1
5270,559,17,2,0,1,2,1,0,0,5.0,0.0,1,1,1
5271,559,18,2,1,1,2,1,1,0,5.0,0.0,1,1,1
5272,559,19,1,1,1,2,1,1,0,6.0,0.0,1,1,1
5273,559,20,1,1,1,2,1,0,1,,0.0,1,1,None
5274,560,0,1,1,1,4,0,0,0,1.0,-1.0,1,0,0
5275,560,1,0,2,1,4,0,1,0,,-1.0,1,0,None
5276,561,0,1,1,0,0,0,0,0,5.0,-1.0,1,0,0
5277,561,1,1,2,0,0,1,1,0,,-1.0,1,0,None
5278,562,0,1,1,1,1,0,0,0,1.0,0.0,1,1,1
5279,562,1,1,2,1,1,0,1,0,4.0,0.0,1,1,1
5280,562,2,1,2,1,0,1,0,0,4.0,0.0,1,1,1
5281,562,3,1,1,1,0,1,0,0,0.0,0.0,1,1,1
5282,562,4,1,1,1,0,0,0,0,7.0,0.0,1,1,1
5283,562,5,1,2,1,0,1,1,1,1.0,0.0,1,1,1
5284,562,6,1,2,1,0,0,1,0,2.0,0.0,1,1,1
5285,562,7,1,2,1,0,0,0,1,2.0,0.0,1,1,1
5286,562,8,1,2,1,1,0,0,1,6.0,0.0,1,1,1
5287,562,9,1,2,1,1,1,0,1,7.0,0.0,1,1,1
5288,562,10,1,2,1,1,1,1,1,3.0,0.0,1,1,1
5289,562,11,1,2,1,1,0,1,1,4.0,0.0,1,1,1
5290,562,12,1,0,1,1,1,0,0,2.0,0.0,1,1,1
5291,562,13,1,0,1,1,0,0,1,2.0,0.0,1,1,1
5292,562,14,1,0,1,1,0,0,1,0.0,0.0,1,1,1
5293,562,15,1,0,1,1,0,0,0,7.0,0.0,1,1,1
5294,562,16,1,0,1,1,1,1,1,4.0,0.0,1,1,1
5295,562,17,1,0,1,1,1,0,0,1.0,0.0,1,1,1
5296,562,18,1,1,1,1,0,1,0,7.0,0.0,1,1,1
5297,562,19,1,2,1,1,1,1,1,0.0,0.0,1,1,1
5298,562,20,1,2,1,1,0,0,0,,0.0,1,1,None
5299,563,0,1,0,1,2,0,0,0,5.0,0.0,1,1,1
5300,563,1,1,0,0,2,1,1,0,3.0,0.0,1,1,1
5301,563,2,1,1,0,2,0,1,1,6.0,0.0,1,1,2
5302,563,3,1,1,1,2,1,0,1,0.0,1.0,1,2,2
5303,563,4,1,1,1,2,0,0,0,,1.0,1,2,None
5304,564,0,0,1,1,2,0,0,0,3.0,0.0,1,1,1
5305,564,1,0,2,1,2,0,1,1,0.0,0.0,1,1,1
5306,564,2,0,2,1,2,0,0,0,7.0,0.0,1,1,1
5307,564,3,0,2,1,2,1,1,1,7.0,0.0,1,1,1
5308,564,4,0,2,1,2,1,1,1,4.0,0.0,1,1,1
5309,564,5,0,0,1,2,1,0,0,4.0,0.0,1,1,1
5310,564,6,0,0,1,2,1,0,0,5.0,0.0,1,1,1
5311,564,7,0,0,1,2,1,1,0,1.0,0.0,1,1,1
5312,564,8,0,0,1,2,0,1,0,6.0,0.0,1,1,1
5313,564,9,0,0,1,2,1,0,1,6.0,0.0,1,1,1
5314,564,10,0,0,1,2,1,0,1,1.0,0.0,1,1,1
5315,564,11,0,1,1,2,0,1,0,6.0,0.0,1,1,1
5316,564,12,0,1,1,2,1,0,1,1.0,0.0,1,1,1
5317,564,13,0,2,1,2,0,1,0,5.0,0.0,1,1,1
5318,564,14,0,2,1,2,1,1,0,3.0,0.0,1,1,1
5319,564,15,0,2,1,2,0,1,1,5.0,0.0,1,1,0
5320,564,16,0,2,1,2,1,1,0,4.0,-1.0,1,0,0
5321,564,17,0,2,1,1,1,0,0,,-1.0,1,0,None
5322,565,0,0,0,1,2,0,0,0,2.0,0.0,1,1,1
5323,565,1,0,0,1,2,0,0,1,0.0,0.0,1,1,1
5324,565,2,0,0,1,2,0,0,0,7.0,0.0,1,1,1
5325,565,3,0,1,1,2,1,1,1,2.0,0.0,1,1,1
5326,565,4,0,1,1,2,0,0,1,5.0,0.0,1,1,1
5327,565,5,0,2,1,2,1,1,0,0.0,0.0,1,1,0
5328,565,6,0,2,1,2,0,0,0,6.0,-1.0,1,0,0
5329,565,7,0,2,1,1,1,0,1,,-1.0,1,0,None
5330,566,0,1,2,1,2,0,0,0,3.0,0.0,1,1,1
5331,566,1,1,2,1,2,0,1,1,0.0,0.0,1,1,1
5332,566,2,1,2,1,2,0,0,0,3.0,0.0,1,1,1
5333,566,3,1,2,1,2,0,1,1,5.0,0.0,1,1,1
5334,566,4,1,2,1,2,1,1,0,3.0,0.0,1,1,1
5335,566,5,1,2,1,2,0,1,1,5.0,0.0,1,1,1
5336,566,6,1,2,0,2,1,1,0,1.0,0.0,1,1,0
5337,566,7,1,2,0,2,0,1,0,1.0,-1.0,1,0,0
5338,566,8,2,2,0,2,0,1,0,,-1.0,1,0,None
5339,567,0,2,2,1,2,0,0,0,2.0,0.0,1,1,0
5340,567,1,2,2,1,2,0,0,1,5.0,-1.0,1,0,0
5341,567,2,1,2,0,3,1,1,0,,-1.0,1,0,None
5342,568,0,1,0,1,2,0,0,0,5.0,-1.0,1,0,0
5343,568,1,1,2,0,3,1,1,0,,-1.0,1,0,None
5344,569,0,1,2,1,4,0,0,0,2.0,0.0,1,1,1
5345,569,1,1,2,1,3,0,0,1,3.0,0.0,1,1,1
5346,569,2,1,2,1,4,0,1,1,6.0,0.0,1,1,1
5347,569,3,1,1,1,3,1,0,1,6.0,0.0,1,1,1
5348,569,4,1,1,1,2,1,0,1,6.0,0.0,1,1,1
5349,569,5,1,1,1,3,1,0,1,5.0,0.0,1,1,1
5350,569,6,1,2,1,3,1,1,0,0.0,0.0,1,1,1
5351,569,7,1,2,1,3,0,0,0,7.0,0.0,1,1,1
5352,569,8,1,2,1,4,1,1,1,2.0,0.0,1,1,0
5353,569,9,1,2,1,4,0,0,1,3.0,-1.0,1,0,0
5354,569,10,0,2,1,4,0,1,1,,-1.0,1,0,None
5355,570,0,1,1,1,3,0,0,0,5.0,0.0,1,1,1
5356,570,1,1,2,1,4,1,1,0,4.0,0.0,1,1,1
5357,570,2,1,2,1,3,1,0,0,3.0,0.0,1,1,1
5358,570,3,1,2,1,4,0,1,1,2.0,0.0,1,1,1
5359,570,4,1,2,1,4,0,0,1,3.0,0.0,1,1,1
5360,570,5,1,2,1,4,0,1,1,5.0,0.0,1,1,1
5361,570,6,1,2,1,4,1,1,0,5.0,0.0,1,1,1
5362,570,7,1,2,1,4,1,1,0,7.0,0.0,1,1,1
5363,570,8,1,2,1,4,1,1,1,2.0,0.0,1,1,1
5364,570,9,1,2,1,3,0,0,1,2.0,0.0,1,1,1
5365,570,10,1,1,1,2,0,0,1,3.0,0.0,1,1,1
5366,570,11,1,2,1,3,0,1,1,5.0,0.0,1,1,1
5367,570,12,1,2,1,3,1,1,0,5.0,0.0,1,1,1
5368,570,13,1,2,1,3,1,1,0,7.0,0.0,1,1,1
5369,570,14,1,2,1,4,1,1,1,3.0,0.0,1,1,1
5370,570,15,1,2,1,4,0,1,1,0.0,0.0,1,1,1
5371,570,16,1,2,1,3,0,0,0,2.0,0.0,1,1,1
5372,570,17,0,2,1,2,0,0,1,4.0,0.0,1,1,1
5373,570,18,0,1,1,2,1,0,0,0.0,0.0,1,1,0
5374,570,19,0,1,1,3,0,0,0,7.0,-1.0,1,0,0
5375,570,20,0,2,1,4,1,1,1,,-1.0,1,0,None
5376,571,0,1,2,1,2,0,0,0,4.0,0.0,1,1,1
5377,571,1,1,2,1,2,1,0,0,4.0,0.0,1,1,1
5378,571,2,1,2,1,2,1,0,0,7.0,0.0,1,1,1
5379,571,3,1,2,1,2,1,1,1,0.0,0.0,1,1,1
5380,571,4,1,2,1,1,0,0,0,4.0,0.0,1,1,1
5381,571,5,1,1,1,1,1,0,0,3.0,0.0,1,1,1
5382,571,6,1,2,1,1,0,1,1,1.0,0.0,1,1,1
5383,571,7,1,2,1,1,0,1,0,7.0,0.0,1,1,1
5384,571,8,1,2,1,1,1,1,1,6.0,0.0,1,1,1
5385,571,9,1,1,1,1,1,0,1,7.0,0.0,1,1,1
5386,571,10,1,1,1,1,1,1,1,7.0,0.0,1,1,1
5387,571,11,1,2,1,1,1,1,1,3.0,0.0,1,1,1
5388,571,12,1,2,1,1,0,1,1,0.0,0.0,1,1,1
5389,571,13,1,2,1,1,0,0,0,1.0,0.0,1,1,1
5390,571,14,1,2,1,1,0,1,0,5.0,0.0,1,1,1
5391,571,15,1,2,1,1,1,1,0,4.0,0.0,1,1,1
5392,571,16,1,1,1,0,1,0,0,6.0,0.0,1,1,1
5393,571,17,1,1,1,1,1,0,1,0.0,0.0,1,1,1
5394,571,18,1,1,0,1,0,0,0,6.0,0.0,1,1,1
5395,571,19,1,1,1,1,1,0,1,5.0,0.0,1,1,1
5396,571,20,1,2,1,1,1,1,0,,0.0,1,1,None
5397,572,0,1,0,1,3,0,0,0,4.0,0.0,1,1,1
5398,572,1,1,0,1,3,1,0,0,5.0,0.0,1,1,1
5399,572,2,1,1,1,3,1,1,0,4.0,0.0,1,1,1
5400,572,3,1,1,1,3,1,0,0,0.0,0.0,1,1,1
5401,572,4,2,1,1,2,0,0,0,7.0,0.0,1,1,1
5402,572,5,2,2,1,2,1,1,1,2.0,0.0,1,1,1
5403,572,6,2,2,1,2,0,0,1,7.0,0.0,1,1,1
5404,572,7,1,2,1,2,1,1,1,1.0,0.0,1,1,1
5405,572,8,1,2,0,2,0,1,0,1.0,0.0,1,1,1
5406,572,9,1,2,0,2,0,1,0,5.0,0.0,1,1,1
5407,572,10,1,2,0,2,1,1,0,6.0,0.0,1,1,1
5408,572,11,1,0,1,2,1,0,1,1.0,0.0,1,1,1
5409,572,12,1,1,1,2,0,1,0,5.0,0.0,1,1,1
5410,572,13,1,2,1,2,1,1,0,6.0,0.0,1,1,1
5411,572,14,1,0,1,2,1,0,1,6.0,0.0,1,1,1
5412,572,15,1,0,1,2,1,0,1,2.0,0.0,1,1,1
5413,572,16,1,0,1,2,0,0,1,2.0,0.0,1,1,1
5414,572,17,1,0,1,2,0,0,1,2.0,0.0,1,1,1
5415,572,18,1,0,1,2,0,0,1,6.0,0.0,1,1,1
5416,572,19,1,0,1,2,1,0,1,3.0,0.0,1,1,1
5417,572,20,1,1,1,2,0,1,1,,0.0,1,1,None
5418,573,0,1,2,0,2,0,0,0,3.0,0.0,1,1,1
5419,573,1,0,2,1,2,0,1,1,1.0,0.0,1,1,1
5420,573,2,0,2,1,2,0,1,0,5.0,0.0,1,1,1
5421,573,3,0,2,1,2,1,1,0,5.0,0.0,1,1,1
5422,573,4,0,2,1,2,1,1,0,7.0,0.0,1,1,1
5423,573,5,0,2,1,2,1,1,1,5.0,0.0,1,1,1
5424,573,6,0,2,1,2,1,1,0,5.0,0.0,1,1,1
5425,573,7,0,2,1,2,1,1,0,7.0,0.0,1,1,1
5426,573,8,0,1,1,2,1,1,1,6.0,0.0,1,1,1
5427,573,9,0,0,1,2,1,0,1,1.0,0.0,1,1,1
5428,573,10,0,1,1,2,0,1,0,5.0,0.0,1,1,1
5429,573,11,0,2,1,2,1,1,0,7.0,0.0,1,1,1
5430,573,12,0,2,1,2,1,1,1,3.0,0.0,1,1,1
5431,573,13,0,2,1,2,0,1,1,3.0,0.0,1,1,1
5432,573,14,0,2,1,2,0,1,1,3.0,0.0,1,1,1
5433,573,15,0,2,1,2,0,1,1,1.0,0.0,1,1,1
5434,573,16,0,2,1,2,0,1,0,1.0,0.0,1,1,1
5435,573,17,0,2,1,2,0,1,0,7.0,0.0,1,1,1
5436,573,18,0,2,1,2,1,1,1,3.0,0.0,1,1,1
5437,573,19,0,2,1,2,0,1,1,4.0,0.0,1,1,1
5438,573,20,0,2,1,2,1,0,0,,0.0,1,1,None
5439,574,0,1,1,0,2,0,0,0,7.0,0.0,1,1,1
5440,574,1,1,1,1,2,1,1,1,7.0,0.0,1,1,1
5441,574,2,1,1,1,2,1,1,1,2.0,0.0,1,1,1
5442,574,3,1,0,1,2,0,0,1,5.0,0.0,1,1,2
5443,574,4,1,1,1,2,1,1,0,0.0,1.0,1,2,2
5444,574,5,1,1,1,2,0,0,0,,1.0,1,2,None
5445,575,0,0,1,1,1,0,0,0,2.0,0.0,1,1,1
5446,575,1,0,1,1,1,0,0,1,0.0,0.0,1,1,1
5447,575,2,0,1,1,0,0,0,0,6.0,0.0,1,1,0
5448,575,3,0,1,1,0,1,0,1,2.0,-1.0,1,0,0
5449,575,4,0,2,1,0,0,0,1,,-1.0,1,0,None
5450,576,0,1,0,0,2,0,0,0,6.0,0.0,1,1,1
5451,576,1,1,0,1,2,1,0,1,7.0,0.0,1,1,1
5452,576,2,1,1,1,2,1,1,1,2.0,0.0,1,1,1
5453,576,3,1,1,1,2,0,0,1,6.0,0.0,1,1,1
5454,576,4,1,1,1,2,1,0,1,5.0,0.0,1,1,1
5455,576,5,1,2,1,2,1,1,0,4.0,0.0,1,1,1
5456,576,6,1,1,1,2,1,0,0,4.0,0.0,1,1,1
5457,576,7,1,1,1,2,1,0,0,7.0,0.0,1,1,1
5458,576,8,1,2,1,2,1,1,1,4.0,0.0,1,1,2
5459,576,9,1,1,1,2,1,0,0,0.0,1.0,1,2,2
5460,576,10,1,1,1,2,0,0,0,,1.0,1,2,None
5461,577,0,1,1,1,3,0,0,0,5.0,0.0,1,1,1
5462,577,1,1,2,1,3,1,1,0,5.0,0.0,1,1,1
5463,577,2,1,2,1,4,1,1,0,5.0,0.0,1,1,1
5464,577,3,1,2,1,4,1,1,0,3.0,0.0,1,1,1
5465,577,4,1,2,1,4,0,1,1,7.0,0.0,1,1,1
5466,577,5,1,2,1,4,1,1,1,7.0,0.0,1,1,1
5467,577,6,1,2,1,4,1,1,1,4.0,0.0,1,1,1
5468,577,7,1,0,1,4,1,0,0,2.0,0.0,1,1,1
5469,577,8,1,0,1,4,0,0,1,2.0,0.0,1,1,0
5470,577,9,1,0,1,4,0,0,1,0.0,-1.0,1,0,0
5471,577,10,0,0,1,3,0,0,0,,-1.0,1,0,None
5472,578,0,1,1,0,1,0,0,0,3.0,0.0,1,1,1
5473,578,1,1,2,1,1,0,1,1,7.0,0.0,1,1,1
5474,578,2,1,2,1,1,1,1,1,3.0,0.0,1,1,1
5475,578,3,1,2,1,1,0,1,1,1.0,0.0,1,1,1
5476,578,4,1,2,1,1,0,1,0,7.0,0.0,1,1,0
5477,578,5,1,1,1,1,1,1,1,3.0,-1.0,1,0,0
5478,578,6,2,2,1,1,0,1,1,,-1.0,1,0,None
5479,579,0,0,1,1,2,0,0,0,5.0,0.0,1,1,1
5480,579,1,0,1,1,2,1,1,0,6.0,0.0,1,1,1
5481,579,2,0,1,1,2,1,0,1,6.0,0.0,1,1,1
5482,579,3,0,1,1,2,1,0,1,4.0,0.0,1,1,0
5483,579,4,0,1,1,2,1,0,0,2.0,-1.0,1,0,0
5484,579,5,0,2,1,1,0,0,1,,-1.0,1,0,None
5485,580,0,1,1,1,1,0,0,0,2.0,0.0,1,1,1
5486,580,1,1,1,1,1,0,0,1,4.0,0.0,1,1,1
5487,580,2,1,1,0,1,1,0,0,6.0,0.0,1,1,1
5488,580,3,1,1,1,1,1,0,1,0.0,0.0,1,1,1
5489,580,4,1,1,1,1,0,0,0,1.0,0.0,1,1,0
5490,580,5,1,1,1,1,0,1,0,3.0,-1.0,1,0,0
5491,580,6,0,2,1,1,0,1,1,,-1.0,1,0,None
5492,581,0,1,0,1,2,0,0,0,0.0,0.0,1,1,1
5493,581,1,1,0,1,2,0,0,0,2.0,0.0,1,1,1
5494,581,2,1,0,1,2,0,0,1,3.0,0.0,1,1,1
5495,581,3,1,0,1,2,0,1,1,6.0,0.0,1,1,1
5496,581,4,1,0,1,2,1,0,1,4.0,0.0,1,1,1
5497,581,5,1,0,1,2,1,0,0,5.0,0.0,1,1,1
5498,581,6,1,0,1,2,1,1,0,0.0,0.0,1,1,1
5499,581,7,1,0,1,2,0,0,0,3.0,0.0,1,1,1
5500,581,8,2,1,1,2,0,1,1,3.0,0.0,1,1,1
5501,581,9,2,2,1,2,0,1,1,1.0,0.0,1,1,1
5502,581,10,2,2,1,2,0,1,0,2.0,0.0,1,1,1
5503,581,11,2,1,1,2,0,0,1,2.0,0.0,1,1,1
5504,581,12,1,1,1,2,0,0,1,5.0,0.0,1,1,1
5505,581,13,1,2,1,2,1,1,0,3.0,0.0,1,1,1
5506,581,14,1,2,1,2,0,1,1,3.0,0.0,1,1,1
5507,581,15,1,2,1,2,0,1,1,1.0,0.0,1,1,1
5508,581,16,1,2,1,2,0,1,0,4.0,0.0,1,1,1
5509,581,17,1,2,1,2,1,0,0,2.0,0.0,1,1,1
5510,581,18,1,2,1,1,0,0,1,5.0,0.0,1,1,1
5511,581,19,1,2,1,1,1,1,0,6.0,0.0,1,1,1
5512,581,20,1,1,1,0,1,0,1,,0.0,1,1,None
5513,582,0,1,1,1,1,0,0,0,7.0,0.0,1,1,1
5514,582,1,1,2,1,1,1,1,1,6.0,0.0,1,1,1
5515,582,2,1,2,1,1,1,0,1,0.0,0.0,1,1,1
5516,582,3,1,2,1,1,0,0,0,3.0,0.0,1,1,1
5517,582,4,1,2,1,1,0,1,1,6.0,0.0,1,1,1
5518,582,5,1,2,1,1,1,0,1,2.0,0.0,1,1,1
5519,582,6,1,2,1,1,0,0,1,1.0,0.0,1,1,1
5520,582,7,1,2,1,1,0,1,0,2.0,0.0,1,1,1
5521,582,8,1,2,1,1,0,0,1,0.0,0.0,1,1,1
5522,582,9,1,1,1,1,0,0,0,6.0,0.0,1,1,1
5523,582,10,1,1,1,1,1,0,1,4.0,0.0,1,1,1
5524,582,11,1,1,1,1,1,0,0,0.0,0.0,1,1,1
5525,582,12,1,1,1,1,0,0,0,1.0,0.0,1,1,1
5526,582,13,1,2,1,1,0,1,0,0.0,0.0,1,1,1
5527,582,14,1,2,1,0,0,0,0,5.0,0.0,1,1,0
5528,582,15,1,2,1,0,1,1,0,1.0,-1.0,1,0,0
5529,582,16,1,2,0,0,0,1,0,,-1.0,1,0,None
5530,583,0,0,1,1,1,0,0,0,3.0,0.0,1,1,1
5531,583,1,1,1,1,1,0,1,1,5.0,0.0,1,1,1
5532,583,2,1,2,1,1,1,1,0,1.0,0.0,1,1,1
5533,583,3,1,2,1,1,0,1,0,3.0,0.0,1,1,1
5534,583,4,1,2,1,1,0,1,1,5.0,0.0,1,1,1
5535,583,5,1,1,1,1,1,1,0,6.0,0.0,1,1,1
5536,583,6,1,1,1,1,1,0,1,4.0,0.0,1,1,1
5537,583,7,1,1,1,1,1,0,0,4.0,0.0,1,1,1
5538,583,8,1,1,0,1,1,0,0,2.0,0.0,1,1,1
5539,583,9,1,2,1,1,0,0,1,4.0,0.0,1,1,1
5540,583,10,1,1,1,1,1,0,0,0.0,0.0,1,1,0
5541,583,11,1,1,0,1,0,0,0,3.0,-1.0,1,0,0
5542,583,12,0,2,1,1,0,1,1,,-1.0,1,0,None
5543,584,0,0,1,1,4,0,0,0,3.0,-1.0,1,0,0
5544,584,1,0,2,1,4,0,1,1,,-1.0,1,0,None
5545,585,0,0,1,1,2,0,0,0,5.0,0.0,1,1,1
5546,585,1,0,2,1,2,1,1,0,6.0,0.0,1,1,0
5547,585,2,0,1,1,2,1,0,1,2.0,-1.0,1,0,0
5548,585,3,0,2,1,3,0,0,1,,-1.0,1,0,None
5549,586,0,1,2,1,1,0,0,0,7.0,0.0,1,1,1
5550,586,1,1,2,1,1,1,1,1,4.0,0.0,1,1,1
5551,586,2,1,2,1,1,1,0,0,2.0,0.0,1,1,1
5552,586,3,1,2,1,1,0,0,1,1.0,0.0,1,1,0
5553,586,4,1,2,1,1,0,1,0,1.0,-1.0,1,0,0
5554,586,5,1,2,0,1,0,1,0,,-1.0,1,0,None
5555,587,0,2,1,0,2,0,0,0,5.0,-1.0,1,0,0
5556,587,1,2,2,0,2,1,1,0,,-1.0,1,0,None
5557,588,0,0,1,1,3,0,0,0,2.0,0.0,1,1,0
5558,588,1,0,1,1,3,0,0,1,1.0,-1.0,1,0,0
5559,588,2,0,2,1,3,0,1,0,,-1.0,1,0,None
5560,589,0,2,2,1,2,0,0,0,4.0,0.0,1,1,1
5561,589,1,2,1,1,2,1,0,0,2.0,0.0,1,1,1
5562,589,2,2,1,1,2,0,0,1,3.0,0.0,1,1,1
5563,589,3,1,2,1,2,0,1,1,1.0,0.0,1,1,1
5564,589,4,1,2,1,2,0,1,0,1.0,0.0,1,1,1
5565,589,5,0,2,1,2,0,1,0,6.0,0.0,1,1,1
5566,589,6,0,2,1,2,1,0,1,2.0,0.0,1,1,1
5567,589,7,0,2,1,2,0,0,1,2.0,0.0,1,1,1
5568,589,8,0,2,1,2,0,0,1,0.0,0.0,1,1,1
5569,589,9,1,2,1,2,0,0,0,4.0,0.0,1,1,1
5570,589,10,1,1,1,2,1,0,0,6.0,0.0,1,1,1
5571,589,11,1,1,1,2,1,0,1,6.0,0.0,1,1,2
5572,589,12,1,1,1,2,1,0,1,0.0,1.0,1,2,2
5573,589,13,1,1,1,2,0,0,0,,1.0,1,2,None
5574,590,0,1,1,1,1,0,0,0,5.0,0.0,1,1,1
5575,590,1,1,1,1,1,1,1,0,3.0,0.0,1,1,1
5576,590,2,1,1,1,1,0,1,1,1.0,0.0,1,1,1
5577,590,3,1,2,1,1,0,1,0,2.0,0.0,1,1,1
5578,590,4,1,2,1,1,0,0,1,7.0,0.0,1,1,1
5579,590,5,1,2,1,1,1,1,1,1.0,0.0,1,1,0
5580,590,6,1,2,1,1,0,1,0,0.0,-1.0,1,0,0
5581,590,7,0,2,1,1,0,0,0,,-1.0,1,0,None
5582,591,0,2,1,1,2,0,0,0,6.0,0.0,1,1,1
5583,591,1,2,1,1,2,1,0,1,0.0,0.0,1,1,1
5584,591,2,2,1,1,1,0,0,0,3.0,0.0,1,1,0
5585,591,3,2,1,1,1,0,1,1,3.0,-1.0,1,0,0
5586,591,4,2,2,1,1,0,1,1,,-1.0,1,0,None
5587,592,0,0,0,1,2,0,0,0,6.0,0.0,1,1,1
5588,592,1,0,0,1,2,1,0,1,4.0,0.0,1,1,1
5589,592,2,0,0,1,2,1,0,0,3.0,0.0,1,1,1
5590,592,3,0,1,1,2,0,1,1,2.0,0.0,1,1,1
5591,592,4,0,1,1,2,0,0,1,6.0,0.0,1,1,1
5592,592,5,0,1,1,2,1,0,1,7.0,0.0,1,1,1
5593,592,6,0,2,1,2,1,1,1,3.0,0.0,1,1,1
5594,592,7,0,2,1,2,0,1,1,3.0,0.0,1,1,1
5595,592,8,0,2,1,2,0,1,1,5.0,0.0,1,1,1
5596,592,9,0,2,1,2,1,1,0,5.0,0.0,1,1,1
5597,592,10,0,2,1,2,1,1,0,4.0,0.0,1,1,0
5598,592,11,0,1,1,1,1,0,0,7.0,-1.0,1,0,0
5599,592,12,0,2,1,1,1,1,1,,-1.0,1,0,None
5600,593,0,0,1,1,2,0,0,0,6.0,0.0,1,1,1
5601,593,1,0,1,1,2,1,0,1,6.0,0.0,1,1,1
5602,593,2,0,1,1,2,1,0,1,0.0,0.0,1,1,1
5603,593,3,0,1,1,1,0,0,0,3.0,0.0,1,1,1
5604,593,4,0,1,1,1,0,1,1,7.0,0.0,1,1,0
5605,593,5,0,1,1,1,1,1,1,6.0,-1.0,1,0,0
5606,593,6,0,0,1,1,1,0,1,,-1.0,1,0,None
5607,594,0,1,1,0,3,0,0,0,3.0,0.0,1,1,0
5608,594,1,1,2,1,3,0,1,1,3.0,-1.0,1,0,0
5609,594,2,2,2,1,3,0,1,1,,-1.0,1,0,None
5610,595,0,1,0,1,2,0,0,0,4.0,0.0,1,1,1
5611,595,1,1,0,1,2,1,0,0,1.0,0.0,1,1,1
5612,595,2,2,0,1,2,0,1,0,4.0,0.0,1,1,1
5613,595,3,2,0,1,2,1,0,0,0.0,0.0,1,1,1
5614,595,4,2,0,1,2,0,0,0,7.0,0.0,1,1,1
5615,595,5,1,1,1,2,1,1,1,5.0,0.0,1,1,1
5616,595,6,1,2,0,2,1,1,0,3.0,0.0,1,1,1
5617,595,7,1,2,0,2,0,1,1,3.0,0.0,1,1,0
5618,595,8,1,2,0,2,0,1,1,1.0,-1.0,1,0,0
5619,595,9,2,2,0,2,0,1,0,,-1.0,1,0,None
5620,596,0,2,1,1,0,0,0,0,3.0,-1.0,1,0,0
5621,596,1,2,2,1,0,0,1,1,,-1.0,1,0,None
5622,597,0,1,2,1,3,0,0,0,4.0,0.0,1,1,1
5623,597,1,1,2,1,2,1,0,0,0.0,0.0,1,1,1
5624,597,2,1,2,1,1,0,0,0,2.0,0.0,1,1,1
5625,597,3,1,2,1,1,0,0,1,6.0,0.0,1,1,1
5626,597,4,1,1,1,1,1,0,1,6.0,0.0,1,1,1
5627,597,5,1,1,1,2,1,0,1,5.0,0.0,1,1,1
5628,597,6,1,2,1,3,1,1,0,3.0,0.0,1,1,1
5629,597,7,1,2,1,4,0,1,1,4.0,0.0,1,1,1
5630,597,8,1,2,1,4,1,0,0,5.0,0.0,1,1,1
5631,597,9,1,2,1,4,1,1,0,2.0,0.0,1,1,1
5632,597,10,1,2,1,3,0,0,1,6.0,0.0,1,1,1
5633,597,11,1,2,1,3,1,0,1,3.0,0.0,1,1,1
5634,597,12,1,2,1,4,0,1,1,0.0,0.0,1,1,1
5635,597,13,1,1,1,4,0,0,0,0.0,0.0,1,1,1
5636,597,14,1,1,1,4,0,0,0,6.0,0.0,1,1,1
5637,597,15,1,1,1,4,1,0,1,3.0,0.0,1,1,1
5638,597,16,1,2,1,4,0,1,1,3.0,0.0,1,1,1
5639,597,17,1,2,1,4,0,1,1,7.0,0.0,1,1,0
5640,597,18,1,2,1,4,1,1,1,3.0,-1.0,1,0,0
5641,597,19,2,2,1,4,0,1,1,,-1.0,1,0,None
5642,598,0,0,1,0,2,0,0,0,4.0,0.0,1,1,1
5643,598,1,0,1,0,2,1,0,0,6.0,0.0,1,1,1
5644,598,2,0,1,0,2,1,0,1,4.0,0.0,1,1,1
5645,598,3,0,1,0,2,1,0,0,6.0,0.0,1,1,1
5646,598,4,0,1,1,2,1,0,1,4.0,0.0,1,1,1
5647,598,5,0,1,1,1,1,0,0,4.0,0.0,1,1,0
5648,598,6,0,1,1,1,1,0,0,7.0,-1.0,1,0,0
5649,598,7,0,2,1,1,1,1,1,,-1.0,1,0,None
5650,599,0,0,1,1,3,0,0,0,5.0,0.0,1,1,1
5651,599,1,0,1,1,3,1,1,0,0.0,0.0,1,1,0
5652,599,2,0,1,1,3,0,0,0,7.0,-1.0,1,0,0
5653,599,3,0,2,1,3,1,1,1,,-1.0,1,0,None
5654,600,0,0,1,0,2,0,0,0,1.0,0.0,1,1,0
5655,600,1,0,1,0,2,0,1,0,3.0,-1.0,1,0,0
5656,600,2,0,2,0,2,0,1,1,,-1.0,1,0,None
5657,601,0,1,1,1,1,0,0,0,6.0,0.0,1,1,1
5658,601,1,1,1,1,1,1,0,1,7.0,0.0,1,1,1
5659,601,2,1,2,1,1,1,1,1,2.0,0.0,1,1,1
5660,601,3,1,2,1,1,0,0,1,2.0,0.0,1,1,1
5661,601,4,1,2,1,1,0,0,1,6.0,0.0,1,1,1
5662,601,5,1,2,1,1,1,0,1,4.0,0.0,1,1,0
5663,601,6,1,1,1,1,1,0,0,1.0,-1.0,1,0,0
5664,601,7,2,2,1,1,0,1,0,,-1.0,1,0,None
5665,602,0,1,2,1,3,0,0,0,7.0,0.0,1,1,1
5666,602,1,1,2,1,3,1,1,1,7.0,0.0,1,1,1
5667,602,2,1,2,1,3,1,1,1,1.0,0.0,1,1,1
5668,602,3,1,2,1,3,0,1,0,4.0,0.0,1,1,1
5669,602,4,1,1,1,3,1,0,0,6.0,0.0,1,1,1
5670,602,5,1,1,1,3,1,0,1,2.0,0.0,1,1,1
5671,602,6,1,1,1,3,0,0,1,4.0,0.0,1,1,1
5672,602,7,1,1,1,3,1,0,0,4.0,0.0,1,1,1
5673,602,8,1,1,1,3,1,0,0,0.0,0.0,1,1,1
5674,602,9,1,1,1,3,0,0,0,3.0,0.0,1,1,1
5675,602,10,1,2,1,3,0,1,1,6.0,0.0,1,1,1
5676,602,11,1,1,1,3,1,0,1,2.0,0.0,1,1,1
5677,602,12,1,1,1,3,0,0,1,6.0,0.0,1,1,1
5678,602,13,1,1,1,3,1,0,1,3.0,0.0,1,1,1
5679,602,14,1,2,1,3,0,1,1,2.0,0.0,1,1,1
5680,602,15,1,2,1,3,0,0,1,6.0,0.0,1,1,2
5681,602,16,1,1,1,2,1,0,1,0.0,1.0,1,2,2
5682,602,17,1,1,1,2,0,0,0,,1.0,1,2,None
5683,603,0,1,0,1,2,0,0,0,1.0,0.0,1,1,1
5684,603,1,1,0,1,2,0,1,0,1.0,0.0,1,1,1
5685,603,2,1,0,1,2,0,1,0,2.0,0.0,1,1,1
5686,603,3,1,0,1,1,0,0,1,2.0,0.0,1,1,0
5687,603,4,1,0,1,1,0,0,1,0.0,-1.0,1,0,0
5688,603,5,0,0,0,1,0,0,0,,-1.0,1,0,None
5689,604,0,0,1,1,3,0,0,0,1.0,-1.0,1,0,0
5690,604,1,0,2,0,3,0,1,0,,-1.0,1,0,None
5691,605,0,1,2,1,3,0,0,0,3.0,-1.0,1,0,0
5692,605,1,0,2,1,3,0,1,1,,-1.0,1,0,None
5693,606,0,0,1,1,3,0,0,0,2.0,0.0,1,1,1
5694,606,1,0,1,1,3,0,0,1,2.0,0.0,1,1,1
5695,606,2,0,1,1,3,0,0,1,6.0,0.0,1,1,1
5696,606,3,0,1,1,2,1,0,1,4.0,0.0,1,1,1
5697,606,4,0,1,1,2,1,0,0,4.0,0.0,1,1,1
5698,606,5,0,1,1,1,1,0,0,1.0,0.0,1,1,1
5699,606,6,0,1,1,1,0,1,0,2.0,0.0,1,1,0
5700,606,7,0,1,1,1,0,0,1,3.0,-1.0,1,0,0
5701,606,8,0,2,1,1,0,1,1,,-1.0,1,0,None
5702,607,0,1,1,1,1,0,0,0,7.0,0.0,1,1,1
5703,607,1,1,2,1,1,1,1,1,1.0,0.0,1,1,1
5704,607,2,1,2,1,1,0,1,0,4.0,0.0,1,1,1
5705,607,3,1,1,0,1,1,0,0,4.0,0.0,1,1,1
5706,607,4,1,1,0,1,1,0,0,7.0,0.0,1,1,1
5707,607,5,1,2,1,1,1,1,1,6.0,0.0,1,1,1
5708,607,6,1,2,1,1,1,0,1,3.0,0.0,1,1,1
5709,607,7,1,2,1,1,0,1,1,2.0,0.0,1,1,1
5710,607,8,1,2,1,1,0,0,1,4.0,0.0,1,1,1
5711,607,9,1,1,1,1,1,0,0,5.0,0.0,1,1,1
5712,607,10,1,2,1,1,1,1,0,2.0,0.0,1,1,1
5713,607,11,1,1,1,1,0,0,1,3.0,0.0,1,1,1
5714,607,12,1,2,1,1,0,1,1,5.0,0.0,1,1,1
5715,607,13,1,2,1,1,1,1,0,5.0,0.0,1,1,1
5716,607,14,1,2,1,1,1,1,0,7.0,0.0,1,1,1
5717,607,15,1,2,1,1,1,1,1,0.0,0.0,1,1,1
5718,607,16,1,2,1,1,0,0,0,4.0,0.0,1,1,1
5719,607,17,1,2,1,1,1,0,0,5.0,0.0,1,1,1
5720,607,18,1,2,1,1,1,1,0,7.0,0.0,1,1,1
5721,607,19,1,2,1,1,1,1,1,5.0,0.0,1,1,1
5722,607,20,1,2,1,1,1,1,0,,0.0,1,1,None
5723,608,0,0,2,1,2,0,0,0,7.0,0.0,1,1,1
5724,608,1,0,2,1,2,1,1,1,6.0,0.0,1,1,1
5725,608,2,0,1,1,2,1,0,1,6.0,0.0,1,1,1
5726,608,3,0,1,1,2,1,0,1,1.0,0.0,1,1,1
5727,608,4,0,2,1,2,0,1,0,1.0,0.0,1,1,1
5728,608,5,0,2,1,2,0,1,0,2.0,0.0,1,1,1
5729,608,6,1,1,1,2,0,0,1,1.0,0.0,1,1,1
5730,608,7,1,2,1,2,0,1,0,4.0,0.0,1,1,1
5731,608,8,1,2,1,1,1,0,0,4.0,0.0,1,1,1
5732,608,9,1,2,1,0,1,0,0,7.0,0.0,1,1,1
5733,608,10,1,2,1,0,1,1,1,4.0,0.0,1,1,1
5734,608,11,1,1,0,0,1,0,0,6.0,0.0,1,1,1
5735,608,12,1,1,0,1,1,0,1,3.0,0.0,1,1,1
5736,608,13,1,2,1,1,0,1,1,5.0,0.0,1,1,1
5737,608,14,1,1,1,1,1,1,0,3.0,0.0,1,1,1
5738,608,15,1,2,1,1,0,1,1,5.0,0.0,1,1,1
5739,608,16,1,1,1,1,1,1,0,2.0,0.0,1,1,1
5740,608,17,1,1,1,1,0,0,1,6.0,0.0,1,1,1
5741,608,18,1,1,1,1,1,0,1,4.0,0.0,1,1,1
5742,608,19,1,1,1,1,1,0,0,7.0,0.0,1,1,1
5743,608,20,1,2,1,1,1,1,1,,0.0,1,1,None
5744,609,0,1,2,1,1,0,0,0,4.0,0.0,1,1,1
5745,609,1,1,1,1,1,1,0,0,6.0,0.0,1,1,1
5746,609,2,1,1,1,1,1,0,1,4.0,0.0,1,1,1
5747,609,3,1,1,1,1,1,0,0,5.0,0.0,1,1,1
5748,609,4,1,2,1,1,1,1,0,5.0,0.0,1,1,1
5749,609,5,1,2,1,1,1,1,0,6.0,0.0,1,1,1
5750,609,6,1,2,1,1,1,0,1,6.0,0.0,1,1,1
5751,609,7,1,1,1,1,1,0,1,4.0,0.0,1,1,1
5752,609,8,1,1,1,1,1,0,0,6.0,0.0,1,1,1
5753,609,9,1,1,1,1,1,0,1,7.0,0.0,1,1,1
5754,609,10,1,2,1,1,1,1,1,7.0,0.0,1,1,1
5755,609,11,1,1,1,1,1,1,1,2.0,0.0,1,1,1
5756,609,12,1,1,1,1,0,0,1,0.0,0.0,1,1,1
5757,609,13,2,1,1,1,0,0,0,1.0,0.0,1,1,1
5758,609,14,2,1,1,1,0,1,0,1.0,0.0,1,1,1
5759,609,15,2,1,1,1,0,1,0,6.0,0.0,1,1,0
5760,609,16,2,1,1,1,1,0,1,1.0,-1.0,1,0,0
5761,609,17,2,2,1,1,0,1,0,,-1.0,1,0,None
5762,610,0,1,2,1,2,0,0,0,0.0,0.0,1,1,1
5763,610,1,1,2,1,2,0,0,0,2.0,0.0,1,1,1
5764,610,2,1,1,1,2,0,0,1,4.0,0.0,1,1,0
5765,610,3,1,1,0,1,1,0,0,1.0,-1.0,1,0,0
5766,610,4,1,2,0,1,0,1,0,,-1.0,1,0,None
5767,611,0,0,0,1,2,0,0,0,2.0,0.0,1,1,1
5768,611,1,0,0,1,2,0,0,1,3.0,0.0,1,1,1
5769,611,2,0,1,1,2,0,1,1,0.0,0.0,1,1,1
5770,611,3,0,0,1,2,0,0,0,2.0,0.0,1,1,1
5771,611,4,0,0,1,2,0,0,1,4.0,0.0,1,1,1
5772,611,5,0,0,1,2,1,0,0,4.0,0.0,1,1,1
5773,611,6,0,0,1,2,1,0,0,6.0,0.0,1,1,1
5774,611,7,0,0,1,2,1,0,1,4.0,0.0,1,1,0
5775,611,8,0,0,1,2,1,0,0,0.0,-1.0,1,0,0
5776,611,9,0,0,0,2,0,0,0,,-1.0,1,0,None
5777,612,0,1,1,0,2,0,0,0,6.0,0.0,1,1,2
5778,612,1,1,1,1,2,1,0,1,0.0,1.0,1,2,2
5779,612,2,1,1,1,2,0,0,0,,1.0,1,2,None
5780,613,0,1,2,1,0,0,0,0,0.0,0.0,1,1,1
5781,613,1,1,2,1,0,0,0,0,3.0,0.0,1,1,1
5782,613,2,1,2,1,0,0,1,1,7.0,0.0,1,1,1
5783,613,3,1,2,1,0,1,1,1,5.0,0.0,1,1,1
5784,613,4,1,1,1,0,1,1,0,3.0,0.0,1,1,1
5785,613,5,1,2,1,0,0,1,1,0.0,0.0,1,1,1
5786,613,6,1,2,1,0,0,0,0,1.0,0.0,1,1,1
5787,613,7,1,2,1,0,0,1,0,6.0,0.0,1,1,1
5788,613,8,1,2,1,0,1,0,1,6.0,0.0,1,1,0
5789,613,9,1,1,1,0,1,0,1,1.0,-1.0,1,0,0
5790,613,10,1,2,0,0,0,1,0,,-1.0,1,0,None
5791,614,0,1,0,1,2,0,0,0,5.0,0.0,1,1,1
5792,614,1,1,1,1,2,1,1,0,6.0,0.0,1,1,1
5793,614,2,1,1,1,2,1,0,1,2.0,0.0,1,1,1
5794,614,3,1,1,1,2,0,0,1,5.0,0.0,1,1,1
5795,614,4,1,2,1,2,1,1,0,5.0,0.0,1,1,1
5796,614,5,1,2,0,2,1,1,0,6.0,0.0,1,1,1
5797,614,6,1,2,0,2,1,0,1,7.0,0.0,1,1,1
5798,614,7,1,2,1,2,1,1,1,3.0,0.0,1,1,1
5799,614,8,1,2,1,2,0,1,1,1.0,0.0,1,1,1
5800,614,9,1,2,1,2,0,1,0,4.0,0.0,1,1,2
5801,614,10,1,1,1,2,1,0,0,0.0,1.0,1,2,2
5802,614,11,1,1,1,2,0,0,0,,1.0,1,2,None
5803,615,0,2,1,1,1,0,0,0,1.0,-1.0,1,0,0
5804,615,1,2,1,0,1,0,1,0,,-1.0,1,0,None
5805,616,0,0,1,1,3,0,0,0,4.0,0.0,1,1,1
5806,616,1,0,1,1,3,1,0,0,2.0,0.0,1,1,1
5807,616,2,0,1,1,4,0,0,1,4.0,0.0,1,1,1
5808,616,3,0,1,1,4,1,0,0,3.0,0.0,1,1,1
5809,616,4,0,1,1,4,0,1,1,0.0,0.0,1,1,1
5810,616,5,0,1,1,4,0,0,0,4.0,0.0,1,1,1
5811,616,6,0,1,1,3,1,0,0,0.0,0.0,1,1,0
5812,616,7,0,1,1,2,0,0,0,5.0,-1.0,1,0,0
5813,616,8,0,2,1,3,1,1,0,,-1.0,1,0,None
5814,617,0,1,1,1,3,0,0,0,2.0,0.0,1,1,1
5815,617,1,1,1,1,3,0,0,1,1.0,0.0,1,1,0
5816,617,2,2,1,1,3,0,1,0,3.0,-1.0,1,0,0
5817,617,3,2,2,1,3,0,1,1,,-1.0,1,0,None
5818,618,0,2,1,1,1,0,0,0,4.0,0.0,1,1,1
5819,618,1,1,1,1,1,1,0,0,5.0,0.0,1,1,1
5820,618,2,1,1,1,1,1,1,0,7.0,0.0,1,1,1
5821,618,3,1,2,1,1,1,1,1,3.0,0.0,1,1,1
5822,618,4,1,2,1,1,0,1,1,5.0,0.0,1,1,1
5823,618,5,1,2,1,1,1,1,0,1.0,0.0,1,1,0
5824,618,6,1,2,1,1,0,1,0,1.0,-1.0,1,0,0
5825,618,7,0,2,1,1,0,1,0,,-1.0,1,0,None
5826,619,0,1,2,0,2,0,0,0,1.0,0.0,1,1,1
5827,619,1,1,2,0,2,0,1,0,6.0,0.0,1,1,1
5828,619,2,1,1,0,2,1,0,1,1.0,0.0,1,1,1
5829,619,3,1,1,0,2,0,1,0,2.0,0.0,1,1,1
5830,619,4,1,1,1,2,0,0,1,1.0,0.0,1,1,1
5831,619,5,1,2,1,2,0,1,0,2.0,0.0,1,1,1
5832,619,6,1,2,1,2,0,0,1,5.0,0.0,1,1,1
5833,619,7,1,2,1,2,1,1,0,3.0,0.0,1,1,1
5834,619,8,1,2,1,2,0,1,1,6.0,0.0,1,1,1
5835,619,9,1,2,1,2,1,0,1,2.0,0.0,1,1,1
5836,619,10,1,2,1,1,0,0,1,3.0,0.0,1,1,1
5837,619,11,1,2,1,1,0,1,1,5.0,0.0,1,1,1
5838,619,12,1,2,1,1,1,1,0,4.0,0.0,1,1,1
5839,619,13,1,2,1,1,1,0,0,2.0,0.0,1,1,1
5840,619,14,1,2,1,1,0,0,1,5.0,0.0,1,1,1
5841,619,15,1,2,1,1,1,1,0,7.0,0.0,1,1,1
5842,619,16,1,1,1,1,1,1,1,7.0,0.0,1,1,1
5843,619,17,1,2,1,1,1,1,1,4.0,0.0,1,1,1
5844,619,18,1,2,1,1,1,0,0,7.0,0.0,1,1,1
5845,619,19,1,1,1,1,1,1,1,7.0,0.0,1,1,1
5846,619,20,1,2,1,1,1,1,1,,0.0,1,1,None
5847,620,0,0,1,1,2,0,0,0,1.0,0.0,1,1,1
5848,620,1,0,2,1,2,0,1,0,3.0,0.0,1,1,1
5849,620,2,0,2,1,2,0,1,1,3.0,0.0,1,1,1
5850,620,3,1,2,1,2,0,1,1,5.0,0.0,1,1,1
5851,620,4,1,2,1,2,1,1,0,0.0,0.0,1,1,1
5852,620,5,2,2,1,2,0,0,0,1.0,0.0,1,1,1
5853,620,6,2,2,1,2,0,1,0,6.0,0.0,1,1,1
5854,620,7,1,1,1,2,1,0,1,4.0,0.0,1,1,1
5855,620,8,1,1,1,1,1,0,0,2.0,0.0,1,1,0
5856,620,9,2,1,1,1,0,0,1,2.0,-1.0,1,0,0
5857,620,10,2,0,1,1,0,0,1,,-1.0,1,0,None
5858,621,0,0,0,1,2,0,0,0,5.0,0.0,1,1,0
5859,621,1,0,1,0,2,1,1,0,0.0,-1.0,1,0,0
5860,621,2,0,1,0,1,0,0,0,,-1.0,1,0,None
5861,622,0,1,1,1,3,0,0,0,5.0,0.0,1,1,1
5862,622,1,1,2,1,3,1,1,0,6.0,0.0,1,1,1
5863,622,2,1,2,1,3,1,0,1,2.0,0.0,1,1,1
5864,622,3,1,2,1,3,0,0,1,2.0,0.0,1,1,2
5865,622,4,1,2,1,3,0,0,1,0.0,1.0,1,2,2
5866,622,5,1,1,1,2,0,0,0,,1.0,1,2,None
5867,623,0,1,2,1,3,0,0,0,1.0,0.0,1,1,1
5868,623,1,1,2,1,3,0,1,0,2.0,0.0,1,1,1
5869,623,2,1,2,1,1,0,0,1,4.0,0.0,1,1,1
5870,623,3,1,1,1,1,1,0,0,5.0,0.0,1,1,1
5871,623,4,1,2,1,1,1,1,0,0.0,0.0,1,1,1
5872,623,5,1,2,1,1,0,0,0,0.0,0.0,1,1,1
5873,623,6,1,2,1,1,0,0,0,3.0,0.0,1,1,1
5874,623,7,1,2,1,1,0,1,1,4.0,0.0,1,1,1
5875,623,8,1,2,1,1,1,0,0,6.0,0.0,1,1,1
5876,623,9,1,2,1,1,1,0,1,2.0,0.0,1,1,1
5877,623,10,1,2,1,1,0,0,1,6.0,0.0,1,1,1
5878,623,11,1,2,1,0,1,0,1,0.0,0.0,1,1,1
5879,623,12,1,2,1,0,0,0,0,3.0,0.0,1,1,1
5880,623,13,1,2,1,0,0,1,1,2.0,0.0,1,1,1
5881,623,14,1,2,1,1,0,0,1,6.0,0.0,1,1,1
5882,623,15,1,1,1,1,1,0,1,4.0,0.0,1,1,1
5883,623,16,1,1,1,1,1,0,0,7.0,0.0,1,1,0
5884,623,17,1,2,1,1,1,1,1,0.0,-1.0,1,0,0
5885,623,18,1,2,0,0,0,0,0,,-1.0,1,0,None
5886,624,0,1,0,1,3,0,0,0,5.0,0.0,1,1,1
5887,624,1,1,2,1,4,1,1,0,3.0,0.0,1,1,1
5888,624,2,1,2,1,4,0,1,1,5.0,0.0,1,1,1
5889,624,3,1,2,1,4,1,1,0,0.0,0.0,1,1,1
5890,624,4,1,2,1,4,0,0,0,3.0,0.0,1,1,1
5891,624,5,1,2,1,4,0,1,1,0.0,0.0,1,1,0
5892,624,6,0,1,1,3,0,0,0,1.0,-1.0,1,0,0
5893,624,7,1,2,0,4,0,1,0,,-1.0,1,0,None
5894,625,0,1,2,1,2,0,0,0,0.0,0.0,1,1,1
5895,625,1,1,2,1,2,0,0,0,7.0,0.0,1,1,1
5896,625,2,1,2,1,2,1,1,1,7.0,0.0,1,1,1
5897,625,3,1,2,1,2,1,1,1,6.0,0.0,1,1,1
5898,625,4,1,1,1,2,1,0,1,5.0,0.0,1,1,1
5899,625,5,1,1,1,2,1,1,0,1.0,0.0,1,1,1
5900,625,6,1,2,1,2,0,1,0,5.0,0.0,1,1,1
5901,625,7,1,2,1,2,1,1,0,4.0,0.0,1,1,1
5902,625,8,1,1,1,2,1,0,0,2.0,0.0,1,1,1
5903,625,9,1,1,1,2,0,0,1,4.0,0.0,1,1,1
5904,625,10,1,1,1,2,1,0,0,7.0,0.0,1,1,1
5905,625,11,1,2,1,2,1,1,1,2.0,0.0,1,1,1
5906,625,12,1,2,1,2,0,0,1,1.0,0.0,1,1,1
5907,625,13,2,2,1,2,0,1,0,3.0,0.0,1,1,1
5908,625,14,2,2,1,2,0,1,1,7.0,0.0,1,1,1
5909,625,15,1,2,1,2,1,1,1,5.0,0.0,1,1,1
5910,625,16,1,2,1,2,1,1,0,4.0,0.0,1,1,1
5911,625,17,1,1,1,2,1,0,0,2.0,0.0,1,1,1
5912,625,18,1,1,1,2,0,0,1,5.0,0.0,1,1,1
5913,625,19,1,2,1,2,1,1,0,3.0,0.0,1,1,1
5914,625,20,1,2,1,2,0,1,1,,0.0,1,1,None
5915,626,0,2,2,1,2,0,0,0,1.0,0.0,1,1,1
5916,626,1,2,2,1,2,0,1,0,3.0,0.0,1,1,1
5917,626,2,1,2,1,2,0,1,1,5.0,0.0,1,1,1
5918,626,3,1,2,1,2,1,1,0,1.0,0.0,1,1,1
5919,626,4,2,2,1,2,0,1,0,4.0,0.0,1,1,1
5920,626,5,2,0,1,2,1,0,0,5.0,0.0,1,1,1
5921,626,6,2,0,1,2,1,1,0,0.0,0.0,1,1,1
5922,626,7,2,0,1,2,0,0,0,0.0,0.0,1,1,1
5923,626,8,2,1,1,2,0,0,0,3.0,0.0,1,1,1
5924,626,9,2,1,1,2,0,1,1,6.0,0.0,1,1,1
5925,626,10,2,1,1,2,1,0,1,7.0,0.0,1,1,1
5926,626,11,2,2,1,2,1,1,1,7.0,0.0,1,1,1
5927,626,12,2,2,1,2,1,1,1,3.0,0.0,1,1,1
5928,626,13,2,2,1,2,0,1,1,5.0,0.0,1,1,1
5929,626,14,2,2,1,2,1,1,0,6.0,0.0,1,1,1
5930,626,15,2,1,1,1,1,0,1,2.0,0.0,1,1,1
5931,626,16,2,1,1,1,0,0,1,4.0,0.0,1,1,1
5932,626,17,2,1,1,1,1,0,0,5.0,0.0,1,1,1
5933,626,18,1,2,1,1,1,1,0,7.0,0.0,1,1,1
5934,626,19,1,2,1,1,1,1,1,5.0,0.0,1,1,1
5935,626,20,1,2,1,1,1,1,0,,0.0,1,1,None
5936,627,0,1,1,1,0,0,0,0,7.0,0.0,1,1,1
5937,627,1,1,2,1,0,1,1,1,6.0,0.0,1,1,1
5938,627,2,1,2,1,0,1,0,1,2.0,0.0,1,1,1
5939,627,3,1,2,1,0,0,0,1,3.0,0.0,1,1,1
5940,627,4,1,2,1,0,0,1,1,7.0,0.0,1,1,0
5941,627,5,1,2,1,0,1,1,1,1.0,-1.0,1,0,0
5942,627,6,1,2,0,0,0,1,0,,-1.0,1,0,None
5943,628,0,2,1,1,3,0,0,0,3.0,-1.0,1,0,0
5944,628,1,2,2,1,4,0,1,1,,-1.0,1,0,None
5945,629,0,1,1,1,0,0,0,0,2.0,0.0,1,1,1
5946,629,1,1,1,1,0,0,0,1,6.0,0.0,1,1,1
5947,629,2,1,1,1,0,1,0,1,6.0,0.0,1,1,1
5948,629,3,1,1,1,0,1,0,1,7.0,0.0,1,1,1
5949,629,4,1,2,1,0,1,1,1,6.0,0.0,1,1,1
5950,629,5,1,1,1,0,1,0,1,7.0,0.0,1,1,1
5951,629,6,1,2,1,0,1,1,1,5.0,0.0,1,1,1
5952,629,7,1,2,1,0,1,1,0,3.0,0.0,1,1,1
5953,629,8,1,2,1,0,0,1,1,7.0,0.0,1,1,1
5954,629,9,1,2,1,0,1,1,1,5.0,0.0,1,1,1
5955,629,10,1,2,1,0,1,1,0,4.0,0.0,1,1,1
5956,629,11,1,2,1,1,1,0,0,0.0,0.0,1,1,1
5957,629,12,1,2,1,1,0,0,0,4.0,0.0,1,1,1
5958,629,13,1,1,1,1,1,0,0,0.0,0.0,1,1,1
5959,629,14,1,1,1,1,0,0,0,5.0,0.0,1,1,1
5960,629,15,1,2,1,1,1,1,0,3.0,0.0,1,1,0
5961,629,16,1,2,1,1,0,1,1,5.0,-1.0,1,0,0
5962,629,17,1,2,0,1,1,1,0,,-1.0,1,0,None
5963,630,0,0,1,0,2,0,0,0,6.0,0.0,1,1,1
5964,630,1,0,1,1,2,1,0,1,7.0,0.0,1,1,1
5965,630,2,0,2,1,2,1,1,1,1.0,0.0,1,1,1
5966,630,3,0,2,1,2,0,1,0,5.0,0.0,1,1,1
5967,630,4,0,2,1,2,1,1,0,5.0,0.0,1,1,1
5968,630,5,0,2,1,2,1,1,0,5.0,0.0,1,1,1
5969,630,6,0,2,1,2,1,1,0,4.0,0.0,1,1,1
5970,630,7,0,1,1,2,1,0,0,6.0,0.0,1,1,1
5971,630,8,0,1,1,2,1,0,1,0.0,0.0,1,1,1
5972,630,9,0,1,1,2,0,0,0,1.0,0.0,1,1,0
5973,630,10,0,2,1,2,0,1,0,0.0,-1.0,1,0,0
5974,630,11,0,2,1,1,0,0,0,,-1.0,1,0,None
5975,631,0,1,1,1,1,0,0,0,4.0,0.0,1,1,1
5976,631,1,1,1,1,1,1,0,0,5.0,0.0,1,1,1
5977,631,2,1,1,1,1,1,1,0,2.0,0.0,1,1,0
5978,631,3,1,2,1,1,0,0,1,1.0,-1.0,1,0,0
5979,631,4,1,2,0,1,0,1,0,,-1.0,1,0,None
5980,632,0,1,0,0,2,0,0,0,7.0,0.0,1,1,1
5981,632,1,1,1,0,2,1,1,1,5.0,0.0,1,1,1
5982,632,2,1,2,0,2,1,1,0,6.0,0.0,1,1,1
5983,632,3,1,1,1,2,1,0,1,4.0,0.0,1,1,1
5984,632,4,1,1,1,2,1,0,0,6.0,0.0,1,1,1
5985,632,5,1,1,1,1,1,0,1,0.0,0.0,1,1,1
5986,632,6,1,1,1,1,0,0,0,6.0,0.0,1,1,1
5987,632,7,1,1,1,1,1,0,1,4.0,0.0,1,1,1
5988,632,8,1,1,1,0,1,0,0,5.0,0.0,1,1,1
5989,632,9,1,2,1,0,1,1,0,1.0,0.0,1,1,1
5990,632,10,1,2,1,0,0,1,0,4.0,0.0,1,1,0
5991,632,11,1,2,1,0,1,0,0,5.0,-1.0,1,0,0
5992,632,12,1,2,0,0,1,1,0,,-1.0,1,0,None
5993,633,0,0,1,1,3,0,0,0,7.0,-1.0,1,0,0
5994,633,1,0,2,1,3,1,1,1,,-1.0,1,0,None
5995,634,0,0,0,1,2,0,0,0,4.0,-1.0,1,0,0
5996,634,1,0,0,1,1,1,0,0,,-1.0,1,0,None
5997,635,0,2,1,1,2,0,0,0,1.0,0.0,1,1,0
5998,635,1,2,2,1,2,0,1,0,2.0,-1.0,1,0,0
5999,635,2,2,2,1,3,0,0,1,,-1.0,1,0,None
6000,636,0,0,1,0,2,0,0,0,6.0,0.0,1,1,1
6001,636,1,0,1,1,2,1,0,1,5.0,0.0,1,1,1
6002,636,2,0,2,1,2,1,1,0,3.0,0.0,1,1,1
6003,636,3,0,2,1,2,0,1,1,5.0,0.0,1,1,1
6004,636,4,0,1,1,2,1,1,0,2.0,0.0,1,1,1
6005,636,5,0,1,1,2,0,0,1,5.0,0.0,1,1,1
6006,636,6,0,1,1,2,1,1,0,6.0,0.0,1,1,1
6007,636,7,0,1,1,2,1,0,1,3.0,0.0,1,1,1
6008,636,8,0,2,1,2,0,1,1,3.0,0.0,1,1,1
6009,636,9,0,2,1,2,0,1,1,6.0,0.0,1,1,1
6010,636,10,0,2,1,2,1,0,1,0.0,0.0,1,1,1
6011,636,11,0,2,1,2,0,0,0,7.0,0.0,1,1,1
6012,636,12,0,2,1,2,1,1,1,1.0,0.0,1,1,1
6013,636,13,0,2,1,2,0,1,0,4.0,0.0,1,1,1
6014,636,14,0,2,1,2,1,0,0,6.0,0.0,1,1,1
6015,636,15,0,2,1,2,1,0,1,7.0,0.0,1,1,1
6016,636,16,0,2,1,2,1,1,1,6.0,0.0,1,1,1
6017,636,17,0,1,1,2,1,0,1,5.0,0.0,1,1,0
6018,636,18,0,2,1,2,1,1,0,2.0,-1.0,1,0,0
6019,636,19,0,2,1,1,0,0,1,,-1.0,1,0,None
6020,637,0,0,1,1,1,0,0,0,6.0,0.0,1,1,1
6021,637,1,0,1,1,1,1,0,1,0.0,0.0,1,1,1
6022,637,2,0,1,1,0,0,0,0,5.0,0.0,1,1,1
6023,637,3,0,1,1,0,1,1,0,4.0,0.0,1,1,0
6024,637,4,0,1,1,0,1,0,0,1.0,-1.0,1,0,0
6025,637,5,0,2,1,0,0,1,0,,-1.0,1,0,None
6026,638,0,0,1,1,2,0,0,0,2.0,0.0,1,1,1
6027,638,1,0,1,1,2,0,0,1,5.0,0.0,1,1,1
6028,638,2,0,2,1,2,1,1,0,5.0,0.0,1,1,1
6029,638,3,0,2,1,2,1,1,0,6.0,0.0,1,1,0
6030,638,4,0,2,1,2,1,0,1,2.0,-1.0,1,0,0
6031,638,5,0,2,1,1,0,0,1,,-1.0,1,0,None
6032,639,0,1,0,1,1,0,0,0,0.0,-1.0,1,0,0
6033,639,1,1,0,0,1,0,0,0,,-1.0,1,0,None
6034,640,0,1,0,1,2,0,0,0,3.0,0.0,1,1,1
6035,640,1,1,1,1,2,0,1,1,4.0,0.0,1,1,0
6036,640,2,1,1,1,2,1,0,0,1.0,-1.0,1,0,0
6037,640,3,2,2,0,2,0,1,0,,-1.0,1,0,None
6038,641,0,1,0,1,4,0,0,0,5.0,0.0,1,1,1
6039,641,1,1,1,1,4,1,1,0,6.0,0.0,1,1,1
6040,641,2,1,1,1,4,1,0,1,7.0,0.0,1,1,1
6041,641,3,1,2,1,4,1,1,1,5.0,0.0,1,1,1
6042,641,4,1,2,1,4,1,1,0,2.0,0.0,1,1,1
6043,641,5,1,2,1,4,0,0,1,0.0,0.0,1,1,1
6044,641,6,1,2,1,3,0,0,0,0.0,0.0,1,1,1
6045,641,7,1,2,1,3,0,0,0,6.0,0.0,1,1,1
6046,641,8,1,1,1,3,1,0,1,7.0,0.0,1,1,1
6047,641,9,1,1,1,3,1,1,1,1.0,0.0,1,1,0
6048,641,10,1,2,1,3,0,1,0,0.0,-1.0,1,0,0
6049,641,11,0,2,1,3,0,0,0,,-1.0,1,0,None
6050,642,0,1,1,1,3,0,0,0,0.0,1.0,1,2,2
6051,642,1,1,1,1,2,0,0,0,,1.0,1,2,None
6052,643,0,0,0,1,2,0,0,0,3.0,0.0,1,1,1
6053,643,1,0,0,1,2,0,1,1,4.0,0.0,1,1,1
6054,643,2,0,0,1,2,1,0,0,3.0,0.0,1,1,1
6055,643,3,0,1,1,2,0,1,1,2.0,0.0,1,1,1
6056,643,4,0,1,1,2,0,0,1,7.0,0.0,1,1,1
6057,643,5,0,1,1,2,1,1,1,7.0,0.0,1,1,1
6058,643,6,0,2,1,2,1,1,1,3.0,0.0,1,1,1
6059,643,7,0,2,1,2,0,1,1,7.0,0.0,1,1,1
6060,643,8,0,2,1,2,1,1,1,5.0,0.0,1,1,1
6061,643,9,0,1,1,2,1,1,0,5.0,0.0,1,1,1
6062,643,10,0,2,1,2,1,1,0,1.0,0.0,1,1,1
6063,643,11,0,2,1,2,0,1,0,2.0,0.0,1,1,1
6064,643,12,1,2,1,2,0,0,1,4.0,0.0,1,1,0
6065,643,13,1,1,0,1,1,0,0,0.0,-1.0,1,0,0
6066,643,14,2,1,0,0,0,0,0,,-1.0,1,0,None
6067,644,0,1,0,0,2,0,0,0,3.0,0.0,1,1,1
6068,644,1,1,0,1,2,0,1,1,6.0,0.0,1,1,1
6069,644,2,1,0,1,2,1,0,1,5.0,0.0,1,1,1
6070,644,3,1,0,1,2,1,1,0,6.0,0.0,1,1,1
6071,644,4,1,0,1,2,1,0,1,1.0,0.0,1,1,1
6072,644,5,1,1,1,2,0,1,0,3.0,0.0,1,1,1
6073,644,6,2,2,1,2,0,1,1,2.0,0.0,1,1,1
6074,644,7,2,2,1,2,0,0,1,1.0,0.0,1,1,1
6075,644,8,2,2,1,2,0,1,0,7.0,0.0,1,1,1
6076,644,9,1,2,1,2,1,1,1,5.0,0.0,1,1,1
6077,644,10,1,1,1,2,1,1,0,5.0,0.0,1,1,1
6078,644,11,1,2,1,2,1,1,0,7.0,0.0,1,1,1
6079,644,12,1,2,1,2,1,1,1,1.0,0.0,1,1,1
6080,644,13,1,2,1,2,0,1,0,0.0,0.0,1,1,1
6081,644,14,1,2,1,2,0,0,0,1.0,0.0,1,1,1
6082,644,15,2,2,1,2,0,1,0,3.0,0.0,1,1,1
6083,644,16,1,2,1,2,0,1,1,3.0,0.0,1,1,1
6084,644,17,1,2,1,2,0,1,1,7.0,0.0,1,1,1
6085,644,18,1,2,1,2,1,1,1,1.0,0.0,1,1,1
6086,644,19,1,2,1,2,0,1,0,2.0,0.0,1,1,1
6087,644,20,1,1,1,1,0,0,1,,0.0,1,1,None
6088,645,0,0,1,1,2,0,0,0,5.0,0.0,1,1,1
6089,645,1,0,2,1,2,1,1,0,3.0,0.0,1,1,1
6090,645,2,0,2,1,2,0,1,1,0.0,0.0,1,1,0
6091,645,3,0,2,1,2,0,0,0,2.0,-1.0,1,0,0
6092,645,4,0,2,1,1,0,0,1,,-1.0,1,0,None
6093,646,0,0,2,1,2,0,0,0,0.0,0.0,1,1,1
6094,646,1,0,2,1,2,0,0,0,1.0,0.0,1,1,1
6095,646,2,0,2,1,2,0,1,0,6.0,0.0,1,1,1
6096,646,3,0,1,1,2,1,0,1,4.0,0.0,1,1,1
6097,646,4,0,1,1,2,1,0,0,0.0,0.0,1,1,1
6098,646,5,0,1,1,2,0,0,0,4.0,0.0,1,1,1
6099,646,6,0,1,1,2,1,0,0,3.0,0.0,1,1,1
6100,646,7,0,1,1,2,0,1,1,7.0,0.0,1,1,1
6101,646,8,0,1,1,2,1,1,1,4.0,0.0,1,1,1
6102,646,9,0,1,1,2,1,0,0,7.0,0.0,1,1,1
6103,646,10,0,2,1,2,1,1,1,4.0,0.0,1,1,1
6104,646,11,0,2,1,2,1,0,0,3.0,0.0,1,1,0
6105,646,12,0,2,1,2,0,1,1,4.0,-1.0,1,0,0
6106,646,13,0,1,0,1,1,0,0,,-1.0,1,0,None
6107,647,0,0,1,0,2,0,0,0,1.0,0.0,1,1,1
6108,647,1,0,1,1,2,0,1,0,7.0,0.0,1,1,1
6109,647,2,0,1,1,2,1,1,1,6.0,0.0,1,1,1
6110,647,3,0,1,1,2,1,0,1,1.0,0.0,1,1,0
6111,647,4,0,2,1,2,0,1,0,0.0,-1.0,1,0,0
6112,647,5,0,2,1,1,0,0,0,,-1.0,1,0,None
6113,648,0,2,1,1,2,0,0,0,1.0,0.0,1,1,1
6114,648,1,2,2,1,2,0,1,0,2.0,0.0,1,1,1
6115,648,2,2,2,1,2,0,0,1,3.0,0.0,1,1,1
6116,648,3,2,2,1,2,0,1,1,5.0,0.0,1,1,1
6117,648,4,2,2,1,2,1,1,0,1.0,0.0,1,1,1
6118,648,5,2,2,1,2,0,1,0,6.0,0.0,1,1,1
6119,648,6,2,2,1,2,1,0,1,7.0,0.0,1,1,0
6120,648,7,2,2,1,2,1,1,1,0.0,-1.0,1,0,0
6121,648,8,2,2,0,2,0,0,0,,-1.0,1,0,None
6122,649,0,1,0,1,4,0,0,0,0.0,0.0,1,1,0
6123,649,1,1,0,1,4,0,0,0,1.0,-1.0,1,0,0
6124,649,2,2,0,1,4,0,1,0,,-1.0,1,0,None
6125,650,0,2,1,1,1,0,0,0,7.0,0.0,1,1,0
6126,650,1,2,1,1,1,1,1,1,5.0,-1.0,1,0,0
6127,650,2,2,2,1,1,1,1,0,,-1.0,1,0,None
6128,651,0,1,1,1,0,0,0,0,3.0,0.0,1,1,0
6129,651,1,1,1,1,0,0,1,1,5.0,-1.0,1,0,0
6130,651,2,1,2,0,0,1,1,0,,-1.0,1,0,None
6131,652,0,0,1,1,2,0,0,0,3.0,0.0,1,1,1
6132,652,1,1,2,1,2,0,1,1,5.0,0.0,1,1,1
6133,652,2,1,2,1,2,1,1,0,4.0,0.0,1,1,1
6134,652,3,1,2,1,2,1,0,0,3.0,0.0,1,1,1
6135,652,4,1,2,1,2,0,1,1,0.0,0.0,1,1,1
6136,652,5,1,2,1,2,0,0,0,5.0,0.0,1,1,1
6137,652,6,1,2,1,2,1,1,0,7.0,0.0,1,1,1
6138,652,7,1,1,1,2,1,1,1,7.0,0.0,1,1,1
6139,652,8,1,2,1,2,1,1,1,2.0,0.0,1,1,1
6140,652,9,1,1,1,2,0,0,1,6.0,0.0,1,1,1
6141,652,10,1,1,1,1,1,0,1,0.0,0.0,1,1,1
6142,652,11,1,1,1,1,0,0,0,0.0,0.0,1,1,1
6143,652,12,1,1,1,1,0,0,0,4.0,0.0,1,1,1
6144,652,13,1,1,1,1,1,0,0,4.0,0.0,1,1,1
6145,652,14,1,1,1,1,1,0,0,1.0,0.0,1,1,0
6146,652,15,1,2,1,1,0,1,0,3.0,-1.0,1,0,0
6147,652,16,0,2,1,1,0,1,1,,-1.0,1,0,None
6148,653,0,2,1,1,3,0,0,0,7.0,0.0,1,1,1
6149,653,1,1,2,1,3,1,1,1,5.0,0.0,1,1,1
6150,653,2,1,2,1,3,1,1,0,2.0,0.0,1,1,1
6151,653,3,1,2,1,3,0,0,1,3.0,0.0,1,1,1
6152,653,4,1,2,1,3,0,1,1,5.0,0.0,1,1,1
6153,653,5,1,2,1,3,1,1,0,4.0,0.0,1,1,1
6154,653,6,1,1,1,3,1,0,0,1.0,0.0,1,1,1
6155,653,7,1,2,1,3,0,1,0,0.0,0.0,1,1,1
6156,653,8,1,2,1,2,0,0,0,7.0,0.0,1,1,1
6157,653,9,1,2,1,2,1,1,1,5.0,0.0,1,1,1
6158,653,10,1,2,1,2,1,1,0,3.0,0.0,1,1,1
6159,653,11,1,2,1,2,0,1,1,4.0,0.0,1,1,1
6160,653,12,1,2,1,2,1,0,0,5.0,0.0,1,1,1
6161,653,13,1,2,1,2,1,1,0,3.0,0.0,1,1,1
6162,653,14,2,2,1,2,0,1,1,6.0,0.0,1,1,1
6163,653,15,1,2,1,2,1,0,1,3.0,0.0,1,1,1
6164,653,16,1,2,1,2,0,1,1,2.0,0.0,1,1,1
6165,653,17,1,2,1,1,0,0,1,5.0,0.0,1,1,1
6166,653,18,1,2,1,1,1,1,0,0.0,0.0,1,1,1
6167,653,19,1,2,1,1,0,0,0,3.0,0.0,1,1,1
6168,653,20,1,2,1,1,0,1,1,,0.0,1,1,None
6169,654,0,1,2,1,2,0,0,0,0.0,0.0,1,1,1
6170,654,1,2,2,1,2,0,0,0,3.0,0.0,1,1,1
6171,654,2,1,2,1,2,0,1,1,2.0,0.0,1,1,1
6172,654,3,1,2,1,1,0,0,1,6.0,0.0,1,1,1
6173,654,4,1,1,1,1,1,0,1,4.0,0.0,1,1,1
6174,654,5,1,1,1,1,1,0,0,6.0,0.0,1,1,1
6175,654,6,1,1,1,1,1,0,1,6.0,0.0,1,1,1
6176,654,7,1,1,1,1,1,0,1,5.0,0.0,1,1,1
6177,654,8,1,1,1,1,1,1,0,7.0,0.0,1,1,0
6178,654,9,1,2,1,1,1,1,1,1.0,-1.0,1,0,0
6179,654,10,2,2,1,1,0,1,0,,-1.0,1,0,None
6180,655,0,2,1,1,3,0,0,0,2.0,0.0,1,1,1
6181,655,1,2,1,1,2,0,0,1,7.0,0.0,1,1,1
6182,655,2,1,2,1,2,1,1,1,3.0,0.0,1,1,1
6183,655,3,1,2,1,3,0,1,1,6.0,0.0,1,1,1
6184,655,4,1,1,1,4,1,0,1,1.0,0.0,1,1,1
6185,655,5,1,1,1,4,0,1,0,6.0,0.0,1,1,1
6186,655,6,1,1,1,4,1,0,1,5.0,0.0,1,1,1
6187,655,7,1,2,1,4,1,1,0,1.0,0.0,1,1,1
6188,655,8,1,2,1,4,0,1,0,6.0,0.0,1,1,1
6189,655,9,1,1,1,3,1,0,1,6.0,0.0,1,1,1
6190,655,10,1,1,1,4,1,0,1,0.0,0.0,1,1,1
6191,655,11,1,1,1,4,0,0,0,1.0,0.0,1,1,1
6192,655,12,1,2,1,4,0,1,0,2.0,0.0,1,1,1
6193,655,13,1,1,1,4,0,0,1,6.0,0.0,1,1,1
6194,655,14,1,1,1,3,1,0,1,7.0,0.0,1,1,1
6195,655,15,1,2,1,3,1,1,1,4.0,0.0,1,1,1
6196,655,16,1,2,0,2,1,0,0,4.0,0.0,1,1,0
6197,655,17,1,1,0,3,1,0,0,5.0,-1.0,1,0,0
6198,655,18,1,2,0,3,1,1,0,,-1.0,1,0,None
6199,656,0,2,1,1,3,0,0,0,4.0,0.0,1,1,1
6200,656,1,1,1,1,3,1,0,0,6.0,0.0,1,1,1
6201,656,2,1,1,1,3,1,0,1,3.0,0.0,1,1,1
6202,656,3,1,2,1,3,0,1,1,4.0,0.0,1,1,0
6203,656,4,1,1,1,3,1,0,0,3.0,-1.0,1,0,0
6204,656,5,2,2,1,3,0,1,1,,-1.0,1,0,None
6205,657,0,1,2,1,2,0,0,0,3.0,0.0,1,1,1
6206,657,1,1,2,1,2,0,1,1,1.0,0.0,1,1,1
6207,657,2,1,2,1,2,0,1,0,4.0,0.0,1,1,1
6208,657,3,1,1,1,2,1,0,0,7.0,0.0,1,1,1
6209,657,4,1,2,1,2,1,1,1,7.0,0.0,1,1,1
6210,657,5,1,1,1,2,1,1,1,3.0,0.0,1,1,1
6211,657,6,1,1,1,2,0,1,1,2.0,0.0,1,1,1
6212,657,7,1,1,1,2,0,0,1,5.0,0.0,1,1,1
6213,657,8,1,1,0,2,1,1,0,2.0,0.0,1,1,1
6214,657,9,1,1,0,1,0,0,1,2.0,0.0,1,1,0
6215,657,10,1,1,0,0,0,0,1,3.0,-1.0,1,0,0
6216,657,11,1,2,0,0,0,1,1,,-1.0,1,0,None
6217,658,0,2,1,1,2,0,0,0,3.0,0.0,1,1,1
6218,658,1,2,2,1,2,0,1,1,6.0,0.0,1,1,1
6219,658,2,1,2,1,2,1,0,1,4.0,0.0,1,1,1
6220,658,3,1,2,1,2,1,0,0,7.0,0.0,1,1,1
6221,658,4,1,2,1,2,1,1,1,3.0,0.0,1,1,1
6222,658,5,1,2,1,2,0,1,1,5.0,0.0,1,1,1
6223,658,6,1,2,1,2,1,1,0,7.0,0.0,1,1,1
6224,658,7,1,2,1,2,1,1,1,7.0,0.0,1,1,1
6225,658,8,1,2,1,2,1,1,1,0.0,0.0,1,1,1
6226,658,9,1,2,1,1,0,0,0,5.0,0.0,1,1,1
6227,658,10,1,1,1,1,1,1,0,4.0,0.0,1,1,1
6228,658,11,1,1,1,1,1,0,0,1.0,0.0,1,1,1
6229,658,12,1,1,1,1,0,1,0,1.0,0.0,1,1,1
6230,658,13,1,2,1,1,0,1,0,4.0,0.0,1,1,1
6231,658,14,1,2,1,1,1,0,0,5.0,0.0,1,1,1
6232,658,15,1,1,0,1,1,1,0,6.0,0.0,1,1,0
6233,658,16,1,0,1,1,1,0,1,0.0,-1.0,1,0,0
6234,658,17,2,0,1,1,0,0,0,,-1.0,1,0,None
6235,659,0,2,1,1,4,0,0,0,6.0,0.0,1,1,1
6236,659,1,2,1,1,3,1,0,1,6.0,0.0,1,1,1
6237,659,2,2,1,1,2,1,0,1,7.0,0.0,1,1,1
6238,659,3,1,2,1,2,1,1,1,6.0,0.0,1,1,1
6239,659,4,1,1,1,1,1,0,1,1.0,0.0,1,1,1
6240,659,5,1,2,1,2,0,1,0,6.0,0.0,1,1,1
6241,659,6,1,2,1,3,1,0,1,7.0,0.0,1,1,1
6242,659,7,1,2,1,4,1,1,1,4.0,0.0,1,1,1
6243,659,8,1,2,1,4,1,0,0,1.0,0.0,1,1,0
6244,659,9,1,2,1,4,0,1,0,0.0,-1.0,1,0,0
6245,659,10,2,2,1,3,0,0,0,,-1.0,1,0,None
6246,660,0,1,1,1,0,0,0,0,7.0,0.0,1,1,1
6247,660,1,1,1,1,0,1,1,1,0.0,0.0,1,1,1
6248,660,2,1,1,1,0,0,0,0,5.0,0.0,1,1,1
6249,660,3,1,2,1,0,1,1,0,5.0,0.0,1,1,1
6250,660,4,1,2,1,0,1,1,0,4.0,0.0,1,1,1
6251,660,5,1,1,1,0,1,0,0,7.0,0.0,1,1,1
6252,660,6,1,2,1,0,1,1,1,2.0,0.0,1,1,1
6253,660,7,1,2,1,0,0,0,1,0.0,0.0,1,1,1
6254,660,8,1,2,1,0,0,0,0,7.0,0.0,1,1,1
6255,660,9,1,2,1,0,1,1,1,6.0,0.0,1,1,0
6256,660,10,1,0,1,0,1,0,1,4.0,-1.0,1,0,0
6257,660,11,1,0,0,0,1,0,0,,-1.0,1,0,None
6258,661,0,1,1,1,1,0,0,0,1.0,0.0,1,1,1
6259,661,1,1,2,1,2,0,1,0,2.0,0.0,1,1,1
6260,661,2,1,2,1,1,0,0,1,2.0,0.0,1,1,0
6261,661,3,0,1,1,1,0,0,1,0.0,-1.0,1,0,0
6262,661,4,0,0,1,0,0,0,0,,-1.0,1,0,None
6263,662,0,2,1,1,4,0,0,0,3.0,0.0,1,1,1
6264,662,1,2,1,1,4,0,1,1,6.0,0.0,1,1,0
6265,662,2,2,1,1,1,1,0,1,5.0,-1.0,1,0,0
6266,662,3,2,2,1,1,1,1,0,,-1.0,1,0,None
6267,663,0,1,0,1,4,0,0,0,2.0,-1.0,1,0,0
6268,663,1,0,0,1,3,0,0,1,,-1.0,1,0,None
6269,664,0,2,0,1,2,0,0,0,6.0,0.0,1,1,1
6270,664,1,2,0,1,2,1,0,1,2.0,0.0,1,1,1
6271,664,2,2,0,1,2,0,0,1,3.0,0.0,1,1,1
6272,664,3,1,1,1,2,0,1,1,4.0,0.0,1,1,1
6273,664,4,1,1,1,1,1,0,0,7.0,0.0,1,1,1
6274,664,5,1,2,1,1,1,1,1,2.0,0.0,1,1,1
6275,664,6,1,2,1,1,0,0,1,5.0,0.0,1,1,1
6276,664,7,1,1,1,1,1,1,0,3.0,0.0,1,1,1
6277,664,8,1,1,1,1,0,1,1,1.0,0.0,1,1,1
6278,664,9,1,2,1,1,0,1,0,4.0,0.0,1,1,1
6279,664,10,1,1,0,1,1,0,0,1.0,0.0,1,1,1
6280,664,11,1,1,0,1,0,1,0,7.0,0.0,1,1,1
6281,664,12,1,2,1,1,1,1,1,3.0,0.0,1,1,1
6282,664,13,1,2,1,1,0,1,1,4.0,0.0,1,1,1
6283,664,14,1,1,1,1,1,0,0,6.0,0.0,1,1,1
6284,664,15,1,1,1,1,1,0,1,2.0,0.0,1,1,1
6285,664,16,1,2,1,1,0,0,1,7.0,0.0,1,1,1
6286,664,17,1,2,1,1,1,1,1,7.0,0.0,1,1,1
6287,664,18,1,2,1,1,1,1,1,1.0,0.0,1,1,1
6288,664,19,1,2,1,1,0,1,0,6.0,0.0,1,1,1
6289,664,20,1,1,1,1,1,0,1,,0.0,1,1,None
6290,665,0,1,1,0,1,0,0,0,5.0,-1.0,1,0,0
6291,665,1,1,2,0,1,1,1,0,,-1.0,1,0,None
6292,666,0,1,1,1,3,0,0,0,3.0,0.0,1,1,1
6293,666,1,1,1,1,3,0,1,1,5.0,0.0,1,1,1
6294,666,2,1,1,0,3,1,1,0,0.0,0.0,1,1,1
6295,666,3,1,1,1,3,0,0,0,6.0,0.0,1,1,1
6296,666,4,1,1,1,3,1,0,1,2.0,0.0,1,1,1
6297,666,5,1,1,1,3,0,0,1,2.0,0.0,1,1,0
6298,666,6,1,1,1,3,0,0,1,1.0,-1.0,1,0,0
6299,666,7,1,2,0,3,0,1,0,,-1.0,1,0,None
6300,667,0,1,2,1,2,0,0,0,4.0,0.0,1,1,1
6301,667,1,1,2,1,2,1,0,0,4.0,0.0,1,1,1
6302,667,2,1,2,1,2,1,0,0,0.0,0.0,1,1,1
6303,667,3,1,2,1,2,0,0,0,5.0,0.0,1,1,1
6304,667,4,1,2,1,2,1,1,0,1.0,0.0,1,1,1
6305,667,5,2,2,1,2,0,1,0,6.0,0.0,1,1,1
6306,667,6,1,2,1,1,1,0,1,5.0,0.0,1,1,1
6307,667,7,1,2,1,1,1,1,0,3.0,0.0,1,1,1
6308,667,8,1,2,1,1,0,1,1,4.0,0.0,1,1,0
6309,667,9,1,2,1,1,1,0,0,0.0,-1.0,1,0,0
6310,667,10,2,2,1,1,0,0,0,,-1.0,1,0,None
6311,668,0,1,2,1,1,0,0,0,4.0,0.0,1,1,1
6312,668,1,1,1,1,1,1,0,0,0.0,0.0,1,1,1
6313,668,2,2,1,1,1,0,0,0,6.0,0.0,1,1,1
6314,668,3,2,1,1,1,1,0,1,6.0,0.0,1,1,1
6315,668,4,2,1,1,1,1,0,1,2.0,0.0,1,1,1
6316,668,5,2,1,1,1,0,0,1,1.0,0.0,1,1,1
6317,668,6,2,1,1,1,0,1,0,1.0,0.0,1,1,1
6318,668,7,2,1,1,1,0,1,0,7.0,0.0,1,1,0
6319,668,8,1,2,1,1,1,1,1,1.0,-1.0,1,0,0
6320,668,9,1,2,0,1,0,1,0,,-1.0,1,0,None
6321,669,0,2,1,1,3,0,0,0,6.0,0.0,1,1,1
6322,669,1,1,1,1,3,1,0,1,1.0,0.0,1,1,1
6323,669,2,1,1,1,3,0,1,0,0.0,0.0,1,1,1
6324,669,3,1,0,1,3,0,0,0,3.0,0.0,1,1,1
6325,669,4,1,1,1,3,0,1,1,1.0,0.0,1,1,1
6326,669,5,1,2,1,3,0,1,0,5.0,0.0,1,1,1
6327,669,6,1,2,1,3,1,1,0,4.0,0.0,1,1,1
6328,669,7,1,2,1,3,1,0,0,1.0,0.0,1,1,1
6329,669,8,1,2,1,3,0,1,0,7.0,0.0,1,1,1
6330,669,9,1,1,1,3,1,1,1,5.0,0.0,1,1,1
6331,669,10,1,2,1,3,1,1,0,5.0,0.0,1,1,1
6332,669,11,1,2,1,3,1,1,0,0.0,0.0,1,1,1
6333,669,12,1,2,1,3,0,0,0,5.0,0.0,1,1,1
6334,669,13,1,2,1,3,1,1,0,6.0,0.0,1,1,1
6335,669,14,1,2,1,3,1,0,1,5.0,0.0,1,1,1
6336,669,15,1,2,1,3,1,1,0,4.0,0.0,1,1,1
6337,669,16,1,2,1,1,1,0,0,3.0,0.0,1,1,1
6338,669,17,1,2,1,1,0,1,1,3.0,0.0,1,1,1
6339,669,18,1,2,1,1,0,1,1,4.0,0.0,1,1,1
6340,669,19,1,1,1,1,1,0,0,4.0,0.0,1,1,1
6341,669,20,1,1,1,1,1,0,0,,0.0,1,1,None
6342,670,0,1,1,1,3,0,0,0,0.0,0.0,1,1,1
6343,670,1,1,1,1,4,0,0,0,0.0,0.0,1,1,1
6344,670,2,1,1,1,4,0,0,0,6.0,0.0,1,1,1
6345,670,3,1,1,1,4,1,0,1,0.0,0.0,1,1,0
6346,670,4,2,1,1,4,0,0,0,1.0,-1.0,1,0,0
6347,670,5,2,2,1,4,0,1,0,,-1.0,1,0,None
6348,671,0,2,1,1,2,0,0,0,3.0,0.0,1,1,1
6349,671,1,2,1,1,2,0,1,1,3.0,0.0,1,1,1
6350,671,2,2,1,1,2,0,1,1,1.0,0.0,1,1,1
6351,671,3,2,2,1,2,0,1,0,5.0,0.0,1,1,1
6352,671,4,1,2,1,2,1,1,0,7.0,0.0,1,1,1
6353,671,5,1,2,1,2,1,1,1,0.0,0.0,1,1,1
6354,671,6,1,2,1,2,0,0,0,1.0,0.0,1,1,1
6355,671,7,1,2,1,2,0,1,0,3.0,0.0,1,1,1
6356,671,8,1,2,1,2,0,1,1,5.0,0.0,1,1,1
6357,671,9,1,2,0,2,1,1,0,0.0,0.0,1,1,1
6358,671,10,1,2,0,2,0,0,0,5.0,0.0,1,1,1
6359,671,11,1,1,0,2,1,1,0,6.0,0.0,1,1,1
6360,671,12,1,1,0,2,1,0,1,1.0,0.0,1,1,1
6361,671,13,1,2,0,2,0,1,0,1.0,0.0,1,1,0
6362,671,14,1,2,0,2,0,1,0,4.0,-1.0,1,0,0
6363,671,15,1,0,0,1,1,0,0,,-1.0,1,0,None
6364,672,0,1,1,1,4,0,0,0,1.0,-1.0,1,0,0
6365,672,1,1,2,0,4,0,1,0,,-1.0,1,0,None
6366,673,0,1,1,0,2,0,0,0,5.0,0.0,1,1,0
6367,673,1,1,2,0,2,1,1,0,0.0,-1.0,1,0,0
6368,673,2,1,2,0,1,0,0,0,,-1.0,1,0,None
6369,674,0,1,0,1,3,0,0,0,6.0,0.0,1,1,1
6370,674,1,1,0,1,3,1,0,1,6.0,0.0,1,1,1
6371,674,2,1,0,1,3,1,0,1,3.0,0.0,1,1,1
6372,674,3,1,2,1,3,0,1,1,2.0,0.0,1,1,1
6373,674,4,1,2,1,3,0,0,1,6.0,0.0,1,1,1
6374,674,5,1,2,1,2,1,0,1,1.0,0.0,1,1,1
6375,674,6,1,2,1,3,0,1,0,5.0,0.0,1,1,0
6376,674,7,1,2,1,3,1,1,0,5.0,-1.0,1,0,0
6377,674,8,1,2,0,3,1,1,0,,-1.0,1,0,None
6378,675,0,0,0,1,2,0,0,0,3.0,0.0,1,1,1
6379,675,1,0,0,1,2,0,1,1,4.0,0.0,1,1,1
6380,675,2,0,0,1,2,1,0,0,4.0,0.0,1,1,1
6381,675,3,0,0,1,2,1,0,0,0.0,0.0,1,1,0
6382,675,4,0,0,1,2,0,0,0,0.0,-1.0,1,0,0
6383,675,5,0,0,1,1,0,0,0,,-1.0,1,0,None
6384,676,0,0,1,1,0,0,0,0,6.0,0.0,1,1,0
6385,676,1,0,1,1,0,1,0,1,7.0,-1.0,1,0,0
6386,676,2,0,2,1,0,1,1,1,,-1.0,1,0,None
6387,677,0,1,0,1,2,0,0,0,4.0,0.0,1,1,1
6388,677,1,1,0,1,2,1,0,0,5.0,0.0,1,1,1
6389,677,2,1,1,1,2,1,1,0,4.0,0.0,1,1,1
6390,677,3,1,1,1,2,1,0,0,7.0,0.0,1,1,1
6391,677,4,1,1,1,2,1,1,1,4.0,0.0,1,1,2
6392,677,5,1,1,1,2,1,0,0,0.0,1.0,1,2,2
6393,677,6,1,1,1,2,0,0,0,,1.0,1,2,None
6394,678,0,1,1,1,1,0,0,0,2.0,0.0,1,1,1
6395,678,1,1,1,1,2,0,0,1,6.0,0.0,1,1,1
6396,678,2,1,1,1,1,1,0,1,7.0,0.0,1,1,1
6397,678,3,1,1,1,1,1,1,1,0.0,0.0,1,1,1
6398,678,4,1,1,1,0,0,0,0,1.0,0.0,1,1,1
6399,678,5,1,2,1,1,0,1,0,0.0,0.0,1,1,1
6400,678,6,1,2,1,1,0,0,0,2.0,0.0,1,1,1
6401,678,7,1,2,1,2,0,0,1,4.0,0.0,1,1,1
6402,678,8,1,2,1,1,1,0,0,3.0,0.0,1,1,1
6403,678,9,1,2,1,2,0,1,1,2.0,0.0,1,1,1
6404,678,10,1,2,1,3,0,0,1,6.0,0.0,1,1,1
6405,678,11,1,2,1,4,1,0,1,2.0,0.0,1,1,1
6406,678,12,1,2,1,4,0,0,1,0.0,0.0,1,1,1
6407,678,13,1,1,1,4,0,0,0,5.0,0.0,1,1,0
6408,678,14,1,2,1,4,1,1,0,1.0,-1.0,1,0,0
6409,678,15,1,2,0,4,0,1,0,,-1.0,1,0,None
6410,679,0,1,1,1,4,0,0,0,4.0,0.0,1,1,1
6411,679,1,1,1,1,4,1,0,0,0.0,0.0,1,1,1
6412,679,2,1,1,1,4,0,0,0,2.0,0.0,1,1,1
6413,679,3,1,1,1,4,0,0,1,1.0,0.0,1,1,1
6414,679,4,1,2,1,4,0,1,0,1.0,0.0,1,1,1
6415,679,5,1,2,1,4,0,1,0,5.0,0.0,1,1,1
6416,679,6,1,2,1,4,1,1,0,5.0,0.0,1,1,1
6417,679,7,1,2,1,4,1,1,0,6.0,0.0,1,1,1
6418,679,8,1,1,1,4,1,0,1,5.0,0.0,1,1,1
6419,679,9,1,2,1,4,1,1,0,5.0,0.0,1,1,1
6420,679,10,1,2,1,4,1,1,0,4.0,0.0,1,1,1
6421,679,11,1,2,1,4,1,0,0,7.0,0.0,1,1,1
6422,679,12,1,2,1,4,1,1,1,3.0,0.0,1,1,1
6423,679,13,1,2,1,4,0,1,1,0.0,0.0,1,1,1
6424,679,14,1,2,1,4,0,0,0,3.0,0.0,1,1,1
6425,679,15,1,2,1,4,0,1,1,2.0,0.0,1,1,0
6426,679,16,1,2,1,1,0,0,1,1.0,-1.0,1,0,0
6427,679,17,1,2,0,1,0,1,0,,-1.0,1,0,None
6428,680,0,1,2,1,0,0,0,0,1.0,-1.0,1,0,0
6429,680,1,1,2,0,0,0,1,0,,-1.0,1,0,None
6430,681,0,1,2,0,2,0,0,0,6.0,0.0,1,1,1
6431,681,1,1,1,0,2,1,0,1,6.0,0.0,1,1,1
6432,681,2,1,1,1,2,1,0,1,3.0,0.0,1,1,1
6433,681,3,2,2,1,2,0,1,1,6.0,0.0,1,1,1
6434,681,4,1,1,1,2,1,0,1,5.0,0.0,1,1,1
6435,681,5,1,2,1,2,1,1,0,5.0,0.0,1,1,1
6436,681,6,1,2,1,2,1,1,0,0.0,0.0,1,1,1
6437,681,7,1,2,0,2,0,0,0,7.0,0.0,1,1,1
6438,681,8,1,2,1,2,1,1,1,0.0,0.0,1,1,1
6439,681,9,1,2,1,2,0,0,0,0.0,0.0,1,1,1
6440,681,10,1,2,1,2,0,0,0,0.0,0.0,1,1,1
6441,681,11,1,2,1,2,0,0,0,5.0,0.0,1,1,1
6442,681,12,1,2,1,2,1,1,0,2.0,0.0,1,1,1
6443,681,13,1,2,1,2,0,0,1,3.0,0.0,1,1,1
6444,681,14,1,2,1,2,0,1,1,4.0,0.0,1,1,1
6445,681,15,1,1,1,2,1,0,0,7.0,0.0,1,1,1
6446,681,16,1,2,1,2,1,1,1,0.0,0.0,1,1,1
6447,681,17,1,2,1,2,0,0,0,7.0,0.0,1,1,1
6448,681,18,1,2,1,2,1,1,1,0.0,0.0,1,1,1
6449,681,19,1,2,1,1,0,0,0,5.0,0.0,1,1,1
6450,681,20,1,2,1,1,1,1,0,,0.0,1,1,None
6451,682,0,0,1,1,3,0,0,0,0.0,-1.0,1,0,0
6452,682,1,0,2,1,3,0,0,0,,-1.0,1,0,None
6453,683,0,0,1,1,2,0,0,0,0.0,0.0,1,1,1
6454,683,1,0,1,1,2,0,0,0,2.0,0.0,1,1,1
6455,683,2,0,1,1,2,0,0,1,4.0,0.0,1,1,1
6456,683,3,0,1,1,2,1,0,0,1.0,0.0,1,1,1
6457,683,4,0,2,1,2,0,1,0,5.0,0.0,1,1,1
6458,683,5,0,2,1,2,1,1,0,3.0,0.0,1,1,1
6459,683,6,0,2,1,2,0,1,1,6.0,0.0,1,1,1
6460,683,7,0,1,1,2,1,0,1,0.0,0.0,1,1,1
6461,683,8,0,1,1,2,0,0,0,4.0,0.0,1,1,0
6462,683,9,0,1,0,2,1,0,0,5.0,-1.0,1,0,0
6463,683,10,0,2,0,2,1,1,0,,-1.0,1,0,None
6464,684,0,2,1,0,2,0,0,0,2.0,0.0,1,1,1
6465,684,1,1,1,1,2,0,0,1,1.0,0.0,1,1,1
6466,684,2,1,1,1,2,0,1,0,1.0,0.0,1,1,0
6467,684,3,0,2,1,2,0,1,0,0.0,-1.0,1,0,0
6468,684,4,0,2,0,1,0,0,0,,-1.0,1,0,None
6469,685,0,1,2,1,2,0,0,0,1.0,0.0,1,1,1
6470,685,1,0,2,1,2,0,1,0,3.0,0.0,1,1,1
6471,685,2,0,2,1,2,0,1,1,5.0,0.0,1,1,1
6472,685,3,0,1,1,2,1,1,0,0.0,0.0,1,1,1
6473,685,4,0,1,1,2,0,0,0,7.0,0.0,1,1,1
6474,685,5,0,2,1,2,1,1,1,1.0,0.0,1,1,1
6475,685,6,0,2,1,2,0,1,0,3.0,0.0,1,1,1
6476,685,7,0,2,1,2,0,1,1,2.0,0.0,1,1,1
6477,685,8,0,2,1,2,0,0,1,2.0,0.0,1,1,1
6478,685,9,0,2,1,2,0,0,1,2.0,0.0,1,1,1
6479,685,10,0,1,1,2,0,0,1,2.0,0.0,1,1,1
6480,685,11,0,1,1,2,0,0,1,7.0,0.0,1,1,1
6481,685,12,0,2,1,2,1,1,1,4.0,0.0,1,1,1
6482,685,13,0,2,1,2,1,0,0,4.0,0.0,1,1,1
6483,685,14,0,2,1,2,1,0,0,6.0,0.0,1,1,1
6484,685,15,0,1,1,2,1,0,1,7.0,0.0,1,1,1
6485,685,16,0,2,1,2,1,1,1,0.0,0.0,1,1,1
6486,685,17,0,2,1,2,0,0,0,1.0,0.0,1,1,1
6487,685,18,0,2,1,2,0,1,0,4.0,0.0,1,1,1
6488,685,19,0,1,1,2,1,0,0,7.0,0.0,1,1,1
6489,685,20,0,1,1,2,1,1,1,,0.0,1,1,None
6490,686,0,1,2,1,2,0,0,0,2.0,0.0,1,1,1
6491,686,1,1,2,1,2,0,0,1,2.0,0.0,1,1,1
6492,686,2,1,2,1,2,0,0,1,5.0,0.0,1,1,1
6493,686,3,1,2,1,2,1,1,0,3.0,0.0,1,1,1
6494,686,4,1,2,1,2,0,1,1,2.0,0.0,1,1,1
6495,686,5,1,2,1,2,0,0,1,6.0,0.0,1,1,1
6496,686,6,1,2,1,2,1,0,1,0.0,0.0,1,1,1
6497,686,7,1,2,1,2,0,0,0,4.0,0.0,1,1,1
6498,686,8,1,2,0,2,1,0,0,1.0,0.0,1,1,1
6499,686,9,1,2,0,2,0,1,0,3.0,0.0,1,1,1
6500,686,10,1,2,1,2,0,1,1,5.0,0.0,1,1,1
6501,686,11,1,2,1,2,1,1,0,4.0,0.0,1,1,1
6502,686,12,1,2,0,2,1,0,0,4.0,0.0,1,1,1
6503,686,13,1,2,0,2,1,0,0,5.0,0.0,1,1,1
6504,686,14,1,2,0,2,1,1,0,2.0,0.0,1,1,1
6505,686,15,1,2,1,2,0,0,1,4.0,0.0,1,1,1
6506,686,16,1,2,1,2,1,0,0,6.0,0.0,1,1,1
6507,686,17,1,1,1,2,1,0,1,1.0,0.0,1,1,1
6508,686,18,1,2,1,2,0,1,0,4.0,0.0,1,1,1
6509,686,19,1,2,1,2,1,0,0,6.0,0.0,1,1,1
6510,686,20,1,1,1,2,1,0,1,,0.0,1,1,None
6511,687,0,1,1,0,2,0,0,0,3.0,0.0,1,1,1
6512,687,1,1,2,1,2,0,1,1,6.0,0.0,1,1,1
6513,687,2,1,2,1,2,1,0,1,6.0,0.0,1,1,1
6514,687,3,1,1,1,2,1,0,1,5.0,0.0,1,1,1
6515,687,4,1,2,1,2,1,1,0,7.0,0.0,1,1,1
6516,687,5,1,2,1,2,1,1,1,5.0,0.0,1,1,1
6517,687,6,1,2,1,2,1,1,0,5.0,0.0,1,1,1
6518,687,7,1,1,1,2,1,1,0,6.0,0.0,1,1,1
6519,687,8,1,1,1,1,1,0,1,2.0,0.0,1,1,1
6520,687,9,1,1,1,1,0,0,1,3.0,0.0,1,1,1
6521,687,10,1,1,1,1,0,1,1,0.0,0.0,1,1,1
6522,687,11,1,1,1,1,0,0,0,7.0,0.0,1,1,1
6523,687,12,1,2,1,1,1,1,1,4.0,0.0,1,1,1
6524,687,13,1,2,1,1,1,0,0,2.0,0.0,1,1,0
6525,687,14,1,2,1,1,0,0,1,1.0,-1.0,1,0,0
6526,687,15,2,2,1,1,0,1,0,,-1.0,1,0,None
6527,688,0,1,1,0,4,0,0,0,7.0,0.0,1,1,1
6528,688,1,1,2,1,4,1,1,1,7.0,0.0,1,1,1
6529,688,2,1,2,1,4,1,1,1,2.0,0.0,1,1,1
6530,688,3,1,2,1,4,0,0,1,4.0,0.0,1,1,1
6531,688,4,1,2,1,4,1,0,0,5.0,0.0,1,1,1
6532,688,5,1,2,1,4,1,1,0,1.0,0.0,1,1,1
6533,688,6,1,2,1,4,0,1,0,0.0,0.0,1,1,1
6534,688,7,1,2,1,4,0,0,0,5.0,0.0,1,1,1
6535,688,8,1,2,1,4,1,1,0,2.0,0.0,1,1,1
6536,688,9,1,2,1,4,0,0,1,7.0,0.0,1,1,1
6537,688,10,1,2,1,4,1,1,1,3.0,0.0,1,1,1
6538,688,11,1,2,1,4,0,1,1,4.0,0.0,1,1,1
6539,688,12,1,2,1,4,1,0,0,5.0,0.0,1,1,1
6540,688,13,1,2,1,4,1,1,0,2.0,0.0,1,1,1
6541,688,14,1,2,1,4,0,0,1,4.0,0.0,1,1,1
6542,688,15,1,1,1,4,1,0,0,5.0,0.0,1,1,1
6543,688,16,1,2,1,4,1,1,0,6.0,0.0,1,1,1
6544,688,17,1,1,1,4,1,0,1,3.0,0.0,1,1,1
6545,688,18,2,1,1,4,0,1,1,2.0,0.0,1,1,1
6546,688,19,2,1,1,4,0,0,1,5.0,0.0,1,1,1
6547,688,20,1,1,1,4,1,1,0,,0.0,1,1,None
6548,689,0,1,2,1,2,0,0,0,1.0,0.0,1,1,1
6549,689,1,0,2,1,2,0,1,0,6.0,0.0,1,1,1
6550,689,2,0,1,1,2,1,0,1,0.0,0.0,1,1,1
6551,689,3,0,1,1,2,0,0,0,7.0,0.0,1,1,0
6552,689,4,0,2,1,2,1,1,1,6.0,-1.0,1,0,0
6553,689,5,0,2,1,1,1,0,1,,-1.0,1,0,None
6554,690,0,1,1,0,0,0,0,0,7.0,-1.0,1,0,0
6555,690,1,1,2,0,0,1,1,1,,-1.0,1,0,None
6556,691,0,0,1,1,3,0,0,0,3.0,-1.0,1,0,0
6557,691,1,0,2,1,3,0,1,1,,-1.0,1,0,None
6558,692,0,0,1,1,2,0,0,0,4.0,0.0,1,1,1
6559,692,1,0,1,1,2,1,0,0,2.0,0.0,1,1,1
6560,692,2,0,1,1,1,0,0,1,1.0,0.0,1,1,1
6561,692,3,0,1,1,1,0,1,0,0.0,0.0,1,1,1
6562,692,4,0,1,1,1,0,0,0,4.0,0.0,1,1,1
6563,692,5,0,1,1,1,1,0,0,6.0,0.0,1,1,1
6564,692,6,0,1,1,0,1,0,1,0.0,0.0,1,1,0
6565,692,7,0,1,1,0,0,0,0,5.0,-1.0,1,0,0
6566,692,8,0,2,1,0,1,1,0,,-1.0,1,0,None
6567,693,0,1,1,0,4,0,0,0,3.0,0.0,1,1,1
6568,693,1,1,1,1,4,0,1,1,0.0,0.0,1,1,0
6569,693,2,2,1,1,4,0,0,0,5.0,-1.0,1,0,0
6570,693,3,2,2,1,4,1,1,0,,-1.0,1,0,None
6571,694,0,1,1,0,1,0,0,0,7.0,0.0,1,1,1
6572,694,1,1,1,0,1,1,1,1,0.0,0.0,1,1,0
6573,694,2,1,1,0,0,0,0,0,0.0,-1.0,1,0,0
6574,694,3,1,2,0,0,0,0,0,,-1.0,1,0,None
6575,695,0,0,1,1,4,0,0,0,1.0,-1.0,1,0,0
6576,695,1,0,2,1,4,0,1,0,,-1.0,1,0,None
6577,696,0,1,2,1,2,0,0,0,4.0,0.0,1,1,1
6578,696,1,1,1,1,2,1,0,0,2.0,0.0,1,1,1
6579,696,2,2,1,1,2,0,0,1,6.0,0.0,1,1,1
6580,696,3,1,1,1,2,1,0,1,1.0,0.0,1,1,1
6581,696,4,1,1,1,2,0,1,0,7.0,0.0,1,1,1
6582,696,5,1,2,1,2,1,1,1,4.0,0.0,1,1,1
6583,696,6,1,2,1,2,1,0,0,4.0,0.0,1,1,1
6584,696,7,1,2,0,2,1,0,0,1.0,0.0,1,1,1
6585,696,8,1,2,0,2,0,1,0,6.0,0.0,1,1,1
6586,696,9,1,1,0,2,1,0,1,1.0,0.0,1,1,1
6587,696,10,1,2,0,2,0,1,0,6.0,0.0,1,1,1
6588,696,11,1,1,0,2,1,0,1,4.0,0.0,1,1,1
6589,696,12,1,1,0,2,1,0,0,4.0,0.0,1,1,1
6590,696,13,1,1,0,2,1,0,0,7.0,0.0,1,1,1
6591,696,14,1,2,1,2,1,1,1,6.0,0.0,1,1,1
6592,696,15,1,1,1,1,1,0,1,6.0,0.0,1,1,1
6593,696,16,1,1,1,0,1,0,1,6.0,0.0,1,1,1
6594,696,17,1,1,1,0,1,0,1,2.0,0.0,1,1,1
6595,696,18,1,2,1,0,0,0,1,0.0,0.0,1,1,1
6596,696,19,1,2,1,0,0,0,0,6.0,0.0,1,1,1
6597,696,20,1,1,1,0,1,0,1,,0.0,1,1,None
6598,697,0,1,2,1,2,0,0,0,2.0,0.0,1,1,1
6599,697,1,1,2,1,2,0,0,1,0.0,0.0,1,1,0
6600,697,2,2,2,1,2,0,0,0,2.0,-1.0,1,0,0
6601,697,3,2,2,1,1,0,0,1,,-1.0,1,0,None
6602,698,0,2,1,1,2,0,0,0,4.0,0.0,1,1,0
6603,698,1,2,1,1,2,1,0,0,3.0,-1.0,1,0,0
6604,698,2,2,2,1,3,0,1,1,,-1.0,1,0,None
6605,699,0,1,2,1,3,0,0,0,2.0,0.0,1,1,1
6606,699,1,1,2,1,4,0,0,1,6.0,0.0,1,1,1
6607,699,2,1,2,1,3,1,0,1,6.0,0.0,1,1,1
6608,699,3,1,2,1,4,1,0,1,5.0,0.0,1,1,1
6609,699,4,1,2,1,4,1,1,0,3.0,0.0,1,1,0
6610,699,5,1,2,1,4,0,1,1,3.0,-1.0,1,0,0
6611,699,6,0,2,1,4,0,1,1,,-1.0,1,0,None
6612,700,0,2,1,1,2,0,0,0,5.0,0.0,1,1,1
6613,700,1,1,2,1,2,1,1,0,6.0,0.0,1,1,1
6614,700,2,1,1,1,2,1,0,1,6.0,0.0,1,1,1
6615,700,3,1,1,1,2,1,0,1,5.0,0.0,1,1,1
6616,700,4,1,2,0,2,1,1,0,3.0,0.0,1,1,1
6617,700,5,1,2,1,2,0,1,1,4.0,0.0,1,1,1
6618,700,6,1,2,1,1,1,0,0,1.0,0.0,1,1,1
6619,700,7,1,2,1,1,0,1,0,2.0,0.0,1,1,1
6620,700,8,1,2,1,1,0,0,1,5.0,0.0,1,1,1
6621,700,9,1,2,1,1,1,1,0,3.0,0.0,1,1,1
6622,700,10,1,2,1,1,0,1,1,2.0,0.0,1,1,1
6623,700,11,1,1,1,1,0,0,1,2.0,0.0,1,1,1
6624,700,12,1,1,1,0,0,0,1,0.0,0.0,1,1,1
6625,700,13,0,1,1,0,0,0,0,5.0,0.0,1,1,1
6626,700,14,0,1,1,0,1,1,0,6.0,0.0,1,1,0
6627,700,15,0,1,1,0,1,0,1,5.0,-1.0,1,0,0
6628,700,16,0,2,1,0,1,1,0,,-1.0,1,0,None
6629,701,0,1,2,1,2,0,0,0,3.0,0.0,1,1,1
6630,701,1,2,2,1,2,0,1,1,7.0,0.0,1,1,1
6631,701,2,2,2,1,2,1,1,1,5.0,0.0,1,1,1
6632,701,3,1,1,1,2,1,1,0,2.0,0.0,1,1,1
6633,701,4,1,1,1,2,0,0,1,4.0,0.0,1,1,1
6634,701,5,1,1,1,2,1,0,0,6.0,0.0,1,1,1
6635,701,6,1,1,1,2,1,0,1,7.0,0.0,1,1,1
6636,701,7,1,2,1,2,1,1,1,3.0,0.0,1,1,1
6637,701,8,1,2,1,2,0,1,1,4.0,0.0,1,1,1
6638,701,9,1,2,0,2,1,0,0,5.0,0.0,1,1,1
6639,701,10,1,2,0,2,1,1,0,3.0,0.0,1,1,1
6640,701,11,1,2,1,2,0,1,1,5.0,0.0,1,1,1
6641,701,12,1,1,1,2,1,1,0,4.0,0.0,1,1,1
6642,701,13,1,1,1,2,1,0,0,3.0,0.0,1,1,1
6643,701,14,1,2,1,2,0,1,1,3.0,0.0,1,1,1
6644,701,15,1,2,1,2,0,1,1,1.0,0.0,1,1,1
6645,701,16,1,2,1,2,0,1,0,7.0,0.0,1,1,1
6646,701,17,1,2,1,2,1,1,1,3.0,0.0,1,1,1
6647,701,18,1,2,1,2,0,1,1,0.0,0.0,1,1,1
6648,701,19,1,2,1,1,0,0,0,2.0,0.0,1,1,1
6649,701,20,1,2,1,1,0,0,1,,0.0,1,1,None
6650,702,0,2,1,1,0,0,0,0,4.0,0.0,1,1,0
6651,702,1,2,1,1,0,1,0,0,3.0,-1.0,1,0,0
6652,702,2,2,2,1,0,0,1,1,,-1.0,1,0,None
6653,703,0,1,1,0,3,0,0,0,6.0,0.0,1,1,1
6654,703,1,1,1,1,2,1,0,1,0.0,0.0,1,1,1
6655,703,2,1,1,1,1,0,0,0,6.0,0.0,1,1,1
6656,703,3,1,1,1,2,1,0,1,3.0,0.0,1,1,0
6657,703,4,1,1,1,2,0,1,1,1.0,-1.0,1,0,0
6658,703,5,2,2,1,3,0,1,0,,-1.0,1,0,None
6659,704,0,2,1,1,2,0,0,0,6.0,0.0,1,1,1
6660,704,1,2,1,1,1,1,0,1,4.0,0.0,1,1,1
6661,704,2,1,1,1,1,1,0,0,7.0,0.0,1,1,1
6662,704,3,1,2,1,2,1,1,1,4.0,0.0,1,1,1
6663,704,4,1,2,1,2,1,0,0,0.0,0.0,1,1,1
6664,704,5,1,2,1,1,0,0,0,5.0,0.0,1,1,1
6665,704,6,1,2,1,1,1,1,0,5.0,0.0,1,1,0
6666,704,7,1,2,1,1,1,1,0,1.0,-1.0,1,0,0
6667,704,8,1,2,0,1,0,1,0,,-1.0,1,0,None
6668,705,0,0,1,1,3,0,0,0,6.0,0.0,1,1,0
6669,705,1,0,1,1,3,1,0,1,3.0,-1.0,1,0,0
6670,705,2,0,2,1,3,0,1,1,,-1.0,1,0,None
6671,706,0,2,2,1,2,0,0,0,2.0,-1.0,1,0,0
6672,706,1,2,2,1,1,0,0,1,,-1.0,1,0,None
6673,707,0,1,0,0,2,0,0,0,5.0,0.0,1,1,1
6674,707,1,1,1,0,2,1,1,0,3.0,0.0,1,1,1
6675,707,2,1,1,1,2,0,1,1,6.0,0.0,1,1,1
6676,707,3,1,1,1,1,1,0,1,2.0,0.0,1,1,1
6677,707,4,1,1,1,1,0,0,1,6.0,0.0,1,1,0
6678,707,5,1,1,1,1,1,0,1,5.0,-1.0,1,0,0
6679,707,6,1,2,0,1,1,1,0,,-1.0,1,0,None
6680,708,0,1,1,1,3,0,0,0,0.0,0.0,1,1,1
6681,708,1,1,1,1,4,0,0,0,2.0,0.0,1,1,1
6682,708,2,1,1,1,3,0,0,1,1.0,0.0,1,1,1
6683,708,3,1,2,1,3,0,1,0,7.0,0.0,1,1,1
6684,708,4,1,2,1,3,1,1,1,7.0,0.0,1,1,1
6685,708,5,1,1,1,4,1,1,1,1.0,0.0,1,1,1
6686,708,6,1,2,1,4,0,1,0,6.0,0.0,1,1,1
6687,708,7,1,1,1,4,1,0,1,6.0,0.0,1,1,1
6688,708,8,1,1,1,3,1,0,1,1.0,0.0,1,1,1
6689,708,9,1,2,1,3,0,1,0,4.0,0.0,1,1,0
6690,708,10,1,2,1,3,1,0,0,5.0,-1.0,1,0,0
6691,708,11,1,2,0,4,1,1,0,,-1.0,1,0,None
6692,709,0,2,0,1,2,0,0,0,1.0,0.0,1,1,1
6693,709,1,2,0,1,2,0,1,0,0.0,0.0,1,1,1
6694,709,2,2,0,1,2,0,0,0,1.0,0.0,1,1,0
6695,709,3,2,0,1,2,0,1,0,2.0,-1.0,1,0,0
6696,709,4,2,0,1,1,0,0,1,,-1.0,1,0,None
6697,710,0,1,1,1,0,0,0,0,5.0,0.0,1,1,1
6698,710,1,1,1,1,0,1,1,0,2.0,0.0,1,1,1
6699,710,2,1,1,1,0,0,0,1,4.0,0.0,1,1,1
6700,710,3,1,1,1,0,1,0,0,2.0,0.0,1,1,1
6701,710,4,1,1,1,0,0,0,1,0.0,0.0,1,1,1
6702,710,5,1,1,1,1,0,0,0,4.0,0.0,1,1,1
6703,710,6,1,1,1,1,1,0,0,3.0,0.0,1,1,1
6704,710,7,1,2,1,1,0,1,1,5.0,0.0,1,1,1
6705,710,8,1,2,1,1,1,1,0,2.0,0.0,1,1,1
6706,710,9,1,2,1,1,0,0,1,4.0,0.0,1,1,1
6707,710,10,1,2,1,1,1,0,0,1.0,0.0,1,1,1
6708,710,11,1,2,1,1,0,1,0,6.0,0.0,1,1,1
6709,710,12,1,2,1,1,1,0,1,6.0,0.0,1,1,1
6710,710,13,1,1,1,1,1,0,1,5.0,0.0,1,1,1
6711,710,14,1,2,1,1,1,1,0,0.0,0.0,1,1,1
6712,710,15,1,2,1,1,0,0,0,1.0,0.0,1,1,1
6713,710,16,1,2,1,1,0,1,0,4.0,0.0,1,1,1
6714,710,17,1,1,1,1,1,0,0,1.0,0.0,1,1,0
6715,710,18,2,1,1,1,0,1,0,4.0,-1.0,1,0,0
6716,710,19,2,0,1,1,1,0,0,,-1.0,1,0,None
6717,711,0,1,1,1,1,0,0,0,4.0,0.0,1,1,1
6718,711,1,1,1,1,2,1,0,0,4.0,0.0,1,1,1
6719,711,2,1,1,0,3,1,0,0,0.0,0.0,1,1,0
6720,711,3,1,1,0,3,0,0,0,5.0,-1.0,1,0,0
6721,711,4,1,2,0,3,1,1,0,,-1.0,1,0,None
6722,712,0,2,0,1,2,0,0,0,2.0,0.0,1,1,1
6723,712,1,2,0,1,2,0,0,1,6.0,0.0,1,1,1
6724,712,2,1,0,1,2,1,0,1,5.0,0.0,1,1,1
6725,712,3,1,0,1,2,1,1,0,2.0,0.0,1,1,1
6726,712,4,1,0,1,2,0,0,1,1.0,0.0,1,1,1
6727,712,5,1,1,1,2,0,1,0,3.0,0.0,1,1,1
6728,712,6,1,2,1,2,0,1,1,3.0,0.0,1,1,1
6729,712,7,1,2,1,2,0,1,1,5.0,0.0,1,1,1
6730,712,8,1,2,1,2,1,1,0,5.0,0.0,1,1,1
6731,712,9,1,2,1,2,1,1,0,1.0,0.0,1,1,1
6732,712,10,1,2,1,2,0,1,0,7.0,0.0,1,1,0
6733,712,11,1,1,1,2,1,1,1,0.0,-1.0,1,0,0
6734,712,12,2,2,0,1,0,0,0,,-1.0,1,0,None
6735,713,0,1,2,1,2,0,0,0,3.0,0.0,1,1,1
6736,713,1,1,2,1,2,0,1,1,1.0,0.0,1,1,1
6737,713,2,1,2,1,2,0,1,0,4.0,0.0,1,1,1
6738,713,3,1,2,1,2,1,0,0,5.0,0.0,1,1,1
6739,713,4,1,2,0,2,1,1,0,2.0,0.0,1,1,1
6740,713,5,1,2,1,1,0,0,1,3.0,0.0,1,1,1
6741,713,6,1,2,1,1,0,1,1,6.0,0.0,1,1,1
6742,713,7,1,1,1,1,1,0,1,4.0,0.0,1,1,1
6743,713,8,1,1,1,0,1,0,0,2.0,0.0,1,1,1
6744,713,9,1,1,1,0,0,0,1,2.0,0.0,1,1,1
6745,713,10,1,1,1,0,0,0,1,3.0,0.0,1,1,1
6746,713,11,1,2,1,0,0,1,1,0.0,0.0,1,1,1
6747,713,12,1,1,1,0,0,0,0,5.0,0.0,1,1,0
6748,713,13,1,2,1,0,1,1,0,4.0,-1.0,1,0,0
6749,713,14,1,2,0,0,1,0,0,,-1.0,1,0,None
6750,714,0,1,2,1,3,0,0,0,7.0,0.0,1,1,1
6751,714,1,1,2,1,4,1,1,1,7.0,0.0,1,1,1
6752,714,2,1,2,1,4,1,1,1,0.0,0.0,1,1,1
6753,714,3,1,2,1,4,0,0,0,3.0,0.0,1,1,0
6754,714,4,1,2,1,4,0,1,1,5.0,-1.0,1,0,0
6755,714,5,1,2,0,4,1,1,0,,-1.0,1,0,None
6756,715,0,1,2,1,2,0,0,0,4.0,0.0,1,1,1
6757,715,1,1,2,1,1,1,0,0,2.0,0.0,1,1,1
6758,715,2,1,2,1,0,0,0,1,7.0,0.0,1,1,1
6759,715,3,1,2,1,0,1,1,1,4.0,0.0,1,1,1
6760,715,4,1,1,1,0,1,0,0,2.0,0.0,1,1,1
6761,715,5,1,1,1,1,0,0,1,5.0,0.0,1,1,1
6762,715,6,1,2,1,2,1,1,0,5.0,0.0,1,1,1
6763,715,7,1,2,1,3,1,1,0,2.0,0.0,1,1,1
6764,715,8,2,2,1,2,0,0,1,0.0,0.0,1,1,0
6765,715,9,2,2,1,2,0,0,0,7.0,-1.0,1,0,0
6766,715,10,2,2,1,3,1,1,1,,-1.0,1,0,None
6767,716,0,1,2,1,1,0,0,0,2.0,0.0,1,1,1
6768,716,1,1,2,1,1,0,0,1,7.0,0.0,1,1,1
6769,716,2,1,2,1,1,1,1,1,7.0,0.0,1,1,1
6770,716,3,1,2,1,1,1,1,1,3.0,0.0,1,1,1
6771,716,4,1,2,1,1,0,1,1,2.0,0.0,1,1,1
6772,716,5,1,2,1,0,0,0,1,5.0,0.0,1,1,1
6773,716,6,1,2,1,0,1,1,0,6.0,0.0,1,1,1
6774,716,7,1,1,1,1,1,0,1,5.0,0.0,1,1,1
6775,716,8,1,2,1,1,1,1,0,3.0,0.0,1,1,1
6776,716,9,1,2,1,1,0,1,1,4.0,0.0,1,1,1
6777,716,10,1,1,1,1,1,0,0,0.0,0.0,1,1,1
6778,716,11,1,1,1,1,0,0,0,0.0,0.0,1,1,0
6779,716,12,0,1,1,1,0,0,0,0.0,-1.0,1,0,0
6780,716,13,0,2,1,1,0,0,0,,-1.0,1,0,None
6781,717,0,2,1,1,2,0,0,0,6.0,0.0,1,1,1
6782,717,1,2,1,1,2,1,0,1,3.0,0.0,1,1,1
6783,717,2,2,2,1,2,0,1,1,5.0,0.0,1,1,0
6784,717,3,2,2,1,2,1,1,0,1.0,-1.0,1,0,0
6785,717,4,2,2,0,2,0,1,0,,-1.0,1,0,None
6786,718,0,2,1,1,2,0,0,0,3.0,0.0,1,1,1
6787,718,1,2,2,1,2,0,1,1,7.0,0.0,1,1,1
6788,718,2,1,2,1,2,1,1,1,0.0,0.0,1,1,1
6789,718,3,1,2,1,2,0,0,0,5.0,0.0,1,1,1
6790,718,4,1,2,1,2,1,1,0,4.0,0.0,1,1,1
6791,718,5,1,2,1,1,1,0,0,6.0,0.0,1,1,1
6792,718,6,1,1,1,1,1,0,1,6.0,0.0,1,1,1
6793,718,7,1,1,1,1,1,0,1,5.0,0.0,1,1,1
6794,718,8,1,1,1,1,1,1,0,0.0,0.0,1,1,1
6795,718,9,1,1,1,1,0,0,0,0.0,0.0,1,1,1
6796,718,10,1,1,1,1,0,0,0,6.0,0.0,1,1,1
6797,718,11,1,1,1,0,1,0,1,1.0,0.0,1,1,1
6798,718,12,1,1,1,0,0,1,0,6.0,0.0,1,1,1
6799,718,13,1,1,1,1,1,0,1,6.0,0.0,1,1,1
6800,718,14,1,1,1,1,1,0,1,2.0,0.0,1,1,1
6801,718,15,1,1,1,1,0,0,1,5.0,0.0,1,1,1
6802,718,16,1,1,1,1,1,1,0,7.0,0.0,1,1,1
6803,718,17,1,1,1,1,1,1,1,3.0,0.0,1,1,1
6804,718,18,1,1,1,1,0,1,1,6.0,0.0,1,1,1
6805,718,19,1,1,1,1,1,0,1,2.0,0.0,1,1,1
6806,718,20,1,1,1,1,0,0,1,,0.0,1,1,None
6807,719,0,1,1,1,3,0,0,0,4.0,0.0,1,1,1
6808,719,1,1,1,1,2,1,0,0,7.0,0.0,1,1,1
6809,719,2,1,2,1,2,1,1,1,4.0,0.0,1,1,1
6810,719,3,1,2,1,2,1,0,0,2.0,0.0,1,1,1
6811,719,4,1,2,1,2,0,0,1,5.0,0.0,1,1,1
6812,719,5,1,2,1,3,1,1,0,1.0,0.0,1,1,1
6813,719,6,1,2,1,3,0,1,0,7.0,0.0,1,1,1
6814,719,7,1,2,1,4,1,1,1,7.0,0.0,1,1,1
6815,719,8,1,2,1,4,1,1,1,5.0,0.0,1,1,1
6816,719,9,1,2,1,4,1,1,0,0.0,0.0,1,1,1
6817,719,10,1,2,1,4,0,0,0,5.0,0.0,1,1,1
6818,719,11,1,2,1,4,1,1,0,4.0,0.0,1,1,1
6819,719,12,1,2,1,3,1,0,0,7.0,0.0,1,1,1
6820,719,13,1,2,1,3,1,1,1,5.0,0.0,1,1,1
6821,719,14,1,2,1,4,1,1,0,1.0,0.0,1,1,1
6822,719,15,1,2,1,4,0,1,0,6.0,0.0,1,1,1
6823,719,16,1,1,1,4,1,0,1,1.0,0.0,1,1,1
6824,719,17,1,1,1,4,0,1,0,7.0,0.0,1,1,1
6825,719,18,1,2,1,4,1,1,1,2.0,0.0,1,1,1
6826,719,19,1,2,1,4,0,0,1,2.0,0.0,1,1,1
6827,719,20,1,2,1,4,0,0,1,,0.0,1,1,None
6828,720,0,0,2,1,2,0,0,0,1.0,0.0,1,1,1
6829,720,1,1,2,1,2,0,1,0,3.0,0.0,1,1,1
6830,720,2,1,2,1,2,0,1,1,6.0,0.0,1,1,1
6831,720,3,1,1,1,2,1,0,1,3.0,0.0,1,1,1
6832,720,4,1,1,1,2,0,1,1,0.0,0.0,1,1,1
6833,720,5,0,1,1,1,0,0,0,0.0,0.0,1,1,0
6834,720,6,0,1,1,1,0,0,0,5.0,-1.0,1,0,0
6835,720,7,0,2,1,1,1,1,0,,-1.0,1,0,None
6836,721,0,0,1,1,2,0,0,0,3.0,0.0,1,1,1
6837,721,1,0,2,1,2,0,1,1,5.0,0.0,1,1,1
6838,721,2,0,2,1,2,1,1,0,4.0,0.0,1,1,0
6839,721,3,0,2,1,2,1,0,0,4.0,-1.0,1,0,0
6840,721,4,0,2,1,1,1,0,0,,-1.0,1,0,None
6841,722,0,2,2,1,2,0,0,0,0.0,0.0,1,1,1
6842,722,1,1,2,1,2,0,0,0,0.0,0.0,1,1,1
6843,722,2,1,2,1,2,0,0,0,3.0,0.0,1,1,1
6844,722,3,1,2,1,2,0,1,1,3.0,0.0,1,1,1
6845,722,4,1,2,1,2,0,1,1,1.0,0.0,1,1,1
6846,722,5,2,2,1,2,0,1,0,2.0,0.0,1,1,1
6847,722,6,2,2,1,2,0,0,1,5.0,0.0,1,1,1
6848,722,7,1,2,1,2,1,1,0,7.0,0.0,1,1,1
6849,722,8,1,2,1,2,1,1,1,3.0,0.0,1,1,1
6850,722,9,1,2,1,2,0,1,1,0.0,0.0,1,1,1
6851,722,10,1,2,1,1,0,0,0,1.0,0.0,1,1,1
6852,722,11,1,2,1,1,0,1,0,3.0,0.0,1,1,1
6853,722,12,1,2,1,1,0,1,1,5.0,0.0,1,1,1
6854,722,13,1,2,1,1,1,1,0,5.0,0.0,1,1,1
6855,722,14,1,1,1,1,1,1,0,3.0,0.0,1,1,1
6856,722,15,1,2,1,1,0,1,1,3.0,0.0,1,1,1
6857,722,16,1,2,1,1,0,1,1,6.0,0.0,1,1,1
6858,722,17,1,1,1,1,1,0,1,4.0,0.0,1,1,1
6859,722,18,1,1,1,1,1,0,0,3.0,0.0,1,1,1
6860,722,19,1,2,1,1,0,1,1,3.0,0.0,1,1,1
6861,722,20,1,2,1,1,0,1,1,,0.0,1,1,None
6862,723,0,1,2,1,3,0,0,0,4.0,0.0,1,1,1
6863,723,1,1,2,1,3,1,0,0,2.0,0.0,1,1,1
6864,723,2,1,2,1,3,0,0,1,6.0,0.0,1,1,1
6865,723,3,1,1,1,3,1,0,1,5.0,0.0,1,1,1
6866,723,4,1,1,1,3,1,1,0,0.0,0.0,1,1,0
6867,723,5,1,2,1,3,0,0,0,1.0,-1.0,1,0,0
6868,723,6,0,2,1,3,0,1,0,,-1.0,1,0,None
6869,724,0,2,2,1,2,0,0,0,0.0,0.0,1,1,1
6870,724,1,2,2,1,2,0,0,0,2.0,0.0,1,1,1
6871,724,2,2,2,1,2,0,0,1,4.0,0.0,1,1,1
6872,724,3,2,1,1,2,1,0,0,7.0,0.0,1,1,1
6873,724,4,1,1,1,2,1,1,1,3.0,0.0,1,1,1
6874,724,5,1,2,1,2,0,1,1,3.0,0.0,1,1,1
6875,724,6,1,2,1,2,0,1,1,3.0,0.0,1,1,1
6876,724,7,1,2,1,2,0,1,1,2.0,0.0,1,1,1
6877,724,8,1,2,1,2,0,0,1,2.0,0.0,1,1,1
6878,724,9,1,2,1,2,0,0,1,6.0,0.0,1,1,1
6879,724,10,1,1,1,2,1,0,1,3.0,0.0,1,1,1
6880,724,11,1,1,1,2,0,1,1,3.0,0.0,1,1,1
6881,724,12,0,2,1,2,0,1,1,7.0,0.0,1,1,1
6882,724,13,0,2,1,2,1,1,1,1.0,0.0,1,1,1
6883,724,14,0,2,1,2,0,1,0,7.0,0.0,1,1,1
6884,724,15,0,1,1,2,1,1,1,4.0,0.0,1,1,1
6885,724,16,0,1,1,2,1,0,0,2.0,0.0,1,1,1
6886,724,17,0,1,1,2,0,0,1,2.0,0.0,1,1,1
6887,724,18,0,1,1,1,0,0,1,0.0,0.0,1,1,1
6888,724,19,0,1,1,0,0,0,0,1.0,0.0,1,1,1
6889,724,20,0,1,1,0,0,1,0,,0.0,1,1,None
6890,725,0,1,1,0,2,0,0,0,1.0,0.0,1,1,1
6891,725,1,1,1,0,2,0,1,0,0.0,0.0,1,1,1
6892,725,2,1,1,0,1,0,0,0,3.0,0.0,1,1,1
6893,725,3,1,1,0,1,0,1,1,5.0,0.0,1,1,1
6894,725,4,1,1,0,1,1,1,0,6.0,0.0,1,1,1
6895,725,5,1,1,1,1,1,0,1,4.0,0.0,1,1,1
6896,725,6,1,1,0,1,1,0,0,1.0,0.0,1,1,0
6897,725,7,1,1,0,1,0,1,0,1.0,-1.0,1,0,0
6898,725,8,1,2,0,1,0,1,0,,-1.0,1,0,None
6899,726,0,2,0,1,2,0,0,0,2.0,0.0,1,1,1
6900,726,1,2,0,1,2,0,0,1,1.0,0.0,1,1,1
6901,726,2,2,1,1,2,0,1,0,1.0,0.0,1,1,1
6902,726,3,2,2,1,2,0,1,0,7.0,0.0,1,1,1
6903,726,4,1,2,1,2,1,1,1,7.0,0.0,1,1,1
6904,726,5,1,1,1,2,1,1,1,7.0,0.0,1,1,1
6905,726,6,1,2,1,2,1,1,1,6.0,0.0,1,1,1
6906,726,7,1,1,1,2,1,0,1,6.0,0.0,1,1,1
6907,726,8,1,1,1,2,1,0,1,6.0,0.0,1,1,1
6908,726,9,1,1,1,2,1,0,1,5.0,0.0,1,1,0
6909,726,10,1,2,1,2,1,1,0,4.0,-1.0,1,0,0
6910,726,11,1,2,0,1,1,0,0,,-1.0,1,0,None
6911,727,0,2,0,1,2,0,0,0,4.0,0.0,1,1,1
6912,727,1,2,0,1,2,1,0,0,3.0,0.0,1,1,1
6913,727,2,2,1,1,2,0,1,1,2.0,0.0,1,1,1
6914,727,3,2,1,1,2,0,0,1,5.0,0.0,1,1,1
6915,727,4,1,2,1,2,1,1,0,3.0,0.0,1,1,1
6916,727,5,1,2,1,2,0,1,1,4.0,0.0,1,1,1
6917,727,6,1,1,1,2,1,0,0,1.0,0.0,1,1,1
6918,727,7,1,1,1,2,0,1,0,3.0,0.0,1,1,0
6919,727,8,0,2,1,2,0,1,1,2.0,-1.0,1,0,0
6920,727,9,0,2,1,1,0,0,1,,-1.0,1,0,None
6921,728,0,1,2,1,2,0,0,0,5.0,0.0,1,1,1
6922,728,1,1,1,1,2,1,1,0,6.0,0.0,1,1,1
6923,728,2,1,1,1,2,1,0,1,7.0,0.0,1,1,1
6924,728,3,1,2,1,2,1,1,1,4.0,0.0,1,1,1
6925,728,4,1,1,1,2,1,0,0,2.0,0.0,1,1,1
6926,728,5,1,2,1,2,0,0,1,6.0,0.0,1,1,1
6927,728,6,1,2,1,2,1,0,1,0.0,0.0,1,1,1
6928,728,7,1,2,1,2,0,0,0,6.0,0.0,1,1,1
6929,728,8,1,2,1,2,1,0,1,1.0,0.0,1,1,1
6930,728,9,1,2,1,2,0,1,0,4.0,0.0,1,1,1
6931,728,10,1,1,1,2,1,0,0,4.0,0.0,1,1,1
6932,728,11,1,1,1,2,1,0,0,3.0,0.0,1,1,1
6933,728,12,1,2,1,2,0,1,1,3.0,0.0,1,1,1
6934,728,13,1,2,1,2,0,1,1,5.0,0.0,1,1,1
6935,728,14,1,2,1,2,1,1,0,5.0,0.0,1,1,1
6936,728,15,1,1,1,2,1,1,0,7.0,0.0,1,1,1
6937,728,16,1,2,1,2,1,1,1,6.0,0.0,1,1,1
6938,728,17,1,2,1,2,1,0,1,2.0,0.0,1,1,1
6939,728,18,1,2,1,2,0,0,1,6.0,0.0,1,1,1
6940,728,19,1,1,1,2,1,0,1,5.0,0.0,1,1,1
6941,728,20,1,2,1,2,1,1,0,,0.0,1,1,None
6942,729,0,1,0,1,2,0,0,0,2.0,0.0,1,1,1
6943,729,1,2,0,1,2,0,0,1,2.0,0.0,1,1,1
6944,729,2,2,0,1,2,0,0,1,2.0,0.0,1,1,1
6945,729,3,1,0,1,2,0,0,1,7.0,0.0,1,1,1
6946,729,4,1,1,1,2,1,1,1,5.0,0.0,1,1,1
6947,729,5,1,2,1,2,1,1,0,4.0,0.0,1,1,1
6948,729,6,1,0,1,2,1,0,0,4.0,0.0,1,1,1
6949,729,7,1,0,1,2,1,0,0,0.0,0.0,1,1,1
6950,729,8,1,0,1,2,0,0,0,7.0,0.0,1,1,1
6951,729,9,1,1,1,2,1,1,1,5.0,0.0,1,1,1
6952,729,10,1,2,1,2,1,1,0,5.0,0.0,1,1,1
6953,729,11,1,2,1,2,1,1,0,6.0,0.0,1,1,1
6954,729,12,1,2,1,2,1,0,1,2.0,0.0,1,1,1
6955,729,13,1,2,1,2,0,0,1,0.0,0.0,1,1,1
6956,729,14,1,2,1,1,0,0,0,5.0,0.0,1,1,1
6957,729,15,1,2,1,1,1,1,0,3.0,0.0,1,1,1
6958,729,16,1,2,1,1,0,1,1,4.0,0.0,1,1,1
6959,729,17,1,1,1,1,1,0,0,0.0,0.0,1,1,1
6960,729,18,1,1,1,1,0,0,0,1.0,0.0,1,1,1
6961,729,19,1,1,1,1,0,1,0,6.0,0.0,1,1,1
6962,729,20,1,1,1,1,1,0,1,,0.0,1,1,None
6963,730,0,2,1,1,3,0,0,0,5.0,-1.0,1,0,0
6964,730,1,2,2,1,4,1,1,0,,-1.0,1,0,None
6965,731,0,1,1,1,3,0,0,0,3.0,-1.0,1,0,0
6966,731,1,2,2,1,4,0,1,1,,-1.0,1,0,None
6967,732,0,1,1,1,3,0,0,0,1.0,-1.0,1,0,0
6968,732,1,0,2,1,3,0,1,0,,-1.0,1,0,None
6969,733,0,0,1,1,2,0,0,0,2.0,0.0,1,1,1
6970,733,1,0,1,1,2,0,0,1,5.0,0.0,1,1,1
6971,733,2,0,2,1,2,1,1,0,1.0,0.0,1,1,1
6972,733,3,0,2,1,2,0,1,0,5.0,0.0,1,1,1
6973,733,4,0,1,1,2,1,1,0,2.0,0.0,1,1,0
6974,733,5,0,1,1,1,0,0,1,7.0,-1.0,1,0,0
6975,733,6,0,2,1,1,1,1,1,,-1.0,1,0,None
6976,734,0,1,0,0,2,0,0,0,1.0,0.0,1,1,1
6977,734,1,1,1,0,2,0,1,0,0.0,0.0,1,1,1
6978,734,2,1,1,0,2,0,0,0,3.0,0.0,1,1,1
6979,734,3,1,2,0,2,0,1,1,7.0,0.0,1,1,1
6980,734,4,1,2,1,2,1,1,1,6.0,0.0,1,1,1
6981,734,5,1,2,1,2,1,0,1,3.0,0.0,1,1,1
6982,734,6,1,2,1,2,0,1,1,5.0,0.0,1,1,1
6983,734,7,1,2,0,2,1,1,0,3.0,0.0,1,1,1
6984,734,8,1,2,1,2,0,1,1,3.0,0.0,1,1,1
6985,734,9,1,2,1,2,0,1,1,7.0,0.0,1,1,1
6986,734,10,1,2,1,2,1,1,1,4.0,0.0,1,1,1
6987,734,11,1,2,1,1,1,0,0,0.0,0.0,1,1,1
6988,734,12,1,2,1,1,0,0,0,5.0,0.0,1,1,0
6989,734,13,1,1,1,1,1,1,0,5.0,-1.0,1,0,0
6990,734,14,1,2,0,1,1,1,0,,-1.0,1,0,None
6991,735,0,1,2,0,2,0,0,0,5.0,0.0,1,1,1
6992,735,1,1,2,0,2,1,1,0,1.0,0.0,1,1,1
6993,735,2,1,2,0,2,0,1,0,7.0,0.0,1,1,1
6994,735,3,1,2,0,2,1,1,1,6.0,0.0,1,1,1
6995,735,4,1,1,0,2,1,0,1,3.0,0.0,1,1,1
6996,735,5,1,2,1,2,0,1,1,5.0,0.0,1,1,1
6997,735,6,1,1,1,2,1,1,0,7.0,0.0,1,1,1
6998,735,7,1,2,1,2,1,1,1,0.0,0.0,1,1,1
6999,735,8,1,2,1,1,0,0,0,0.0,0.0,1,1,0
7000,735,9,1,2,1,1,0,0,0,3.0,-1.0,1,0,0
7001,735,10,0,2,1,1,0,1,1,,-1.0,1,0,None
7002,736,0,1,2,1,3,0,0,0,4.0,0.0,1,1,1
7003,736,1,1,1,0,3,1,0,0,4.0,0.0,1,1,1
7004,736,2,1,1,0,1,1,0,0,3.0,0.0,1,1,1
7005,736,3,1,2,1,1,0,1,1,2.0,0.0,1,1,1
7006,736,4,1,2,1,1,0,0,1,2.0,0.0,1,1,1
7007,736,5,1,2,1,1,0,0,1,2.0,0.0,1,1,1
7008,736,6,1,2,1,1,0,0,1,6.0,0.0,1,1,1
7009,736,7,1,1,1,1,1,0,1,6.0,0.0,1,1,1
7010,736,8,1,1,1,1,1,0,1,4.0,0.0,1,1,1
7011,736,9,1,1,1,1,1,0,0,3.0,0.0,1,1,1
7012,736,10,1,1,1,1,0,1,1,7.0,0.0,1,1,1
7013,736,11,1,2,1,1,1,1,1,5.0,0.0,1,1,1
7014,736,12,1,2,1,1,1,1,0,1.0,0.0,1,1,1
7015,736,13,1,2,1,1,0,1,0,3.0,0.0,1,1,1
7016,736,14,1,2,1,1,0,1,1,4.0,0.0,1,1,1
7017,736,15,1,2,1,1,1,0,0,5.0,0.0,1,1,1
7018,736,16,1,1,1,1,1,1,0,2.0,0.0,1,1,1
7019,736,17,1,1,1,1,0,0,1,4.0,0.0,1,1,1
7020,736,18,1,1,1,1,1,0,0,2.0,0.0,1,1,1
7021,736,19,1,1,1,1,0,0,1,1.0,0.0,1,1,1
7022,736,20,1,2,1,1,0,1,0,,0.0,1,1,None
7023,737,0,1,1,0,2,0,0,0,0.0,0.0,1,1,1
7024,737,1,1,1,0,2,0,0,0,6.0,0.0,1,1,1
7025,737,2,1,1,1,2,1,0,1,1.0,0.0,1,1,1
7026,737,3,1,2,1,2,0,1,0,4.0,0.0,1,1,1
7027,737,4,1,1,1,2,1,0,0,2.0,0.0,1,1,1
7028,737,5,1,1,1,1,0,0,1,2.0,0.0,1,1,0
7029,737,6,0,1,1,1,0,0,1,1.0,-1.0,1,0,0
7030,737,7,0,2,1,1,0,1,0,,-1.0,1,0,None
7031,738,0,1,2,0,2,0,0,0,4.0,0.0,1,1,1
7032,738,1,1,1,0,2,1,0,0,7.0,0.0,1,1,1
7033,738,2,1,1,1,2,1,1,1,5.0,0.0,1,1,1
7034,738,3,1,1,1,2,1,1,0,4.0,0.0,1,1,1
7035,738,4,1,1,1,2,1,0,0,2.0,0.0,1,1,1
7036,738,5,1,1,1,2,0,0,1,3.0,0.0,1,1,1
7037,738,6,0,2,1,2,0,1,1,0.0,0.0,1,1,1
7038,738,7,0,1,1,2,0,0,0,3.0,0.0,1,1,1
7039,738,8,0,2,1,2,0,1,1,6.0,0.0,1,1,1
7040,738,9,0,1,1,2,1,0,1,2.0,0.0,1,1,1
7041,738,10,0,1,1,2,0,0,1,1.0,0.0,1,1,0
7042,738,11,0,2,1,2,0,1,0,4.0,-1.0,1,0,0
7043,738,12,0,1,0,1,1,0,0,,-1.0,1,0,None
7044,739,0,1,2,1,1,0,0,0,6.0,0.0,1,1,1
7045,739,1,1,2,1,1,1,0,1,0.0,0.0,1,1,1
7046,739,2,1,2,1,1,0,0,0,6.0,0.0,1,1,1
7047,739,3,1,2,1,1,1,0,1,1.0,0.0,1,1,1
7048,739,4,1,2,1,1,0,1,0,0.0,0.0,1,1,1
7049,739,5,1,2,1,0,0,0,0,4.0,0.0,1,1,0
7050,739,6,1,1,1,0,1,0,0,0.0,-1.0,1,0,0
7051,739,7,2,2,1,0,0,0,0,,-1.0,1,0,None
7052,740,0,1,0,1,2,0,0,0,0.0,1.0,1,2,2
7053,740,1,1,1,1,2,0,0,0,,1.0,1,2,None
7054,741,0,0,1,1,4,0,0,0,2.0,0.0,1,1,0
7055,741,1,0,1,1,4,0,0,1,5.0,-1.0,1,0,0
7056,741,2,0,2,1,4,1,1,0,,-1.0,1,0,None
7057,742,0,1,0,1,2,0,0,0,1.0,0.0,1,1,1
7058,742,1,1,1,1,2,0,1,0,1.0,0.0,1,1,1
7059,742,2,1,2,1,2,0,1,0,5.0,0.0,1,1,1
7060,742,3,1,2,1,2,1,1,0,2.0,0.0,1,1,1
7061,742,4,1,2,1,2,0,0,1,0.0,0.0,1,1,1
7062,742,5,1,2,1,2,0,0,0,0.0,0.0,1,1,0
7063,742,6,1,2,1,2,0,0,0,0.0,-1.0,1,0,0
7064,742,7,0,2,0,2,0,0,0,,-1.0,1,0,None
7065,743,0,1,1,1,4,0,0,0,7.0,0.0,1,1,1
7066,743,1,1,2,1,4,1,1,1,2.0,0.0,1,1,1
7067,743,2,1,2,1,4,0,0,1,0.0,0.0,1,1,1
7068,743,3,1,2,1,4,0,0,0,7.0,0.0,1,1,1
7069,743,4,1,2,1,4,1,1,1,4.0,0.0,1,1,1
7070,743,5,1,2,1,4,1,0,0,7.0,0.0,1,1,1
7071,743,6,1,2,1,4,1,1,1,2.0,0.0,1,1,1
7072,743,7,1,2,1,4,0,0,1,1.0,0.0,1,1,1
7073,743,8,1,2,1,4,0,1,0,3.0,0.0,1,1,0
7074,743,9,1,2,1,4,0,1,1,1.0,-1.0,1,0,0
7075,743,10,1,2,0,4,0,1,0,,-1.0,1,0,None
7076,744,0,1,1,0,2,0,0,0,6.0,0.0,1,1,1
7077,744,1,1,1,1,2,1,0,1,5.0,0.0,1,1,1
7078,744,2,1,1,1,2,1,1,0,4.0,0.0,1,1,1
7079,744,3,1,0,0,2,1,0,0,2.0,0.0,1,1,1
7080,744,4,1,0,1,2,0,0,1,5.0,0.0,1,1,1
7081,744,5,1,0,1,2,1,1,0,5.0,0.0,1,1,1
7082,744,6,1,1,1,2,1,1,0,6.0,0.0,1,1,1
7083,744,7,1,1,1,2,1,0,1,2.0,0.0,1,1,1
7084,744,8,1,1,1,2,0,0,1,0.0,0.0,1,1,1
7085,744,9,1,1,1,1,0,0,0,5.0,0.0,1,1,1
7086,744,10,1,2,1,1,1,1,0,6.0,0.0,1,1,1
7087,744,11,1,2,1,1,1,0,1,6.0,0.0,1,1,1
7088,744,12,1,2,1,1,1,0,1,1.0,0.0,1,1,1
7089,744,13,1,2,1,1,0,1,0,7.0,0.0,1,1,0
7090,744,14,1,2,1,1,1,1,1,2.0,-1.0,1,0,0
7091,744,15,2,2,1,1,0,0,1,,-1.0,1,0,None
7092,745,0,2,0,1,2,0,0,0,7.0,0.0,1,1,1
7093,745,1,1,1,1,2,1,1,1,4.0,0.0,1,1,1
7094,745,2,1,0,1,2,1,0,0,2.0,0.0,1,1,1
7095,745,3,2,0,1,2,0,0,1,7.0,0.0,1,1,1
7096,745,4,2,0,1,2,1,1,1,7.0,0.0,1,1,1
7097,745,5,2,0,1,2,1,1,1,3.0,0.0,1,1,1
7098,745,6,2,1,1,2,0,1,1,3.0,0.0,1,1,1
7099,745,7,2,1,1,2,0,1,1,2.0,0.0,1,1,1
7100,745,8,2,1,1,2,0,0,1,3.0,0.0,1,1,1
7101,745,9,1,2,1,2,0,1,1,2.0,0.0,1,1,1
7102,745,10,1,2,1,2,0,0,1,6.0,0.0,1,1,1
7103,745,11,1,2,1,1,1,0,1,2.0,0.0,1,1,1
7104,745,12,1,2,1,1,0,0,1,3.0,0.0,1,1,1
7105,745,13,1,2,1,1,0,1,1,0.0,0.0,1,1,1
7106,745,14,1,2,1,1,0,0,0,2.0,0.0,1,1,1
7107,745,15,1,2,1,1,0,0,1,5.0,0.0,1,1,1
7108,745,16,1,2,1,1,1,1,0,4.0,0.0,1,1,1
7109,745,17,1,1,1,1,1,0,0,4.0,0.0,1,1,1
7110,745,18,1,1,1,1,1,0,0,4.0,0.0,1,1,1
7111,745,19,1,1,1,1,1,0,0,2.0,0.0,1,1,1
7112,745,20,1,1,1,1,0,0,1,,0.0,1,1,None
7113,746,0,0,1,1,2,0,0,0,7.0,0.0,1,1,1
7114,746,1,0,2,1,2,1,1,1,7.0,0.0,1,1,1
7115,746,2,0,2,1,2,1,1,1,7.0,0.0,1,1,1
7116,746,3,0,2,1,2,1,1,1,7.0,0.0,1,1,1
7117,746,4,0,2,1,2,1,1,1,5.0,0.0,1,1,1
7118,746,5,0,2,1,2,1,1,0,0.0,0.0,1,1,1
7119,746,6,0,2,1,2,0,0,0,2.0,0.0,1,1,1
7120,746,7,1,1,1,1,0,0,1,5.0,0.0,1,1,1
7121,746,8,1,1,1,1,1,1,0,7.0,0.0,1,1,1
7122,746,9,1,1,1,1,1,1,1,2.0,0.0,1,1,0
7123,746,10,1,1,1,1,0,0,1,2.0,-1.0,1,0,0
7124,746,11,0,2,1,1,0,0,1,,-1.0,1,0,None
7125,747,0,0,1,1,2,0,0,0,4.0,0.0,1,1,1
7126,747,1,0,1,0,2,1,0,0,0.0,0.0,1,1,1
7127,747,2,0,1,0,2,0,0,0,5.0,0.0,1,1,1
7128,747,3,0,1,0,2,1,1,0,4.0,0.0,1,1,1
7129,747,4,0,1,1,2,1,0,0,7.0,0.0,1,1,1
7130,747,5,0,1,1,2,1,1,1,4.0,0.0,1,1,1
7131,747,6,0,1,1,2,1,0,0,5.0,0.0,1,1,1
7132,747,7,0,2,1,2,1,1,0,5.0,0.0,1,1,1
7133,747,8,0,2,1,2,1,1,0,4.0,0.0,1,1,0
7134,747,9,0,1,0,2,1,0,0,7.0,-1.0,1,0,0
7135,747,10,0,2,0,2,1,1,1,,-1.0,1,0,None
7136,748,0,2,0,1,2,0,0,0,2.0,0.0,1,1,1
7137,748,1,2,0,1,2,0,0,1,4.0,0.0,1,1,1
7138,748,2,2,0,1,2,1,0,0,3.0,0.0,1,1,1
7139,748,3,2,1,1,2,0,1,1,0.0,0.0,1,1,1
7140,748,4,2,1,1,1,0,0,0,5.0,0.0,1,1,1
7141,748,5,2,1,1,1,1,1,0,2.0,0.0,1,1,1
7142,748,6,2,1,1,1,0,0,1,4.0,0.0,1,1,1
7143,748,7,1,1,1,0,1,0,0,0.0,0.0,1,1,1
7144,748,8,1,1,1,0,0,0,0,1.0,0.0,1,1,1
7145,748,9,1,1,0,0,0,1,0,2.0,0.0,1,1,1
7146,748,10,1,1,1,0,0,0,1,2.0,0.0,1,1,1
7147,748,11,1,1,1,0,0,0,1,3.0,0.0,1,1,1
7148,748,12,1,2,1,0,0,1,1,7.0,0.0,1,1,1
7149,748,13,1,2,1,0,1,1,1,1.0,0.0,1,1,1
7150,748,14,1,2,1,0,0,1,0,5.0,0.0,1,1,1
7151,748,15,1,2,1,0,1,1,0,5.0,0.0,1,1,0
7152,748,16,1,2,1,0,1,1,0,1.0,-1.0,1,0,0
7153,748,17,1,2,0,0,0,1,0,,-1.0,1,0,None
7154,749,0,1,2,1,2,0,0,0,1.0,0.0,1,1,1
7155,749,1,1,2,1,2,0,1,0,7.0,0.0,1,1,1
7156,749,2,1,2,1,2,1,1,1,0.0,0.0,1,1,1
7157,749,3,2,2,1,2,0,0,0,3.0,0.0,1,1,1
7158,749,4,2,2,1,2,0,1,1,4.0,0.0,1,1,1
7159,749,5,2,1,1,2,1,0,0,2.0,0.0,1,1,1
7160,749,6,2,1,1,2,0,0,1,3.0,0.0,1,1,1
7161,749,7,2,2,1,2,0,1,1,7.0,0.0,1,1,1
7162,749,8,2,2,1,2,1,1,1,3.0,0.0,1,1,1
7163,749,9,2,2,1,2,0,1,1,7.0,0.0,1,1,1
7164,749,10,1,2,1,2,1,1,1,1.0,0.0,1,1,1
7165,749,11,1,2,1,2,0,1,0,2.0,0.0,1,1,1
7166,749,12,1,2,1,2,0,0,1,1.0,0.0,1,1,1
7167,749,13,1,2,1,2,0,1,0,5.0,0.0,1,1,1
7168,749,14,1,2,1,2,1,1,0,2.0,0.0,1,1,1
7169,749,15,2,2,1,2,0,0,1,5.0,0.0,1,1,1
7170,749,16,2,2,1,2,1,1,0,2.0,0.0,1,1,1
7171,749,17,2,2,1,2,0,0,1,5.0,0.0,1,1,1
7172,749,18,1,2,1,2,1,1,0,3.0,0.0,1,1,1
7173,749,19,1,2,1,2,0,1,1,1.0,0.0,1,1,1
7174,749,20,1,2,1,2,0,1,0,,0.0,1,1,None
7175,750,0,1,0,1,4,0,0,0,6.0,0.0,1,1,1
7176,750,1,1,0,1,4,1,0,1,6.0,0.0,1,1,1
7177,750,2,1,0,1,4,1,0,1,2.0,0.0,1,1,1
7178,750,3,1,0,1,4,0,0,1,6.0,0.0,1,1,1
7179,750,4,1,0,1,4,1,0,1,7.0,0.0,1,1,1
7180,750,5,1,0,1,4,1,1,1,3.0,0.0,1,1,1
7181,750,6,1,0,1,4,0,1,1,7.0,0.0,1,1,1
7182,750,7,1,0,1,4,1,1,1,7.0,0.0,1,1,1
7183,750,8,1,1,1,4,1,1,1,0.0,0.0,1,1,1
7184,750,9,1,0,1,4,0,0,0,2.0,0.0,1,1,1
7185,750,10,1,0,1,1,0,0,1,4.0,0.0,1,1,1
7186,750,11,1,0,1,1,1,0,0,3.0,0.0,1,1,0
7187,750,12,1,0,1,1,0,1,1,0.0,-1.0,1,0,0
7188,750,13,2,0,1,1,0,0,0,,-1.0,1,0,None
7189,751,0,1,1,1,3,0,0,0,0.0,0.0,1,1,1
7190,751,1,1,1,1,1,0,0,0,0.0,0.0,1,1,1
7191,751,2,1,1,1,1,0,0,0,5.0,0.0,1,1,1
7192,751,3,1,2,1,1,1,1,0,4.0,0.0,1,1,1
7193,751,4,1,2,1,1,1,0,0,7.0,0.0,1,1,1
7194,751,5,1,2,1,1,1,1,1,2.0,0.0,1,1,1
7195,751,6,1,2,1,1,0,0,1,1.0,0.0,1,1,1
7196,751,7,1,2,1,1,0,1,0,6.0,0.0,1,1,1
7197,751,8,1,1,1,1,1,0,1,5.0,0.0,1,1,1
7198,751,9,1,2,1,1,1,1,0,3.0,0.0,1,1,1
7199,751,10,1,2,1,1,0,1,1,5.0,0.0,1,1,1
7200,751,11,1,2,1,1,1,1,0,6.0,0.0,1,1,0
7201,751,12,1,2,1,1,1,0,1,4.0,-1.0,1,0,0
7202,751,13,1,2,0,1,1,0,0,,-1.0,1,0,None
7203,752,0,1,1,1,0,0,0,0,1.0,0.0,1,1,1
7204,752,1,1,2,1,0,0,1,0,5.0,0.0,1,1,1
7205,752,2,1,2,1,0,1,1,0,5.0,0.0,1,1,1
7206,752,3,1,1,1,0,1,1,0,6.0,0.0,1,1,1
7207,752,4,1,1,1,0,1,0,1,7.0,0.0,1,1,1
7208,752,5,1,1,1,0,1,1,1,5.0,0.0,1,1,1
7209,752,6,1,2,1,0,1,1,0,7.0,0.0,1,1,1
7210,752,7,1,2,1,0,1,1,1,4.0,0.0,1,1,1
7211,752,8,1,1,0,0,1,0,0,7.0,0.0,1,1,1
7212,752,9,1,2,1,0,1,1,1,1.0,0.0,1,1,1
7213,752,10,1,2,1,0,0,1,0,4.0,0.0,1,1,1
7214,752,11,1,1,1,0,1,0,0,4.0,0.0,1,1,1
7215,752,12,1,1,1,1,1,0,0,6.0,0.0,1,1,1
7216,752,13,1,1,1,1,1,0,1,6.0,0.0,1,1,1
7217,752,14,1,1,1,1,1,0,1,4.0,0.0,1,1,1
7218,752,15,1,1,1,1,1,0,0,4.0,0.0,1,1,1
7219,752,16,1,1,1,1,1,0,0,7.0,0.0,1,1,1
7220,752,17,1,2,1,1,1,1,1,1.0,0.0,1,1,1
7221,752,18,1,2,1,1,0,1,0,7.0,0.0,1,1,1
7222,752,19,1,2,1,1,1,1,1,0.0,0.0,1,1,1
7223,752,20,1,2,1,1,0,0,0,,0.0,1,1,None
7224,753,0,0,2,1,2,0,0,0,2.0,0.0,1,1,1
7225,753,1,0,2,1,2,0,0,1,5.0,0.0,1,1,0
7226,753,2,0,2,1,2,1,1,0,4.0,-1.0,1,0,0
7227,753,3,0,2,1,1,1,0,0,,-1.0,1,0,None
7228,754,0,1,0,1,2,0,0,0,0.0,0.0,1,1,1
7229,754,1,1,0,1,2,0,0,0,6.0,0.0,1,1,1
7230,754,2,1,0,1,1,1,0,1,2.0,0.0,1,1,1
7231,754,3,1,0,1,1,0,0,1,7.0,0.0,1,1,1
7232,754,4,1,0,1,1,1,1,1,0.0,0.0,1,1,1
7233,754,5,1,0,1,1,0,0,0,2.0,0.0,1,1,1
7234,754,6,1,0,1,0,0,0,1,6.0,0.0,1,1,1
7235,754,7,1,0,1,0,1,0,1,1.0,0.0,1,1,1
7236,754,8,1,1,1,0,0,1,0,2.0,0.0,1,1,1
7237,754,9,1,1,1,0,0,0,1,6.0,0.0,1,1,0
7238,754,10,1,1,1,0,1,0,1,3.0,-1.0,1,0,0
7239,754,11,2,2,1,0,0,1,1,,-1.0,1,0,None
7240,755,0,1,1,0,2,0,0,0,6.0,0.0,1,1,1
7241,755,1,1,1,1,2,1,0,1,1.0,0.0,1,1,1
7242,755,2,1,1,1,2,0,1,0,2.0,0.0,1,1,1
7243,755,3,1,1,1,1,0,0,1,4.0,0.0,1,1,1
7244,755,4,1,1,1,1,1,0,0,4.0,0.0,1,1,1
7245,755,5,1,1,0,1,1,0,0,4.0,0.0,1,1,1
7246,755,6,1,1,0,1,1,0,0,7.0,0.0,1,1,1
7247,755,7,1,2,1,1,1,1,1,0.0,0.0,1,1,1
7248,755,8,1,2,1,0,0,0,0,4.0,0.0,1,1,1
7249,755,9,1,2,1,0,1,0,0,2.0,0.0,1,1,1
7250,755,10,1,2,1,1,0,0,1,1.0,0.0,1,1,1
7251,755,11,1,2,1,1,0,1,0,1.0,0.0,1,1,1
7252,755,12,1,2,1,1,0,1,0,7.0,0.0,1,1,1
7253,755,13,1,2,1,1,1,1,1,5.0,0.0,1,1,1
7254,755,14,1,2,1,1,1,1,0,0.0,0.0,1,1,1
7255,755,15,1,2,1,1,0,0,0,5.0,0.0,1,1,1
7256,755,16,1,2,1,1,1,1,0,6.0,0.0,1,1,1
7257,755,17,1,1,1,1,1,0,1,1.0,0.0,1,1,0
7258,755,18,1,2,1,1,0,1,0,1.0,-1.0,1,0,0
7259,755,19,0,2,1,1,0,1,0,,-1.0,1,0,None
7260,756,0,1,2,1,1,0,0,0,5.0,0.0,1,1,1
7261,756,1,1,2,1,2,1,1,0,7.0,0.0,1,1,1
7262,756,2,1,2,1,2,1,1,1,4.0,0.0,1,1,0
7263,756,3,1,1,1,3,1,0,0,1.0,-1.0,1,0,0
7264,756,4,1,2,0,3,0,1,0,,-1.0,1,0,None
7265,757,0,0,2,1,2,0,0,0,4.0,0.0,1,1,1
7266,757,1,0,2,1,2,1,0,0,1.0,0.0,1,1,1
7267,757,2,0,2,1,2,0,1,0,6.0,0.0,1,1,1
7268,757,3,0,1,1,2,1,0,1,0.0,0.0,1,1,0
7269,757,4,0,1,0,2,0,0,0,6.0,-1.0,1,0,0
7270,757,5,0,1,0,1,1,0,1,,-1.0,1,0,None
7271,758,0,0,2,1,2,0,0,0,5.0,0.0,1,1,1
7272,758,1,0,1,1,2,1,1,0,0.0,0.0,1,1,1
7273,758,2,0,1,1,1,0,0,0,6.0,0.0,1,1,0
7274,758,3,0,1,1,1,1,0,1,5.0,-1.0,1,0,0
7275,758,4,0,2,1,1,1,1,0,,-1.0,1,0,None
7276,759,0,2,1,1,2,0,0,0,7.0,0.0,1,1,1
7277,759,1,2,1,1,2,1,1,1,7.0,0.0,1,1,2
7278,759,2,1,2,1,2,1,1,1,0.0,1.0,1,2,2
7279,759,3,1,1,1,2,0,0,0,,1.0,1,2,None
7280,760,0,2,1,1,3,0,0,0,3.0,0.0,1,1,1
7281,760,1,1,2,1,3,0,1,1,3.0,0.0,1,1,1
7282,760,2,1,2,1,4,0,1,1,6.0,0.0,1,1,1
7283,760,3,1,0,1,3,1,0,1,5.0,0.0,1,1,1
7284,760,4,1,1,1,3,1,1,0,3.0,0.0,1,1,0
7285,760,5,1,2,1,3,0,1,1,1.0,-1.0,1,0,0
7286,760,6,0,2,1,4,0,1,0,,-1.0,1,0,None
7287,761,0,0,2,1,2,0,0,0,5.0,0.0,1,1,0
7288,761,1,0,2,1,2,1,1,0,2.0,-1.0,1,0,0
7289,761,2,0,2,1,1,0,0,1,,-1.0,1,0,None
7290,762,0,2,1,1,2,0,0,0,1.0,0.0,1,1,1
7291,762,1,1,1,1,2,0,1,0,4.0,0.0,1,1,1
7292,762,2,1,0,1,2,1,0,0,5.0,0.0,1,1,1
7293,762,3,1,0,1,2,1,1,0,0.0,0.0,1,1,1
7294,762,4,1,0,1,2,0,0,0,6.0,0.0,1,1,1
7295,762,5,1,0,1,2,1,0,1,4.0,0.0,1,1,1
7296,762,6,1,0,1,2,1,0,0,5.0,0.0,1,1,1
7297,762,7,1,0,1,2,1,1,0,1.0,0.0,1,1,1
7298,762,8,1,1,1,2,0,1,0,5.0,0.0,1,1,1
7299,762,9,1,1,1,2,1,1,0,1.0,0.0,1,1,1
7300,762,10,1,2,1,2,0,1,0,1.0,0.0,1,1,1
7301,762,11,1,2,1,2,0,1,0,2.0,0.0,1,1,1
7302,762,12,1,2,1,2,0,0,1,7.0,0.0,1,1,1
7303,762,13,1,1,1,2,1,1,1,5.0,0.0,1,1,1
7304,762,14,1,2,0,2,1,1,0,0.0,0.0,1,1,1
7305,762,15,1,1,0,2,0,0,0,7.0,0.0,1,1,0
7306,762,16,1,2,0,2,1,1,1,0.0,-1.0,1,0,0
7307,762,17,2,2,0,2,0,0,0,,-1.0,1,0,None
7308,763,0,1,1,0,1,0,0,0,3.0,0.0,1,1,1
7309,763,1,1,2,1,1,0,1,1,5.0,0.0,1,1,1
7310,763,2,1,2,1,1,1,1,0,6.0,0.0,1,1,1
7311,763,3,1,2,1,1,1,0,1,7.0,0.0,1,1,1
7312,763,4,1,2,1,1,1,1,1,1.0,0.0,1,1,0
7313,763,5,1,2,1,1,0,1,0,1.0,-1.0,1,0,0
7314,763,6,1,2,0,1,0,1,0,,-1.0,1,0,None
7315,764,0,1,0,1,0,0,0,0,2.0,0.0,1,1,1
7316,764,1,1,1,1,0,0,0,1,3.0,0.0,1,1,1
7317,764,2,1,1,1,0,0,1,1,7.0,0.0,1,1,1
7318,764,3,1,2,1,0,1,1,1,7.0,0.0,1,1,1
7319,764,4,1,2,1,0,1,1,1,3.0,0.0,1,1,1
7320,764,5,1,2,1,0,0,1,1,1.0,0.0,1,1,1
7321,764,6,1,2,1,0,0,1,0,0.0,0.0,1,1,1
7322,764,7,1,2,1,0,0,0,0,2.0,0.0,1,1,1
7323,764,8,1,2,1,0,0,0,1,6.0,0.0,1,1,1
7324,764,9,1,1,1,0,1,0,1,6.0,0.0,1,1,1
7325,764,10,1,1,1,0,1,0,1,5.0,0.0,1,1,1
7326,764,11,1,2,1,0,1,1,0,3.0,0.0,1,1,1
7327,764,12,1,2,1,0,0,1,1,0.0,0.0,1,1,0
7328,764,13,1,2,1,0,0,0,0,0.0,-1.0,1,0,0
7329,764,14,0,2,0,0,0,0,0,,-1.0,1,0,None
7330,765,0,0,1,1,2,0,0,0,7.0,0.0,1,1,1
7331,765,1,0,2,1,2,1,1,1,3.0,0.0,1,1,1
7332,765,2,0,2,1,2,0,1,1,4.0,0.0,1,1,1
7333,765,3,0,1,1,2,1,0,0,3.0,0.0,1,1,1
7334,765,4,0,1,1,2,0,1,1,3.0,0.0,1,1,1
7335,765,5,0,1,1,2,0,1,1,3.0,0.0,1,1,1
7336,765,6,0,2,1,2,0,1,1,4.0,0.0,1,1,1
7337,765,7,0,1,1,2,1,0,0,5.0,0.0,1,1,1
7338,765,8,0,2,1,2,1,1,0,3.0,0.0,1,1,1
7339,765,9,0,2,1,2,0,1,1,1.0,0.0,1,1,1
7340,765,10,0,2,1,2,0,1,0,5.0,0.0,1,1,1
7341,765,11,0,2,1,2,1,1,0,4.0,0.0,1,1,1
7342,765,12,0,1,1,1,1,0,0,6.0,0.0,1,1,1
7343,765,13,0,1,1,1,1,0,1,6.0,0.0,1,1,1
7344,765,14,0,1,1,1,1,0,1,3.0,0.0,1,1,1
7345,765,15,0,1,1,1,0,1,1,0.0,0.0,1,1,1
7346,765,16,0,1,1,1,0,0,0,2.0,0.0,1,1,1
7347,765,17,0,1,1,1,0,0,1,3.0,0.0,1,1,0
7348,765,18,0,1,1,1,0,1,1,7.0,-1.0,1,0,0
7349,765,19,0,2,1,1,1,1,1,,-1.0,1,0,None
7350,766,0,2,2,1,2,0,0,0,6.0,0.0,1,1,1
7351,766,1,2,1,1,2,1,0,1,0.0,0.0,1,1,1
7352,766,2,2,1,1,1,0,0,0,3.0,0.0,1,1,1
7353,766,3,2,1,1,2,0,1,1,7.0,0.0,1,1,0
7354,766,4,1,2,1,3,1,1,1,2.0,-1.0,1,0,0
7355,766,5,2,2,1,4,0,0,1,,-1.0,1,0,None
7356,767,0,0,1,1,2,0,0,0,7.0,0.0,1,1,1
7357,767,1,0,1,1,2,1,1,1,3.0,0.0,1,1,1
7358,767,2,0,2,1,2,0,1,1,2.0,0.0,1,1,1
7359,767,3,0,2,1,2,0,0,1,6.0,0.0,1,1,1
7360,767,4,0,1,1,2,1,0,1,4.0,0.0,1,1,1
7361,767,5,0,1,1,2,1,0,0,3.0,0.0,1,1,1
7362,767,6,0,2,1,2,0,1,1,6.0,0.0,1,1,1
7363,767,7,0,2,1,2,1,0,1,7.0,0.0,1,1,1
7364,767,8,0,2,1,2,1,1,1,3.0,0.0,1,1,1
7365,767,9,0,2,1,2,0,1,1,7.0,0.0,1,1,1
7366,767,10,0,2,1,2,1,1,1,0.0,0.0,1,1,1
7367,767,11,0,2,1,2,0,0,0,1.0,0.0,1,1,1
7368,767,12,0,2,1,2,0,1,0,2.0,0.0,1,1,1
7369,767,13,1,2,1,2,0,0,1,7.0,0.0,1,1,1
7370,767,14,1,2,1,2,1,1,1,1.0,0.0,1,1,1
7371,767,15,1,2,1,2,0,1,0,3.0,0.0,1,1,1
7372,767,16,1,2,1,2,0,1,1,4.0,0.0,1,1,1
7373,767,17,1,2,1,2,1,0,0,3.0,0.0,1,1,1
7374,767,18,1,2,1,2,0,1,1,7.0,0.0,1,1,1
7375,767,19,1,2,1,2,1,1,1,3.0,0.0,1,1,1
7376,767,20,1,2,1,2,0,1,1,,0.0,1,1,None
7377,768,0,0,0,1,2,0,0,0,7.0,0.0,1,1,1
7378,768,1,0,1,1,2,1,1,1,3.0,0.0,1,1,1
7379,768,2,0,2,1,2,0,1,1,2.0,0.0,1,1,1
7380,768,3,0,2,1,2,0,0,1,5.0,0.0,1,1,1
7381,768,4,0,2,1,2,1,1,0,1.0,0.0,1,1,1
7382,768,5,0,2,1,2,0,1,0,3.0,0.0,1,1,1
7383,768,6,0,2,1,2,0,1,1,3.0,0.0,1,1,0
7384,768,7,0,2,1,2,0,1,1,4.0,-1.0,1,0,0
7385,768,8,0,2,1,1,1,0,0,,-1.0,1,0,None
7386,769,0,1,0,1,1,0,0,0,6.0,0.0,1,1,1
7387,769,1,1,0,1,0,1,0,1,1.0,0.0,1,1,0
7388,769,2,2,1,1,0,0,1,0,0.0,-1.0,1,0,0
7389,769,3,2,1,0,0,0,0,0,,-1.0,1,0,None
7390,770,0,1,1,1,3,0,0,0,2.0,0.0,1,1,1
7391,770,1,1,2,1,4,0,0,1,5.0,0.0,1,1,1
7392,770,2,1,2,1,4,1,1,0,2.0,0.0,1,1,0
7393,770,3,1,2,1,3,0,0,1,0.0,-1.0,1,0,0
7394,770,4,0,2,1,3,0,0,0,,-1.0,1,0,None
7395,771,0,1,0,1,2,0,0,0,5.0,0.0,1,1,1
7396,771,1,1,1,0,2,1,1,0,2.0,0.0,1,1,1
7397,771,2,1,1,1,2,0,0,1,5.0,0.0,1,1,1
7398,771,3,1,2,1,2,1,1,0,7.0,0.0,1,1,1
7399,771,4,1,2,1,2,1,1,1,0.0,0.0,1,1,1
7400,771,5,1,2,1,2,0,0,0,3.0,0.0,1,1,1
7401,771,6,1,2,1,2,0,1,1,7.0,0.0,1,1,1
7402,771,7,1,2,1,2,1,1,1,3.0,0.0,1,1,1
7403,771,8,1,2,1,2,0,1,1,2.0,0.0,1,1,1
7404,771,9,1,2,1,1,0,0,1,5.0,0.0,1,1,0
7405,771,10,1,2,1,1,1,1,0,1.0,-1.0,1,0,0
7406,771,11,1,2,0,1,0,1,0,,-1.0,1,0,None
7407,772,0,1,1,0,2,0,0,0,7.0,0.0,1,1,1
7408,772,1,1,2,1,2,1,1,1,2.0,0.0,1,1,1
7409,772,2,1,2,1,2,0,0,1,1.0,0.0,1,1,1
7410,772,3,1,2,1,2,0,1,0,7.0,0.0,1,1,1
7411,772,4,1,2,1,2,1,1,1,5.0,0.0,1,1,1
7412,772,5,1,2,1,2,1,1,0,0.0,0.0,1,1,1
7413,772,6,1,2,1,2,0,0,0,7.0,0.0,1,1,1
7414,772,7,1,2,1,2,1,1,1,4.0,0.0,1,1,1
7415,772,8,1,2,1,2,1,0,0,6.0,0.0,1,1,1
7416,772,9,1,2,1,2,1,0,1,1.0,0.0,1,1,1
7417,772,10,1,2,1,2,0,1,0,7.0,0.0,1,1,1
7418,772,11,1,2,1,2,1,1,1,6.0,0.0,1,1,2
7419,772,12,1,1,1,2,1,0,1,0.0,1.0,1,2,2
7420,772,13,1,1,1,2,0,0,0,,1.0,1,2,None
7421,773,0,2,1,1,3,0,0,0,6.0,0.0,1,1,1
7422,773,1,1,1,1,3,1,0,1,1.0,0.0,1,1,1
7423,773,2,1,2,1,3,0,1,0,1.0,0.0,1,1,1
7424,773,3,1,2,1,3,0,1,0,3.0,0.0,1,1,0
7425,773,4,1,2,1,4,0,1,1,1.0,-1.0,1,0,0
7426,773,5,2,2,1,4,0,1,0,,-1.0,1,0,None
7427,774,0,1,1,1,3,0,0,0,6.0,0.0,1,1,2
7428,774,1,1,1,1,2,1,0,1,0.0,1.0,1,2,2
7429,774,2,1,1,1,2,0,0,0,,1.0,1,2,None
7430,775,0,1,0,1,2,0,0,0,4.0,0.0,1,1,1
7431,775,1,1,0,1,2,1,0,0,1.0,0.0,1,1,1
7432,775,2,2,1,1,2,0,1,0,2.0,0.0,1,1,1
7433,775,3,2,1,1,2,0,0,1,3.0,0.0,1,1,1
7434,775,4,2,1,1,2,0,1,1,6.0,0.0,1,1,1
7435,775,5,2,1,1,2,1,0,1,1.0,0.0,1,1,1
7436,775,6,2,2,1,2,0,1,0,5.0,0.0,1,1,1
7437,775,7,1,2,1,2,1,1,0,1.0,0.0,1,1,1
7438,775,8,1,2,1,2,0,1,0,3.0,0.0,1,1,1
7439,775,9,1,2,1,2,0,1,1,6.0,0.0,1,1,1
7440,775,10,1,2,1,1,1,0,1,5.0,0.0,1,1,1
7441,775,11,1,2,1,1,1,1,0,4.0,0.0,1,1,0
7442,775,12,1,1,1,1,1,0,0,0.0,-1.0,1,0,0
7443,775,13,2,1,0,1,0,0,0,,-1.0,1,0,None
7444,776,0,2,1,1,4,0,0,0,5.0,0.0,1,1,1
7445,776,1,1,2,1,4,1,1,0,2.0,0.0,1,1,1
7446,776,2,1,2,1,3,0,0,1,5.0,0.0,1,1,1
7447,776,3,1,2,1,3,1,1,0,2.0,0.0,1,1,1
7448,776,4,1,2,1,3,0,0,1,6.0,0.0,1,1,1
7449,776,5,1,2,1,4,1,0,1,0.0,0.0,1,1,1
7450,776,6,1,2,1,4,0,0,0,2.0,0.0,1,1,1
7451,776,7,1,2,1,4,0,0,1,0.0,0.0,1,1,1
7452,776,8,1,2,1,4,0,0,0,7.0,0.0,1,1,0
7453,776,9,1,2,1,4,1,1,1,1.0,-1.0,1,0,0
7454,776,10,1,2,0,4,0,1,0,,-1.0,1,0,None
7455,777,0,0,1,1,2,0,0,0,5.0,0.0,1,1,1
7456,777,1,0,1,1,2,1,1,0,5.0,0.0,1,1,1
7457,777,2,0,1,1,2,1,1,0,7.0,0.0,1,1,1
7458,777,3,0,2,1,2,1,1,1,1.0,0.0,1,1,1
7459,777,4,0,2,1,2,0,1,0,7.0,0.0,1,1,1
7460,777,5,0,2,1,2,1,1,1,7.0,0.0,1,1,1
7461,777,6,0,1,1,2,1,1,1,2.0,0.0,1,1,1
7462,777,7,0,1,1,2,0,0,1,3.0,0.0,1,1,0
7463,777,8,0,2,1,2,0,1,1,6.0,-1.0,1,0,0
7464,777,9,0,2,1,1,1,0,1,,-1.0,1,0,None
7465,778,0,0,2,1,2,0,0,0,0.0,0.0,1,1,1
7466,778,1,0,2,1,2,0,0,0,0.0,0.0,1,1,1
7467,778,2,0,2,1,2,0,0,0,0.0,0.0,1,1,1
7468,778,3,0,2,1,2,0,0,0,0.0,0.0,1,1,1
7469,778,4,0,1,1,2,0,0,0,1.0,0.0,1,1,1
7470,778,5,1,1,1,2,0,1,0,1.0,0.0,1,1,1
7471,778,6,1,2,1,2,0,1,0,1.0,0.0,1,1,1
7472,778,7,0,2,1,2,0,1,0,1.0,0.0,1,1,1
7473,778,8,0,2,1,2,0,1,0,6.0,0.0,1,1,1
7474,778,9,0,1,1,2,1,0,1,6.0,0.0,1,1,1
7475,778,10,0,1,1,2,1,0,1,3.0,0.0,1,1,1
7476,778,11,0,2,1,2,0,1,1,1.0,0.0,1,1,1
7477,778,12,0,2,1,2,0,1,0,2.0,0.0,1,1,1
7478,778,13,0,2,1,2,0,0,1,6.0,0.0,1,1,1
7479,778,14,0,1,1,1,1,0,1,6.0,0.0,1,1,1
7480,778,15,0,1,1,1,1,0,1,5.0,0.0,1,1,1
7481,778,16,0,1,1,1,1,1,0,5.0,0.0,1,1,0
7482,778,17,0,1,1,1,1,1,0,7.0,-1.0,1,0,0
7483,778,18,0,2,1,1,1,1,1,,-1.0,1,0,None
7484,779,0,1,2,1,4,0,0,0,4.0,0.0,1,1,0
7485,779,1,1,2,1,4,1,0,0,1.0,-1.0,1,0,0
7486,779,2,1,2,0,4,0,1,0,,-1.0,1,0,None
7487,780,0,1,0,1,1,0,0,0,4.0,0.0,1,1,1
7488,780,1,1,0,1,1,1,0,0,0.0,0.0,1,1,1
7489,780,2,1,0,1,1,0,0,0,1.0,0.0,1,1,1
7490,780,3,1,1,1,1,0,1,0,7.0,0.0,1,1,1
7491,780,4,1,1,1,1,1,1,1,1.0,0.0,1,1,1
7492,780,5,1,2,1,1,0,1,0,6.0,0.0,1,1,1
7493,780,6,1,2,1,1,1,0,1,6.0,0.0,1,1,1
7494,780,7,1,1,1,1,1,0,1,2.0,0.0,1,1,0
7495,780,8,1,1,1,1,0,0,1,2.0,-1.0,1,0,0
7496,780,9,0,2,1,1,0,0,1,,-1.0,1,0,None
7497,781,0,1,2,1,1,0,0,0,0.0,0.0,1,1,1
7498,781,1,1,2,1,1,0,0,0,5.0,0.0,1,1,1
7499,781,2,1,2,1,1,1,1,0,3.0,0.0,1,1,1
7500,781,3,1,2,1,1,0,1,1,7.0,0.0,1,1,0
7501,781,4,1,2,1,1,1,1,1,1.0,-1.0,1,0,0
7502,781,5,2,2,1,1,0,1,0,,-1.0,1,0,None
7503,782,0,0,1,1,1,0,0,0,5.0,-1.0,1,0,0
7504,782,1,0,2,1,1,1,1,0,,-1.0,1,0,None
7505,783,0,1,1,1,0,0,0,0,4.0,0.0,1,1,1
7506,783,1,1,1,1,0,1,0,0,7.0,0.0,1,1,1
7507,783,2,1,2,1,0,1,1,1,6.0,0.0,1,1,1
7508,783,3,1,0,1,0,1,0,1,6.0,0.0,1,1,1
7509,783,4,1,0,1,0,1,0,1,4.0,0.0,1,1,1
7510,783,5,1,0,1,0,1,0,0,1.0,0.0,1,1,1
7511,783,6,1,0,1,0,0,1,0,1.0,0.0,1,1,1
7512,783,7,1,1,1,0,0,1,0,5.0,0.0,1,1,1
7513,783,8,1,2,1,0,1,1,0,3.0,0.0,1,1,1
7514,783,9,1,2,1,0,0,1,1,0.0,0.0,1,1,1
7515,783,10,1,1,1,0,0,0,0,5.0,0.0,1,1,1
7516,783,11,1,2,1,0,1,1,0,6.0,0.0,1,1,1
7517,783,12,1,2,1,0,1,0,1,0.0,0.0,1,1,1
7518,783,13,1,2,1,0,0,0,0,7.0,0.0,1,1,1
7519,783,14,1,2,1,0,1,1,1,2.0,0.0,1,1,1
7520,783,15,1,2,1,0,0,0,1,4.0,0.0,1,1,1
7521,783,16,1,1,1,1,1,0,0,1.0,0.0,1,1,0
7522,783,17,1,1,1,1,0,1,0,1.0,-1.0,1,0,0
7523,783,18,2,2,1,1,0,1,0,,-1.0,1,0,None
7524,784,0,1,0,1,4,0,0,0,0.0,0.0,1,1,1
7525,784,1,1,0,1,3,0,0,0,2.0,0.0,1,1,1
7526,784,2,1,1,1,3,0,0,1,7.0,0.0,1,1,1
7527,784,3,1,2,1,4,1,1,1,0.0,0.0,1,1,1
7528,784,4,1,2,1,3,0,0,0,5.0,0.0,1,1,1
7529,784,5,1,2,1,3,1,1,0,5.0,0.0,1,1,0
7530,784,6,1,2,1,3,1,1,0,0.0,-1.0,1,0,0
7531,784,7,1,2,0,4,0,0,0,,-1.0,1,0,None
7532,785,0,1,0,0,2,0,0,0,4.0,0.0,1,1,1
7533,785,1,1,0,0,2,1,0,0,7.0,0.0,1,1,1
7534,785,2,1,1,1,2,1,1,1,5.0,0.0,1,1,1
7535,785,3,1,2,1,2,1,1,0,2.0,0.0,1,1,1
7536,785,4,1,1,1,2,0,0,1,0.0,0.0,1,1,0
7537,785,5,2,1,1,1,0,0,0,1.0,-1.0,1,0,0
7538,785,6,2,2,1,1,0,1,0,,-1.0,1,0,None
7539,786,0,1,2,0,2,0,0,0,4.0,0.0,1,1,1
7540,786,1,1,1,0,1,1,0,0,6.0,0.0,1,1,1
7541,786,2,1,1,1,0,1,0,1,0.0,0.0,1,1,1
7542,786,3,1,1,1,0,0,0,0,5.0,0.0,1,1,1
7543,786,4,1,2,1,0,1,1,0,2.0,0.0,1,1,1
7544,786,5,1,2,1,0,0,0,1,4.0,0.0,1,1,1
7545,786,6,1,1,1,0,1,0,0,4.0,0.0,1,1,1
7546,786,7,1,1,1,0,1,0,0,0.0,0.0,1,1,1
7547,786,8,2,1,1,0,0,0,0,0.0,0.0,1,1,0
7548,786,9,2,1,1,1,0,0,0,3.0,-1.0,1,0,0
7549,786,10,2,2,1,1,0,1,1,,-1.0,1,0,None
7550,787,0,1,0,1,3,0,0,0,2.0,0.0,1,1,1
7551,787,1,1,0,1,4,0,0,1,2.0,0.0,1,1,1
7552,787,2,1,1,1,4,0,0,1,4.0,0.0,1,1,1
7553,787,3,1,1,1,3,1,0,0,5.0,0.0,1,1,1
7554,787,4,1,2,1,4,1,1,0,1.0,0.0,1,1,1
7555,787,5,1,2,1,4,0,1,0,0.0,0.0,1,1,1
7556,787,6,1,2,1,3,0,0,0,4.0,0.0,1,1,1
7557,787,7,1,1,1,3,1,0,0,2.0,0.0,1,1,1
7558,787,8,2,1,1,4,0,0,1,4.0,0.0,1,1,0
7559,787,9,2,1,1,4,1,0,0,1.0,-1.0,1,0,0
7560,787,10,2,2,1,4,0,1,0,,-1.0,1,0,None
7561,788,0,1,2,1,1,0,0,0,2.0,0.0,1,1,1
7562,788,1,1,1,1,0,0,0,1,3.0,0.0,1,1,1
7563,788,2,1,2,1,1,0,1,1,3.0,0.0,1,1,1
7564,788,3,1,2,1,2,0,1,1,0.0,0.0,1,1,1
7565,788,4,1,2,1,1,0,0,0,2.0,0.0,1,1,1
7566,788,5,1,2,1,1,0,0,1,6.0,0.0,1,1,1
7567,788,6,1,1,1,1,1,0,1,2.0,0.0,1,1,0
7568,788,7,1,1,1,0,0,0,1,5.0,-1.0,1,0,0
7569,788,8,1,2,0,1,1,1,0,,-1.0,1,0,None
7570,789,0,1,2,1,3,0,0,0,4.0,0.0,1,1,1
7571,789,1,1,1,1,3,1,0,0,7.0,0.0,1,1,1
7572,789,2,1,1,1,3,1,1,1,7.0,0.0,1,1,1
7573,789,3,1,2,1,3,1,1,1,2.0,0.0,1,1,1
7574,789,4,1,2,1,3,0,0,1,4.0,0.0,1,1,1
7575,789,5,1,2,1,3,1,0,0,5.0,0.0,1,1,1
7576,789,6,1,1,1,3,1,1,0,5.0,0.0,1,1,1
7577,789,7,1,2,1,3,1,1,0,7.0,0.0,1,1,1
7578,789,8,1,2,1,3,1,1,1,2.0,0.0,1,1,1
7579,789,9,1,2,1,3,0,0,1,5.0,0.0,1,1,1
7580,789,10,1,2,1,3,1,1,0,0.0,0.0,1,1,1
7581,789,11,1,2,1,1,0,0,0,7.0,0.0,1,1,1
7582,789,12,1,1,1,1,1,1,1,4.0,0.0,1,1,1
7583,789,13,1,0,1,1,1,0,0,0.0,0.0,1,1,1
7584,789,14,1,0,1,1,0,0,0,5.0,0.0,1,1,1
7585,789,15,1,0,1,1,1,1,0,6.0,0.0,1,1,0
7586,789,16,1,0,1,1,1,0,1,0.0,-1.0,1,0,0
7587,789,17,2,0,1,1,0,0,0,,-1.0,1,0,None
7588,790,0,1,0,1,0,0,0,0,2.0,0.0,1,1,1
7589,790,1,1,0,1,0,0,0,1,7.0,0.0,1,1,1
7590,790,2,1,1,1,0,1,1,1,0.0,0.0,1,1,1
7591,790,3,1,1,1,0,0,0,0,5.0,0.0,1,1,1
7592,790,4,1,2,1,0,1,1,0,7.0,0.0,1,1,1
7593,790,5,1,2,1,0,1,1,1,7.0,0.0,1,1,1
7594,790,6,1,2,1,0,1,1,1,2.0,0.0,1,1,1
7595,790,7,1,2,1,0,0,0,1,5.0,0.0,1,1,1
7596,790,8,1,2,1,0,1,1,0,5.0,0.0,1,1,1
7597,790,9,1,2,1,0,1,1,0,4.0,0.0,1,1,1
7598,790,10,1,1,1,0,1,0,0,7.0,0.0,1,1,1
7599,790,11,1,2,1,0,1,1,1,2.0,0.0,1,1,1
7600,790,12,1,2,1,0,0,0,1,4.0,0.0,1,1,1
7601,790,13,1,2,1,0,1,0,0,7.0,0.0,1,1,1
7602,790,14,1,2,1,0,1,1,1,2.0,0.0,1,1,1
7603,790,15,1,2,1,0,0,0,1,6.0,0.0,1,1,1
7604,790,16,1,2,1,0,1,0,1,0.0,0.0,1,1,1
7605,790,17,1,2,1,0,0,0,0,0.0,0.0,1,1,1
7606,790,18,1,2,1,0,0,0,0,4.0,0.0,1,1,1
7607,790,19,1,1,1,0,1,0,0,0.0,0.0,1,1,1
7608,790,20,1,1,1,1,0,0,0,,0.0,1,1,None
7609,791,0,1,2,1,2,0,0,0,5.0,0.0,1,1,1
7610,791,1,1,2,1,2,1,1,0,4.0,0.0,1,1,1
7611,791,2,1,2,1,2,1,0,0,3.0,0.0,1,1,1
7612,791,3,1,2,1,2,0,1,1,1.0,0.0,1,1,1
7613,791,4,1,2,1,2,0,1,0,1.0,0.0,1,1,1
7614,791,5,1,2,1,2,0,1,0,5.0,0.0,1,1,1
7615,791,6,1,2,1,2,1,1,0,4.0,0.0,1,1,1
7616,791,7,1,1,1,1,1,0,0,6.0,0.0,1,1,1
7617,791,8,1,1,1,1,1,0,1,1.0,0.0,1,1,1
7618,791,9,1,1,1,1,0,1,0,4.0,0.0,1,1,1
7619,791,10,1,1,1,1,1,0,0,1.0,0.0,1,1,1
7620,791,11,1,2,1,1,0,1,0,5.0,0.0,1,1,1
7621,791,12,1,2,1,1,1,1,0,3.0,0.0,1,1,1
7622,791,13,1,2,1,1,0,1,1,3.0,0.0,1,1,1
7623,791,14,1,2,1,1,0,1,1,1.0,0.0,1,1,1
7624,791,15,1,2,1,1,0,1,0,4.0,0.0,1,1,1
7625,791,16,1,1,1,0,1,0,0,4.0,0.0,1,1,1
7626,791,17,1,1,1,0,1,0,0,0.0,0.0,1,1,1
7627,791,18,1,1,1,0,0,0,0,6.0,0.0,1,1,1
7628,791,19,1,1,1,0,1,0,1,2.0,0.0,1,1,1
7629,791,20,1,1,1,0,0,0,1,,0.0,1,1,None
7630,792,0,1,2,0,2,0,0,0,3.0,0.0,1,1,1
7631,792,1,0,2,1,2,0,1,1,2.0,0.0,1,1,0
7632,792,2,0,2,1,2,0,0,1,2.0,-1.0,1,0,0
7633,792,3,0,2,1,1,0,0,1,,-1.0,1,0,None
7634,793,0,1,2,1,2,0,0,0,0.0,-1.0,1,0,0
7635,793,1,1,2,0,1,0,0,0,,-1.0,1,0,None
7636,794,0,0,2,1,2,0,0,0,4.0,0.0,1,1,1
7637,794,1,0,2,1,2,1,0,0,1.0,0.0,1,1,1
7638,794,2,0,2,1,2,0,1,0,0.0,0.0,1,1,1
7639,794,3,0,1,1,2,0,0,0,3.0,0.0,1,1,1
7640,794,4,0,1,1,2,0,1,1,7.0,0.0,1,1,1
7641,794,5,0,2,1,2,1,1,1,5.0,0.0,1,1,1
7642,794,6,0,2,1,2,1,1,0,5.0,0.0,1,1,0
7643,794,7,0,2,1,2,1,1,0,4.0,-1.0,1,0,0
7644,794,8,0,2,0,1,1,0,0,,-1.0,1,0,None
7645,795,0,1,2,1,2,0,0,0,6.0,0.0,1,1,1
7646,795,1,1,2,1,2,1,0,1,3.0,0.0,1,1,1
7647,795,2,2,2,1,2,0,1,1,7.0,0.0,1,1,0
7648,795,3,2,2,1,2,1,1,1,2.0,-1.0,1,0,0
7649,795,4,2,2,1,1,0,0,1,,-1.0,1,0,None
7650,796,0,1,1,1,0,0,0,0,4.0,0.0,1,1,0
7651,796,1,1,1,0,0,1,0,0,1.0,-1.0,1,0,0
7652,796,2,1,2,0,0,0,1,0,,-1.0,1,0,None
7653,797,0,0,1,1,3,0,0,0,2.0,0.0,1,1,0
7654,797,1,0,1,1,4,0,0,1,7.0,-1.0,1,0,0
7655,797,2,0,2,1,4,1,1,1,,-1.0,1,0,None
7656,798,0,2,2,1,2,0,0,0,7.0,0.0,1,1,1
7657,798,1,1,1,1,2,1,1,1,7.0,0.0,1,1,1
7658,798,2,1,1,1,2,1,1,1,7.0,0.0,1,1,1
7659,798,3,1,2,1,2,1,1,1,1.0,0.0,1,1,1
7660,798,4,1,2,1,2,0,1,0,6.0,0.0,1,1,1
7661,798,5,1,1,1,2,1,0,1,7.0,0.0,1,1,1
7662,798,6,1,2,1,2,1,1,1,6.0,0.0,1,1,1
7663,798,7,1,2,1,2,1,0,1,6.0,0.0,1,1,1
7664,798,8,1,1,1,2,1,0,1,2.0,0.0,1,1,1
7665,798,9,2,1,1,2,0,0,1,2.0,0.0,1,1,1
7666,798,10,2,1,1,1,0,0,1,6.0,0.0,1,1,1
7667,798,11,2,1,1,1,1,0,1,1.0,0.0,1,1,0
7668,798,12,2,1,1,1,0,1,0,7.0,-1.0,1,0,0
7669,798,13,2,2,1,1,1,1,1,,-1.0,1,0,None
7670,799,0,0,0,1,2,0,0,0,1.0,0.0,1,1,1
7671,799,1,0,1,1,2,0,1,0,5.0,0.0,1,1,1
7672,799,2,0,2,1,2,1,1,0,4.0,0.0,1,1,1
7673,799,3,0,1,1,1,1,0,0,4.0,0.0,1,1,1
7674,799,4,0,1,1,1,1,0,0,0.0,0.0,1,1,1
7675,799,5,0,1,1,1,0,0,0,2.0,0.0,1,1,0
7676,799,6,0,1,1,1,0,0,1,4.0,-1.0,1,0,0
7677,799,7,0,1,0,1,1,0,0,,-1.0,1,0,None
7678,800,0,2,0,1,2,0,0,0,4.0,0.0,1,1,1
7679,800,1,1,0,0,2,1,0,0,5.0,0.0,1,1,1
7680,800,2,1,0,0,2,1,1,0,7.0,0.0,1,1,1
7681,800,3,1,1,1,2,1,1,1,7.0,0.0,1,1,1
7682,800,4,1,2,1,2,1,1,1,1.0,0.0,1,1,1
7683,800,5,1,2,1,2,0,1,0,3.0,0.0,1,1,1
7684,800,6,1,2,1,2,0,1,1,7.0,0.0,1,1,1
7685,800,7,1,2,1,2,1,1,1,6.0,0.0,1,1,1
7686,800,8,1,1,1,2,1,0,1,5.0,0.0,1,1,2
7687,800,9,1,1,1,2,1,1,0,0.0,1.0,1,2,2
7688,800,10,1,1,1,2,0,0,0,,1.0,1,2,None
7689,801,0,1,2,0,2,0,0,0,1.0,0.0,1,1,1
7690,801,1,1,2,0,2,0,1,0,1.0,0.0,1,1,1
7691,801,2,0,2,1,2,0,1,0,4.0,0.0,1,1,1
7692,801,3,0,1,1,2,1,0,0,6.0,0.0,1,1,1
7693,801,4,0,1,1,2,1,0,1,4.0,0.0,1,1,1
7694,801,5,0,1,1,2,1,0,0,5.0,0.0,1,1,1
7695,801,6,0,2,1,2,1,1,0,2.0,0.0,1,1,1
7696,801,7,0,2,1,2,0,0,1,6.0,0.0,1,1,1
7697,801,8,0,1,1,2,1,0,1,2.0,0.0,1,1,1
7698,801,9,0,1,1,2,0,0,1,3.0,0.0,1,1,1
7699,801,10,0,2,1,2,0,1,1,1.0,0.0,1,1,1
7700,801,11,0,2,1,2,0,1,0,0.0,0.0,1,1,1
7701,801,12,0,2,1,2,0,0,0,4.0,0.0,1,1,1
7702,801,13,0,1,0,2,1,0,0,4.0,0.0,1,1,1
7703,801,14,0,1,0,2,1,0,0,7.0,0.0,1,1,1
7704,801,15,0,2,1,2,1,1,1,2.0,0.0,1,1,1
7705,801,16,0,2,1,2,0,0,1,6.0,0.0,1,1,1
7706,801,17,0,1,1,2,1,0,1,6.0,0.0,1,1,1
7707,801,18,0,1,1,2,1,0,1,6.0,0.0,1,1,1
7708,801,19,0,1,1,2,1,0,1,6.0,0.0,1,1,1
7709,801,20,0,1,1,2,1,0,1,,0.0,1,1,None
7710,802,0,0,1,1,3,0,0,0,3.0,-1.0,1,0,0
7711,802,1,0,2,1,3,0,1,1,,-1.0,1,0,None
7712,803,0,0,0,1,2,0,0,0,6.0,0.0,1,1,1
7713,803,1,0,0,1,2,1,0,1,0.0,0.0,1,1,1
7714,803,2,0,0,1,2,0,0,0,1.0,0.0,1,1,1
7715,803,3,1,1,1,2,0,1,0,1.0,0.0,1,1,1
7716,803,4,1,2,1,2,0,1,0,7.0,0.0,1,1,1
7717,803,5,1,2,1,2,1,1,1,0.0,0.0,1,1,1
7718,803,6,2,2,1,2,0,0,0,1.0,0.0,1,1,1
7719,803,7,1,2,1,2,0,1,0,1.0,0.0,1,1,1
7720,803,8,1,2,1,2,0,1,0,5.0,0.0,1,1,1
7721,803,9,1,2,0,2,1,1,0,2.0,0.0,1,1,1
7722,803,10,1,2,1,2,0,0,1,3.0,0.0,1,1,1
7723,803,11,1,2,1,2,0,1,1,6.0,0.0,1,1,1
7724,803,12,1,2,1,1,1,0,1,5.0,0.0,1,1,1
7725,803,13,1,2,1,1,1,1,0,0.0,0.0,1,1,1
7726,803,14,1,2,1,1,0,0,0,7.0,0.0,1,1,1
7727,803,15,1,2,1,1,1,1,1,7.0,0.0,1,1,1
7728,803,16,1,1,1,1,1,1,1,1.0,0.0,1,1,0
7729,803,17,1,1,1,1,0,1,0,1.0,-1.0,1,0,0
7730,803,18,2,2,1,1,0,1,0,,-1.0,1,0,None
7731,804,0,1,1,1,1,0,0,0,4.0,0.0,1,1,1
7732,804,1,1,1,1,1,1,0,0,2.0,0.0,1,1,1
7733,804,2,1,1,1,1,0,0,1,2.0,0.0,1,1,1
7734,804,3,1,1,1,1,0,0,1,3.0,0.0,1,1,1
7735,804,4,1,1,1,1,0,1,1,0.0,0.0,1,1,1
7736,804,5,1,1,1,1,0,0,0,4.0,0.0,1,1,1
7737,804,6,1,1,1,1,1,0,0,5.0,0.0,1,1,1
7738,804,7,1,2,1,1,1,1,0,5.0,0.0,1,1,1
7739,804,8,1,2,1,1,1,1,0,0.0,0.0,1,1,1
7740,804,9,1,2,1,1,0,0,0,7.0,0.0,1,1,1
7741,804,10,1,2,1,1,1,1,1,3.0,0.0,1,1,1
7742,804,11,1,2,1,1,0,1,1,4.0,0.0,1,1,1
7743,804,12,1,2,1,1,1,0,0,0.0,0.0,1,1,1
7744,804,13,1,2,1,1,0,0,0,4.0,0.0,1,1,1
7745,804,14,1,2,1,1,1,0,0,2.0,0.0,1,1,1
7746,804,15,1,2,1,1,0,0,1,1.0,0.0,1,1,1
7747,804,16,1,2,1,1,0,1,0,2.0,0.0,1,1,1
7748,804,17,1,2,1,1,0,0,1,6.0,0.0,1,1,1
7749,804,18,1,1,1,1,1,0,1,3.0,0.0,1,1,1
7750,804,19,1,2,1,1,0,1,1,7.0,0.0,1,1,1
7751,804,20,1,2,1,1,1,1,1,,0.0,1,1,None
7752,805,0,1,0,1,1,0,0,0,1.0,0.0,1,1,1
7753,805,1,0,1,1,1,0,1,0,4.0,0.0,1,1,0
7754,805,2,0,1,1,1,1,0,0,5.0,-1.0,1,0,0
7755,805,3,0,2,1,1,1,1,0,,-1.0,1,0,None
7756,806,0,1,2,1,2,0,0,0,4.0,0.0,1,1,1
7757,806,1,1,2,1,2,1,0,0,3.0,0.0,1,1,1
7758,806,2,1,2,1,2,0,1,1,5.0,0.0,1,1,1
7759,806,3,1,2,1,2,1,1,0,0.0,0.0,1,1,0
7760,806,4,1,2,1,1,0,0,0,3.0,-1.0,1,0,0
7761,806,5,0,2,1,1,0,1,1,,-1.0,1,0,None
7762,807,0,1,0,1,2,0,0,0,6.0,0.0,1,1,1
7763,807,1,1,0,1,2,1,0,1,7.0,0.0,1,1,1
7764,807,2,1,0,1,2,1,1,1,6.0,0.0,1,1,1
7765,807,3,1,0,1,2,1,0,1,4.0,0.0,1,1,1
7766,807,4,1,0,1,2,1,0,0,3.0,0.0,1,1,1
7767,807,5,1,1,1,2,0,1,1,3.0,0.0,1,1,1
7768,807,6,0,2,1,2,0,1,1,6.0,0.0,1,1,1
7769,807,7,0,1,1,2,1,0,1,4.0,0.0,1,1,1
7770,807,8,0,1,1,2,1,0,0,7.0,0.0,1,1,1
7771,807,9,0,2,1,2,1,1,1,5.0,0.0,1,1,1
7772,807,10,0,2,1,2,1,1,0,4.0,0.0,1,1,1
7773,807,11,0,1,1,2,1,0,0,4.0,0.0,1,1,1
7774,807,12,0,1,1,2,1,0,0,5.0,0.0,1,1,0
7775,807,13,0,2,1,2,1,1,0,6.0,-1.0,1,0,0
7776,807,14,0,2,1,1,1,0,1,,-1.0,1,0,None
7777,808,0,2,0,1,2,0,0,0,4.0,0.0,1,1,1
7778,808,1,1,0,1,2,1,0,0,6.0,0.0,1,1,1
7779,808,2,1,0,1,2,1,0,1,1.0,0.0,1,1,1
7780,808,3,2,1,1,2,0,1,0,1.0,0.0,1,1,0
7781,808,4,2,2,1,2,0,1,0,4.0,-1.0,1,0,0
7782,808,5,2,2,1,1,1,0,0,,-1.0,1,0,None
7783,809,0,2,2,1,2,0,0,0,4.0,0.0,1,1,1
7784,809,1,1,2,1,1,1,0,0,3.0,0.0,1,1,0
7785,809,2,1,2,1,1,0,1,1,2.0,-1.0,1,0,0
7786,809,3,2,2,1,1,0,0,1,,-1.0,1,0,None
7787,810,0,2,1,1,2,0,0,0,7.0,0.0,1,1,1
7788,810,1,1,2,1,2,1,1,1,4.0,0.0,1,1,1
7789,810,2,1,2,0,2,1,0,0,5.0,0.0,1,1,1
7790,810,3,1,2,0,2,1,1,0,7.0,0.0,1,1,1
7791,810,4,1,1,1,2,1,1,1,4.0,0.0,1,1,1
7792,810,5,1,1,1,2,1,0,0,2.0,0.0,1,1,1
7793,810,6,1,1,1,1,0,0,1,6.0,0.0,1,1,1
7794,810,7,1,1,1,1,1,0,1,7.0,0.0,1,1,1
7795,810,8,1,2,1,1,1,1,1,2.0,0.0,1,1,1
7796,810,9,1,2,1,1,0,0,1,6.0,0.0,1,1,1
7797,810,10,1,1,1,1,1,0,1,4.0,0.0,1,1,1
7798,810,11,1,1,1,1,1,0,0,5.0,0.0,1,1,0
7799,810,12,1,2,1,1,1,1,0,5.0,-1.0,1,0,0
7800,810,13,1,2,0,1,1,1,0,,-1.0,1,0,None
7801,811,0,1,2,1,0,0,0,0,7.0,0.0,1,1,1
7802,811,1,1,2,1,0,1,1,1,1.0,0.0,1,1,1
7803,811,2,1,2,1,0,0,1,0,3.0,0.0,1,1,1
7804,811,3,1,2,1,0,0,1,1,7.0,0.0,1,1,1
7805,811,4,1,2,1,0,1,1,1,6.0,0.0,1,1,1
7806,811,5,1,1,1,0,1,0,1,6.0,0.0,1,1,1
7807,811,6,1,1,1,0,1,0,1,3.0,0.0,1,1,1
7808,811,7,1,2,1,0,0,1,1,3.0,0.0,1,1,1
7809,811,8,1,2,1,0,0,1,1,0.0,0.0,1,1,1
7810,811,9,1,2,1,0,0,0,0,4.0,0.0,1,1,1
7811,811,10,1,2,1,0,1,0,0,7.0,0.0,1,1,1
7812,811,11,1,2,1,0,1,1,1,4.0,0.0,1,1,1
7813,811,12,1,1,1,0,1,0,0,2.0,0.0,1,1,1
7814,811,13,1,1,1,0,0,0,1,2.0,0.0,1,1,1
7815,811,14,1,1,1,1,0,0,1,7.0,0.0,1,1,1
7816,811,15,1,2,1,1,1,1,1,2.0,0.0,1,1,1
7817,811,16,1,2,1,1,0,0,1,3.0,0.0,1,1,1
7818,811,17,1,2,1,1,0,1,1,2.0,0.0,1,1,1
7819,811,18,1,2,1,1,0,0,1,6.0,0.0,1,1,1
7820,811,19,1,2,1,1,1,0,1,1.0,0.0,1,1,1
7821,811,20,1,2,1,1,0,1,0,,0.0,1,1,None
7822,812,0,0,1,1,2,0,0,0,0.0,0.0,1,1,1
7823,812,1,0,1,1,2,0,0,0,2.0,0.0,1,1,1
7824,812,2,0,1,1,2,0,0,1,4.0,0.0,1,1,1
7825,812,3,0,1,1,2,1,0,0,3.0,0.0,1,1,1
7826,812,4,0,2,1,2,0,1,1,5.0,0.0,1,1,1
7827,812,5,0,2,1,2,1,1,0,5.0,0.0,1,1,1
7828,812,6,0,1,1,2,1,1,0,2.0,0.0,1,1,1
7829,812,7,0,1,1,2,0,0,1,7.0,0.0,1,1,1
7830,812,8,0,2,1,2,1,1,1,7.0,0.0,1,1,1
7831,812,9,0,2,1,2,1,1,1,7.0,0.0,1,1,1
7832,812,10,0,2,1,2,1,1,1,7.0,0.0,1,1,1
7833,812,11,0,2,1,2,1,1,1,2.0,0.0,1,1,1
7834,812,12,0,2,1,2,0,0,1,6.0,0.0,1,1,1
7835,812,13,0,1,1,2,1,0,1,6.0,0.0,1,1,1
7836,812,14,0,1,1,2,1,0,1,3.0,0.0,1,1,1
7837,812,15,0,1,1,2,0,1,1,0.0,0.0,1,1,0
7838,812,16,0,1,1,1,0,0,0,4.0,-1.0,1,0,0
7839,812,17,0,1,0,1,1,0,0,,-1.0,1,0,None
7840,813,0,1,1,1,3,0,0,0,0.0,-1.0,1,0,0
7841,813,1,0,1,0,4,0,0,0,,-1.0,1,0,None
7842,814,0,2,0,1,2,0,0,0,0.0,0.0,1,1,0
7843,814,1,2,0,1,2,0,0,0,1.0,-1.0,1,0,0
7844,814,2,2,0,0,2,0,1,0,,-1.0,1,0,None
7845,815,0,2,0,1,2,0,0,0,2.0,0.0,1,1,1
7846,815,1,2,0,1,2,0,0,1,3.0,0.0,1,1,1
7847,815,2,2,1,1,2,0,1,1,7.0,0.0,1,1,0
7848,815,3,2,2,1,2,1,1,1,1.0,-1.0,1,0,0
7849,815,4,2,2,0,2,0,1,0,,-1.0,1,0,None
7850,816,0,2,1,1,2,0,0,0,3.0,0.0,1,1,0
7851,816,1,2,2,1,2,0,1,1,1.0,-1.0,1,0,0
7852,816,2,2,2,0,2,0,1,0,,-1.0,1,0,None
7853,817,0,2,1,1,3,0,0,0,3.0,-1.0,1,0,0
7854,817,1,2,2,1,3,0,1,1,,-1.0,1,0,None
7855,818,0,1,2,1,2,0,0,0,5.0,0.0,1,1,1
7856,818,1,1,2,1,2,1,1,0,2.0,0.0,1,1,1
7857,818,2,1,1,1,1,0,0,1,4.0,0.0,1,1,1
7858,818,3,1,1,1,1,1,0,0,0.0,0.0,1,1,1
7859,818,4,1,1,1,1,0,0,0,3.0,0.0,1,1,1
7860,818,5,1,2,1,1,0,1,1,5.0,0.0,1,1,1
7861,818,6,1,2,1,1,1,1,0,1.0,0.0,1,1,1
7862,818,7,1,2,1,1,0,1,0,7.0,0.0,1,1,0
7863,818,8,1,2,1,1,1,1,1,1.0,-1.0,1,0,0
7864,818,9,2,2,1,1,0,1,0,,-1.0,1,0,None
7865,819,0,1,2,1,0,0,0,0,6.0,0.0,1,1,1
7866,819,1,1,2,1,0,1,0,1,6.0,0.0,1,1,1
7867,819,2,1,1,1,0,1,0,1,3.0,0.0,1,1,1
7868,819,3,1,2,1,0,0,1,1,3.0,0.0,1,1,1
7869,819,4,1,2,1,0,0,1,1,6.0,0.0,1,1,1
7870,819,5,1,2,1,0,1,0,1,7.0,0.0,1,1,1
7871,819,6,1,2,1,0,1,1,1,6.0,0.0,1,1,1
7872,819,7,1,1,1,0,1,0,1,2.0,0.0,1,1,1
7873,819,8,1,1,1,0,0,0,1,5.0,0.0,1,1,1
7874,819,9,1,1,1,0,1,1,0,6.0,0.0,1,1,1
7875,819,10,1,1,1,0,1,0,1,1.0,0.0,1,1,1
7876,819,11,1,2,1,0,0,1,0,6.0,0.0,1,1,1
7877,819,12,1,1,1,0,1,0,1,3.0,0.0,1,1,1
7878,819,13,1,2,1,0,0,1,1,1.0,0.0,1,1,1
7879,819,14,1,2,1,0,0,1,0,5.0,0.0,1,1,1
7880,819,15,1,2,1,0,1,1,0,7.0,0.0,1,1,1
7881,819,16,1,2,1,0,1,1,1,4.0,0.0,1,1,1
7882,819,17,1,2,1,0,1,0,0,3.0,0.0,1,1,1
7883,819,18,1,2,1,0,0,1,1,6.0,0.0,1,1,1
7884,819,19,1,1,1,0,1,0,1,0.0,0.0,1,1,1
7885,819,20,1,2,1,0,0,0,0,,0.0,1,1,None
7886,820,0,1,2,1,2,0,0,0,7.0,0.0,1,1,1
7887,820,1,1,2,1,2,1,1,1,7.0,0.0,1,1,1
7888,820,2,1,1,1,2,1,1,1,7.0,0.0,1,1,1
7889,820,3,1,2,1,2,1,1,1,1.0,0.0,1,1,1
7890,820,4,2,2,1,2,0,1,0,5.0,0.0,1,1,1
7891,820,5,2,2,1,2,1,1,0,6.0,0.0,1,1,1
7892,820,6,1,1,1,2,1,0,1,0.0,0.0,1,1,1
7893,820,7,1,2,1,1,0,0,0,6.0,0.0,1,1,1
7894,820,8,1,2,1,1,1,0,1,5.0,0.0,1,1,1
7895,820,9,1,2,1,1,1,1,0,6.0,0.0,1,1,1
7896,820,10,1,1,1,1,1,0,1,2.0,0.0,1,1,1
7897,820,11,1,1,1,1,0,0,1,5.0,0.0,1,1,1
7898,820,12,1,2,1,1,1,1,0,1.0,0.0,1,1,1
7899,820,13,1,2,1,1,0,1,0,0.0,0.0,1,1,1
7900,820,14,1,2,1,1,0,0,0,0.0,0.0,1,1,1
7901,820,15,1,1,1,1,0,0,0,6.0,0.0,1,1,0
7902,820,16,1,1,1,1,1,0,1,3.0,-1.0,1,0,0
7903,820,17,2,2,1,1,0,1,1,,-1.0,1,0,None
7904,821,0,2,1,0,2,0,0,0,5.0,-1.0,1,0,0
7905,821,1,2,2,0,2,1,1,0,,-1.0,1,0,None
7906,822,0,2,2,1,2,0,0,0,7.0,0.0,1,1,1
7907,822,1,2,1,1,2,1,1,1,3.0,0.0,1,1,1
7908,822,2,2,1,1,2,0,1,1,0.0,0.0,1,1,1
7909,822,3,2,1,1,2,0,0,0,7.0,0.0,1,1,1
7910,822,4,2,2,1,2,1,1,1,5.0,0.0,1,1,1
7911,822,5,2,2,1,2,1,1,0,6.0,0.0,1,1,1
7912,822,6,2,1,1,2,1,0,1,2.0,0.0,1,1,1
7913,822,7,2,1,1,2,0,0,1,1.0,0.0,1,1,1
7914,822,8,2,1,1,2,0,1,0,1.0,0.0,1,1,1
7915,822,9,2,2,1,2,0,1,0,5.0,0.0,1,1,1
7916,822,10,2,2,1,2,1,1,0,6.0,0.0,1,1,1
7917,822,11,2,1,1,2,1,0,1,5.0,0.0,1,1,1
7918,822,12,1,1,0,2,1,1,0,0.0,0.0,1,1,0
7919,822,13,1,1,0,1,0,0,0,3.0,-1.0,1,0,0
7920,822,14,1,2,0,1,0,1,1,,-1.0,1,0,None
7921,823,0,0,1,1,3,0,0,0,3.0,-1.0,1,0,0
7922,823,1,0,2,1,3,0,1,1,,-1.0,1,0,None
7923,824,0,1,2,1,2,0,0,0,1.0,0.0,1,1,1
7924,824,1,1,2,1,2,0,1,0,1.0,0.0,1,1,1
7925,824,2,1,2,1,2,0,1,0,7.0,0.0,1,1,1
7926,824,3,1,2,1,2,1,1,1,5.0,0.0,1,1,1
7927,824,4,1,2,1,2,1,1,0,6.0,0.0,1,1,1
7928,824,5,1,1,1,1,1,0,1,0.0,0.0,1,1,1
7929,824,6,1,1,1,1,0,0,0,0.0,0.0,1,1,0
7930,824,7,0,1,1,1,0,0,0,5.0,-1.0,1,0,0
7931,824,8,0,2,1,1,1,1,0,,-1.0,1,0,None
7932,825,0,1,1,1,3,0,0,0,6.0,0.0,1,1,1
7933,825,1,1,1,1,3,1,0,1,4.0,0.0,1,1,1
7934,825,2,1,1,1,3,1,0,0,1.0,0.0,1,1,1
7935,825,3,1,2,1,3,0,1,0,1.0,0.0,1,1,1
7936,825,4,1,2,1,3,0,1,0,4.0,0.0,1,1,1
7937,825,5,1,1,1,3,1,0,0,7.0,0.0,1,1,1
7938,825,6,1,2,1,4,1,1,1,4.0,0.0,1,1,1
7939,825,7,1,2,1,4,1,0,0,3.0,0.0,1,1,1
7940,825,8,1,2,1,4,0,1,1,4.0,0.0,1,1,1
7941,825,9,1,1,0,4,1,0,0,3.0,0.0,1,1,1
7942,825,10,1,2,1,4,0,1,1,5.0,0.0,1,1,1
7943,825,11,1,2,1,4,1,1,0,7.0,0.0,1,1,0
7944,825,12,1,2,1,4,1,1,1,1.0,-1.0,1,0,0
7945,825,13,2,2,1,4,0,1,0,,-1.0,1,0,None
7946,826,0,0,1,1,4,0,0,0,5.0,-1.0,1,0,0
7947,826,1,0,2,1,4,1,1,0,,-1.0,1,0,None
7948,827,0,0,1,1,2,0,0,0,7.0,0.0,1,1,1
7949,827,1,0,2,1,2,1,1,1,3.0,0.0,1,1,1
7950,827,2,0,2,1,2,0,1,1,4.0,0.0,1,1,1
7951,827,3,0,2,1,2,1,0,0,1.0,0.0,1,1,1
7952,827,4,0,2,1,2,0,1,0,6.0,0.0,1,1,1
7953,827,5,0,1,1,2,1,0,1,1.0,0.0,1,1,1
7954,827,6,0,2,1,2,0,1,0,6.0,0.0,1,1,1
7955,827,7,0,1,1,2,1,0,1,4.0,0.0,1,1,1
7956,827,8,0,1,1,2,1,0,0,7.0,0.0,1,1,0
7957,827,9,0,2,1,2,1,1,1,0.0,-1.0,1,0,0
7958,827,10,0,2,0,1,0,0,0,,-1.0,1,0,None
7959,828,0,1,2,1,4,0,0,0,4.0,0.0,1,1,1
7960,828,1,1,1,1,4,1,0,0,0.0,0.0,1,1,1
7961,828,2,1,1,1,4,0,0,0,6.0,0.0,1,1,1
7962,828,3,1,1,1,3,1,0,1,6.0,0.0,1,1,1
7963,828,4,1,1,1,2,1,0,1,7.0,0.0,1,1,1
7964,828,5,1,2,1,2,1,1,1,7.0,0.0,1,1,1
7965,828,6,1,2,1,2,1,1,1,2.0,0.0,1,1,1
7966,828,7,1,2,1,1,0,0,1,6.0,0.0,1,1,0
7967,828,8,1,1,1,1,1,0,1,1.0,-1.0,1,0,0
7968,828,9,1,2,0,1,0,1,0,,-1.0,1,0,None
7969,829,0,0,1,0,2,0,0,0,2.0,-1.0,1,0,0
7970,829,1,0,1,0,1,0,0,1,,-1.0,1,0,None
7971,830,0,0,1,1,2,0,0,0,7.0,0.0,1,1,1
7972,830,1,0,2,1,2,1,1,1,2.0,0.0,1,1,1
7973,830,2,0,2,1,2,0,0,1,7.0,0.0,1,1,1
7974,830,3,0,2,1,2,1,1,1,7.0,0.0,1,1,1
7975,830,4,0,2,1,2,1,1,1,0.0,0.0,1,1,1
7976,830,5,0,2,1,2,0,0,0,7.0,0.0,1,1,1
7977,830,6,0,2,1,2,1,1,1,3.0,0.0,1,1,1
7978,830,7,0,2,1,2,0,1,1,6.0,0.0,1,1,1
7979,830,8,0,1,1,2,1,0,1,2.0,0.0,1,1,1
7980,830,9,0,1,1,2,0,0,1,7.0,0.0,1,1,1
7981,830,10,0,2,1,2,1,1,1,5.0,0.0,1,1,1
7982,830,11,0,2,1,2,1,1,0,0.0,0.0,1,1,1
7983,830,12,0,2,1,2,0,0,0,3.0,0.0,1,1,1
7984,830,13,0,2,1,2,0,1,1,3.0,0.0,1,1,1
7985,830,14,0,2,1,2,0,1,1,4.0,0.0,1,1,1
7986,830,15,0,1,1,2,1,0,0,4.0,0.0,1,1,0
7987,830,16,0,1,1,1,1,0,0,4.0,-1.0,1,0,0
7988,830,17,0,1,0,1,1,0,0,,-1.0,1,0,None
7989,831,0,1,2,1,2,0,0,0,0.0,-1.0,1,0,0
7990,831,1,0,2,1,1,0,0,0,,-1.0,1,0,None
7991,832,0,0,0,1,2,0,0,0,0.0,0.0,1,1,1
7992,832,1,0,0,1,2,0,0,0,1.0,0.0,1,1,1
7993,832,2,0,1,1,2,0,1,0,3.0,0.0,1,1,1
7994,832,3,0,2,1,2,0,1,1,1.0,0.0,1,1,1
7995,832,4,0,2,1,2,0,1,0,7.0,0.0,1,1,1
7996,832,5,0,1,1,2,1,1,1,2.0,0.0,1,1,1
7997,832,6,0,1,1,1,0,0,1,7.0,0.0,1,1,0
7998,832,7,0,1,1,1,1,1,1,5.0,-1.0,1,0,0
7999,832,8,0,2,1,1,1,1,0,,-1.0,1,0,None
8000,833,0,0,0,1,2,0,0,0,3.0,0.0,1,1,1
8001,833,1,1,1,1,2,0,1,1,7.0,0.0,1,1,1
8002,833,2,1,1,1,2,1,1,1,6.0,0.0,1,1,1
8003,833,3,1,1,1,1,1,0,1,7.0,0.0,1,1,1
8004,833,4,1,2,1,1,1,1,1,2.0,0.0,1,1,1
8005,833,5,1,2,1,1,0,0,1,3.0,0.0,1,1,1
8006,833,6,1,2,1,1,0,1,1,3.0,0.0,1,1,1
8007,833,7,1,2,1,1,0,1,1,4.0,0.0,1,1,1
8008,833,8,1,2,1,1,1,0,0,6.0,0.0,1,1,1
8009,833,9,1,2,1,1,1,0,1,5.0,0.0,1,1,1
8010,833,10,1,2,1,1,1,1,0,7.0,0.0,1,1,1
8011,833,11,1,2,1,1,1,1,1,2.0,0.0,1,1,1
8012,833,12,1,2,1,1,0,0,1,5.0,0.0,1,1,1
8013,833,13,1,2,1,1,1,1,0,7.0,0.0,1,1,1
8014,833,14,1,2,1,1,1,1,1,6.0,0.0,1,1,1
8015,833,15,1,1,1,1,1,0,1,6.0,0.0,1,1,0
8016,833,16,1,1,1,1,1,0,1,3.0,-1.0,1,0,0
8017,833,17,2,2,1,1,0,1,1,,-1.0,1,0,None
8018,834,0,0,2,1,2,0,0,0,3.0,0.0,1,1,1
8019,834,1,1,2,1,2,0,1,1,1.0,0.0,1,1,1
8020,834,2,1,2,1,2,0,1,0,2.0,0.0,1,1,1
8021,834,3,1,2,1,2,0,0,1,2.0,0.0,1,1,1
8022,834,4,1,2,1,2,0,0,1,3.0,0.0,1,1,1
8023,834,5,1,2,1,2,0,1,1,6.0,0.0,1,1,1
8024,834,6,1,1,1,2,1,0,1,5.0,0.0,1,1,1
8025,834,7,1,2,1,2,1,1,0,0.0,0.0,1,1,1
8026,834,8,1,2,1,2,0,0,0,4.0,0.0,1,1,1
8027,834,9,1,1,1,2,1,0,0,6.0,0.0,1,1,1
8028,834,10,1,1,1,2,1,0,1,0.0,0.0,1,1,1
8029,834,11,1,1,1,1,0,0,0,0.0,0.0,1,1,1
8030,834,12,1,1,1,1,0,0,0,0.0,0.0,1,1,1
8031,834,13,1,1,1,1,0,0,0,2.0,0.0,1,1,1
8032,834,14,1,1,1,1,0,0,1,0.0,0.0,1,1,1
8033,834,15,1,1,1,0,0,0,0,3.0,0.0,1,1,1
8034,834,16,1,2,1,0,0,1,1,2.0,0.0,1,1,1
8035,834,17,1,2,1,1,0,0,1,3.0,0.0,1,1,1
8036,834,18,1,2,1,1,0,1,1,4.0,0.0,1,1,1
8037,834,19,1,2,1,1,1,0,0,2.0,0.0,1,1,1
8038,834,20,1,2,1,1,0,0,1,,0.0,1,1,None
8039,835,0,0,0,1,2,0,0,0,3.0,0.0,1,1,1
8040,835,1,0,1,1,2,0,1,1,3.0,0.0,1,1,1
8041,835,2,0,2,1,2,0,1,1,2.0,0.0,1,1,1
8042,835,3,0,2,1,2,0,0,1,1.0,0.0,1,1,1
8043,835,4,0,2,1,2,0,1,0,4.0,0.0,1,1,1
8044,835,5,0,1,0,2,1,0,0,3.0,0.0,1,1,1
8045,835,6,0,1,1,2,0,1,1,7.0,0.0,1,1,1
8046,835,7,0,1,1,2,1,1,1,7.0,0.0,1,1,1
8047,835,8,0,2,1,2,1,1,1,1.0,0.0,1,1,1
8048,835,9,0,2,1,2,0,1,0,4.0,0.0,1,1,1
8049,835,10,0,2,1,2,1,0,0,6.0,0.0,1,1,1
8050,835,11,0,2,1,2,1,0,1,7.0,0.0,1,1,1
8051,835,12,0,2,1,2,1,1,1,5.0,0.0,1,1,1
8052,835,13,0,2,1,2,1,1,0,5.0,0.0,1,1,1
8053,835,14,0,2,1,2,1,1,0,6.0,0.0,1,1,1
8054,835,15,0,1,1,2,1,0,1,2.0,0.0,1,1,1
8055,835,16,0,1,1,1,0,0,1,6.0,0.0,1,1,0
8056,835,17,0,1,1,1,1,0,1,7.0,-1.0,1,0,0
8057,835,18,0,2,1,1,1,1,1,,-1.0,1,0,None
8058,836,0,1,1,1,3,0,0,0,6.0,0.0,1,1,1
8059,836,1,1,1,1,3,1,0,1,3.0,0.0,1,1,1
8060,836,2,1,2,1,3,0,1,1,1.0,0.0,1,1,1
8061,836,3,1,2,1,3,0,1,0,7.0,0.0,1,1,0
8062,836,4,1,2,1,3,1,1,1,5.0,-1.0,1,0,0
8063,836,5,1,2,0,3,1,1,0,,-1.0,1,0,None
8064,837,0,1,1,0,1,0,0,0,7.0,0.0,1,1,1
8065,837,1,1,2,1,1,1,1,1,3.0,0.0,1,1,1
8066,837,2,1,2,1,1,0,1,1,5.0,0.0,1,1,1
8067,837,3,1,2,1,1,1,1,0,1.0,0.0,1,1,1
8068,837,4,1,2,1,1,0,1,0,7.0,0.0,1,1,1
8069,837,5,1,2,1,1,1,1,1,5.0,0.0,1,1,1
8070,837,6,1,1,0,1,1,1,0,2.0,0.0,1,1,0
8071,837,7,1,0,1,1,0,0,1,2.0,-1.0,1,0,0
8072,837,8,2,0,1,1,0,0,1,,-1.0,1,0,None
8073,838,0,2,1,1,2,0,0,0,6.0,0.0,1,1,2
8074,838,1,1,1,1,2,1,0,1,0.0,1.0,1,2,2
8075,838,2,1,1,1,2,0,0,0,,1.0,1,2,None
8076,839,0,1,1,0,3,0,0,0,4.0,0.0,1,1,0
8077,839,1,1,1,0,3,1,0,0,7.0,-1.0,1,0,0
8078,839,2,1,2,0,3,1,1,1,,-1.0,1,0,None
8079,840,0,1,2,1,2,0,0,0,5.0,0.0,1,1,1
8080,840,1,1,2,1,2,1,1,0,3.0,0.0,1,1,1
8081,840,2,1,2,1,2,0,1,1,1.0,0.0,1,1,1
8082,840,3,1,2,1,2,0,1,0,7.0,0.0,1,1,1
8083,840,4,1,1,1,2,1,1,1,3.0,0.0,1,1,1
8084,840,5,1,2,1,2,0,1,1,1.0,0.0,1,1,1
8085,840,6,1,2,1,2,0,1,0,0.0,0.0,1,1,1
8086,840,7,1,2,1,2,0,0,0,3.0,0.0,1,1,1
8087,840,8,1,2,1,2,0,1,1,0.0,0.0,1,1,1
8088,840,9,1,2,1,2,0,0,0,2.0,0.0,1,1,1
8089,840,10,1,2,1,2,0,0,1,2.0,0.0,1,1,1
8090,840,11,1,2,1,1,0,0,1,4.0,0.0,1,1,0
8091,840,12,1,1,1,1,1,0,0,1.0,-1.0,1,0,0
8092,840,13,2,2,1,1,0,1,0,,-1.0,1,0,None
8093,841,0,2,2,1,2,0,0,0,3.0,0.0,1,1,1
8094,841,1,2,2,1,2,0,1,1,7.0,0.0,1,1,1
8095,841,2,2,2,1,2,1,1,1,0.0,0.0,1,1,1
8096,841,3,2,1,1,2,0,0,0,0.0,0.0,1,1,1
8097,841,4,2,1,1,1,0,0,0,6.0,0.0,1,1,1
8098,841,5,1,1,1,1,1,0,1,4.0,0.0,1,1,1
8099,841,6,1,1,1,1,1,0,0,6.0,0.0,1,1,1
8100,841,7,1,1,1,1,1,0,1,4.0,0.0,1,1,1
8101,841,8,1,1,1,0,1,0,0,2.0,0.0,1,1,1
8102,841,9,1,1,1,0,0,0,1,7.0,0.0,1,1,1
8103,841,10,1,1,1,0,1,1,1,4.0,0.0,1,1,1
8104,841,11,1,1,1,0,1,0,0,4.0,0.0,1,1,1
8105,841,12,1,1,1,0,1,0,0,5.0,0.0,1,1,1
8106,841,13,1,2,1,0,1,1,0,6.0,0.0,1,1,1
8107,841,14,1,2,1,1,1,0,1,0.0,0.0,1,1,1
8108,841,15,1,2,1,1,0,0,0,3.0,0.0,1,1,1
8109,841,16,1,2,1,1,0,1,1,1.0,0.0,1,1,1
8110,841,17,1,2,1,1,0,1,0,5.0,0.0,1,1,1
8111,841,18,1,1,0,1,1,1,0,0.0,0.0,1,1,1
8112,841,19,1,1,0,0,0,0,0,1.0,0.0,1,1,1
8113,841,20,1,1,0,0,0,1,0,,0.0,1,1,None
8114,842,0,0,0,1,2,0,0,0,1.0,0.0,1,1,1
8115,842,1,0,1,1,2,0,1,0,2.0,0.0,1,1,1
8116,842,2,0,1,1,2,0,0,1,0.0,0.0,1,1,1
8117,842,3,0,1,1,2,0,0,0,2.0,0.0,1,1,1
8118,842,4,1,1,1,2,0,0,1,5.0,0.0,1,1,1
8119,842,5,1,1,1,2,1,1,0,2.0,0.0,1,1,0
8120,842,6,1,2,1,1,0,0,1,1.0,-1.0,1,0,0
8121,842,7,2,2,1,1,0,1,0,,-1.0,1,0,None
8122,843,0,2,1,1,3,0,0,0,5.0,0.0,1,1,1
8123,843,1,1,2,1,3,1,1,0,2.0,0.0,1,1,1
8124,843,2,1,2,1,2,0,0,1,0.0,0.0,1,1,1
8125,843,3,1,2,1,3,0,0,0,6.0,0.0,1,1,1
8126,843,4,1,2,1,4,1,0,1,1.0,0.0,1,1,1
8127,843,5,1,2,1,4,0,1,0,5.0,0.0,1,1,1
8128,843,6,1,2,1,4,1,1,0,1.0,0.0,1,1,1
8129,843,7,1,2,1,4,0,1,0,0.0,0.0,1,1,1
8130,843,8,1,2,1,4,0,0,0,3.0,0.0,1,1,1
8131,843,9,1,2,1,4,0,1,1,5.0,0.0,1,1,1
8132,843,10,1,2,1,4,1,1,0,7.0,0.0,1,1,1
8133,843,11,1,2,1,4,1,1,1,4.0,0.0,1,1,1
8134,843,12,1,2,1,4,1,0,0,1.0,0.0,1,1,1
8135,843,13,1,2,1,4,0,1,0,4.0,0.0,1,1,1
8136,843,14,1,2,1,4,1,0,0,7.0,0.0,1,1,1
8137,843,15,1,2,1,4,1,1,1,6.0,0.0,1,1,1
8138,843,16,1,2,1,3,1,0,1,4.0,0.0,1,1,1
8139,843,17,1,2,1,3,1,0,0,2.0,0.0,1,1,1
8140,843,18,1,2,1,2,0,0,1,4.0,0.0,1,1,1
8141,843,19,1,1,1,2,1,0,0,7.0,0.0,1,1,1
8142,843,20,1,1,1,2,1,1,1,,0.0,1,1,None
8143,844,0,1,0,1,3,0,0,0,3.0,-1.0,1,0,0
8144,844,1,2,0,1,3,0,1,1,,-1.0,1,0,None
8145,845,0,2,1,1,3,0,0,0,7.0,0.0,1,1,1
8146,845,1,1,1,1,4,1,1,1,4.0,0.0,1,1,1
8147,845,2,1,1,1,4,1,0,0,1.0,0.0,1,1,1
8148,845,3,1,2,1,4,0,1,0,1.0,0.0,1,1,1
8149,845,4,1,2,1,4,0,1,0,3.0,0.0,1,1,1
8150,845,5,1,2,1,4,0,1,1,3.0,0.0,1,1,1
8151,845,6,1,2,1,4,0,1,1,5.0,0.0,1,1,1
8152,845,7,1,2,1,4,1,1,0,3.0,0.0,1,1,1
8153,845,8,1,2,1,4,0,1,1,7.0,0.0,1,1,1
8154,845,9,1,2,1,4,1,1,1,1.0,0.0,1,1,1
8155,845,10,1,2,1,4,0,1,0,6.0,0.0,1,1,1
8156,845,11,1,2,1,4,1,0,1,6.0,0.0,1,1,1
8157,845,12,1,1,1,4,1,0,1,1.0,0.0,1,1,1
8158,845,13,1,2,1,4,0,1,0,4.0,0.0,1,1,1
8159,845,14,1,1,1,4,1,0,0,0.0,0.0,1,1,1
8160,845,15,2,1,1,4,0,0,0,7.0,0.0,1,1,1
8161,845,16,1,2,1,4,1,1,1,6.0,0.0,1,1,1
8162,845,17,1,1,1,4,1,0,1,3.0,0.0,1,1,1
8163,845,18,1,2,1,4,0,1,1,4.0,0.0,1,1,1
8164,845,19,1,2,1,4,1,0,0,3.0,0.0,1,1,1
8165,845,20,1,2,1,4,0,1,1,,0.0,1,1,None
8166,846,0,0,1,1,2,0,0,0,0.0,-1.0,1,0,0
8167,846,1,0,2,0,2,0,0,0,,-1.0,1,0,None
8168,847,0,1,0,1,0,0,0,0,6.0,0.0,1,1,1
8169,847,1,1,0,1,0,1,0,1,5.0,0.0,1,1,1
8170,847,2,1,1,0,0,1,1,0,2.0,0.0,1,1,1
8171,847,3,1,1,1,0,0,0,1,2.0,0.0,1,1,1
8172,847,4,1,2,1,0,0,0,1,1.0,0.0,1,1,1
8173,847,5,1,2,1,0,0,1,0,4.0,0.0,1,1,1
8174,847,6,1,1,1,0,1,0,0,2.0,0.0,1,1,1
8175,847,7,1,1,1,0,0,0,1,5.0,0.0,1,1,1
8176,847,8,1,2,1,0,1,1,0,6.0,0.0,1,1,1
8177,847,9,1,2,1,0,1,0,1,1.0,0.0,1,1,1
8178,847,10,1,2,1,0,0,1,0,2.0,0.0,1,1,1
8179,847,11,1,2,1,0,0,0,1,3.0,0.0,1,1,1
8180,847,12,1,2,1,0,0,1,1,7.0,0.0,1,1,1
8181,847,13,1,2,1,0,1,1,1,0.0,0.0,1,1,1
8182,847,14,1,2,1,0,0,0,0,4.0,0.0,1,1,1
8183,847,15,1,1,1,0,1,0,0,6.0,0.0,1,1,1
8184,847,16,1,1,1,0,1,0,1,1.0,0.0,1,1,1
8185,847,17,1,2,1,0,0,1,0,6.0,0.0,1,1,1
8186,847,18,1,2,1,0,1,0,1,0.0,0.0,1,1,1
8187,847,19,1,2,1,0,0,0,0,2.0,0.0,1,1,1
8188,847,20,1,2,1,0,0,0,1,,0.0,1,1,None
8189,848,0,1,1,0,1,0,0,0,5.0,0.0,1,1,1
8190,848,1,1,1,0,1,1,1,0,3.0,0.0,1,1,1
8191,848,2,1,1,1,1,0,1,1,3.0,0.0,1,1,1
8192,848,3,1,2,1,1,0,1,1,0.0,0.0,1,1,1
8193,848,4,1,2,1,1,0,0,0,6.0,0.0,1,1,1
8194,848,5,1,1,1,1,1,0,1,2.0,0.0,1,1,1
8195,848,6,1,1,1,1,0,0,1,6.0,0.0,1,1,1
8196,848,7,1,1,1,1,1,0,1,5.0,0.0,1,1,1
8197,848,8,1,1,0,1,1,1,0,3.0,0.0,1,1,0
8198,848,9,1,2,1,1,0,1,1,1.0,-1.0,1,0,0
8199,848,10,1,2,0,1,0,1,0,,-1.0,1,0,None
8200,849,0,0,1,1,2,0,0,0,5.0,0.0,1,1,1
8201,849,1,0,1,1,2,1,1,0,7.0,0.0,1,1,1
8202,849,2,0,1,1,2,1,1,1,1.0,0.0,1,1,0
8203,849,3,0,2,1,2,0,1,0,6.0,-1.0,1,0,0
8204,849,4,0,2,1,1,1,0,1,,-1.0,1,0,None
8205,850,0,2,2,1,2,0,0,0,2.0,0.0,1,1,1
8206,850,1,1,2,1,2,0,0,1,1.0,0.0,1,1,1
8207,850,2,1,2,1,2,0,1,0,1.0,0.0,1,1,1
8208,850,3,1,2,1,2,0,1,0,5.0,0.0,1,1,1
8209,850,4,1,2,1,2,1,1,0,7.0,0.0,1,1,1
8210,850,5,1,2,1,2,1,1,1,3.0,0.0,1,1,1
8211,850,6,1,2,1,2,0,1,1,1.0,0.0,1,1,1
8212,850,7,1,2,1,2,0,1,0,1.0,0.0,1,1,1
8213,850,8,0,2,1,2,0,1,0,7.0,0.0,1,1,1
8214,850,9,0,2,1,2,1,1,1,3.0,0.0,1,1,1
8215,850,10,0,2,1,2,0,1,1,5.0,0.0,1,1,1
8216,850,11,0,1,1,2,1,1,0,3.0,0.0,1,1,1
8217,850,12,0,1,1,2,0,1,1,2.0,0.0,1,1,1
8218,850,13,0,1,1,2,0,0,1,1.0,0.0,1,1,1
8219,850,14,0,1,1,2,0,1,0,1.0,0.0,1,1,1
8220,850,15,0,1,1,2,0,1,0,6.0,0.0,1,1,0
8221,850,16,0,1,1,1,1,0,1,5.0,-1.0,1,0,0
8222,850,17,0,2,0,1,1,1,0,,-1.0,1,0,None
8223,851,0,2,0,1,2,0,0,0,5.0,0.0,1,1,1
8224,851,1,1,1,1,2,1,1,0,1.0,0.0,1,1,1
8225,851,2,1,2,1,2,0,1,0,7.0,0.0,1,1,1
8226,851,3,1,2,1,2,1,1,1,0.0,0.0,1,1,1
8227,851,4,1,1,0,2,0,0,0,2.0,0.0,1,1,1
8228,851,5,1,1,1,2,0,0,1,4.0,0.0,1,1,1
8229,851,6,1,1,1,2,1,0,0,1.0,0.0,1,1,1
8230,851,7,1,2,1,2,0,1,0,6.0,0.0,1,1,1
8231,851,8,1,0,1,2,1,0,1,1.0,0.0,1,1,1
8232,851,9,1,0,0,2,0,1,0,0.0,0.0,1,1,1
8233,851,10,1,0,0,2,0,0,0,3.0,0.0,1,1,1
8234,851,11,1,1,0,2,0,1,1,1.0,0.0,1,1,1
8235,851,12,1,2,0,2,0,1,0,7.0,0.0,1,1,1
8236,851,13,1,2,1,2,1,1,1,4.0,0.0,1,1,1
8237,851,14,1,1,1,2,1,0,0,1.0,0.0,1,1,1
8238,851,15,1,2,1,2,0,1,0,2.0,0.0,1,1,1
8239,851,16,1,2,1,2,0,0,1,6.0,0.0,1,1,1
8240,851,17,1,2,1,2,1,0,1,0.0,0.0,1,1,1
8241,851,18,1,2,1,2,0,0,0,6.0,0.0,1,1,1
8242,851,19,1,2,1,2,1,0,1,6.0,0.0,1,1,1
8243,851,20,1,2,1,2,1,0,1,,0.0,1,1,None
8244,852,0,2,2,1,2,0,0,0,0.0,0.0,1,1,1
8245,852,1,2,2,1,2,0,0,0,3.0,0.0,1,1,1
8246,852,2,2,2,1,2,0,1,1,7.0,0.0,1,1,1
8247,852,3,2,2,1,2,1,1,1,2.0,0.0,1,1,1
8248,852,4,2,1,1,2,0,0,1,5.0,0.0,1,1,1
8249,852,5,1,2,1,2,1,1,0,4.0,0.0,1,1,1
8250,852,6,1,1,1,1,1,0,0,6.0,0.0,1,1,1
8251,852,7,1,1,1,1,1,0,1,2.0,0.0,1,1,1
8252,852,8,1,1,1,1,0,0,1,6.0,0.0,1,1,1
8253,852,9,1,1,1,1,1,0,1,3.0,0.0,1,1,1
8254,852,10,1,2,1,1,0,1,1,6.0,0.0,1,1,1
8255,852,11,1,2,1,1,1,0,1,7.0,0.0,1,1,1
8256,852,12,1,1,1,1,1,1,1,5.0,0.0,1,1,1
8257,852,13,1,2,1,1,1,1,0,7.0,0.0,1,1,1
8258,852,14,1,2,1,1,1,1,1,5.0,0.0,1,1,1
8259,852,15,1,2,1,1,1,1,0,3.0,0.0,1,1,0
8260,852,16,1,2,1,1,0,1,1,1.0,-1.0,1,0,0
8261,852,17,0,2,1,1,0,1,0,,-1.0,1,0,None
8262,853,0,1,1,1,1,0,0,0,3.0,0.0,1,1,1
8263,853,1,1,1,1,1,0,1,1,4.0,0.0,1,1,1
8264,853,2,1,1,1,1,1,0,0,1.0,0.0,1,1,1
8265,853,3,1,2,1,1,0,1,0,1.0,0.0,1,1,0
8266,853,4,1,2,1,1,0,1,0,1.0,-1.0,1,0,0
8267,853,5,1,2,0,1,0,1,0,,-1.0,1,0,None
8268,854,0,2,1,1,2,0,0,0,4.0,0.0,1,1,1
8269,854,1,1,1,1,2,1,0,0,2.0,0.0,1,1,1
8270,854,2,1,1,1,2,0,0,1,3.0,0.0,1,1,1
8271,854,3,0,1,1,2,0,1,1,7.0,0.0,1,1,1
8272,854,4,0,2,1,2,1,1,1,6.0,0.0,1,1,0
8273,854,5,0,2,1,2,1,0,1,5.0,-1.0,1,0,0
8274,854,6,0,2,0,2,1,1,0,,-1.0,1,0,None
8275,855,0,1,1,1,3,0,0,0,6.0,0.0,1,1,1
8276,855,1,1,1,1,3,1,0,1,4.0,0.0,1,1,1
8277,855,2,1,1,1,2,1,0,0,1.0,0.0,1,1,0
8278,855,3,2,2,1,2,0,1,0,6.0,-1.0,1,0,0
8279,855,4,2,2,1,1,1,0,1,,-1.0,1,0,None
8280,856,0,0,1,1,3,0,0,0,4.0,0.0,1,1,1
8281,856,1,0,1,1,3,1,0,0,4.0,0.0,1,1,1
8282,856,2,0,1,1,3,1,0,0,0.0,0.0,1,1,1
8283,856,3,0,1,1,3,0,0,0,4.0,0.0,1,1,0
8284,856,4,0,1,1,3,1,0,0,0.0,-1.0,1,0,0
8285,856,5,0,1,0,1,0,0,0,,-1.0,1,0,None
8286,857,0,1,2,1,2,0,0,0,4.0,0.0,1,1,1
8287,857,1,1,2,1,2,1,0,0,0.0,0.0,1,1,1
8288,857,2,1,2,0,2,0,0,0,6.0,0.0,1,1,0
8289,857,3,1,1,0,1,1,0,1,1.0,-1.0,1,0,0
8290,857,4,1,2,0,1,0,1,0,,-1.0,1,0,None
8291,858,0,1,2,1,2,0,0,0,5.0,0.0,1,1,1
8292,858,1,1,2,1,2,1,1,0,0.0,0.0,1,1,1
8293,858,2,1,2,1,2,0,0,0,6.0,0.0,1,1,1
8294,858,3,1,2,1,2,1,0,1,2.0,0.0,1,1,1
8295,858,4,1,2,1,2,0,0,1,5.0,0.0,1,1,1
8296,858,5,1,2,1,2,1,1,0,2.0,0.0,1,1,1
8297,858,6,2,2,1,2,0,0,1,1.0,0.0,1,1,1
8298,858,7,2,2,1,2,0,1,0,6.0,0.0,1,1,1
8299,858,8,1,1,1,2,1,0,1,4.0,0.0,1,1,1
8300,858,9,1,1,0,2,1,0,0,1.0,0.0,1,1,1
8301,858,10,1,2,0,2,0,1,0,3.0,0.0,1,1,1
8302,858,11,1,2,1,2,0,1,1,3.0,0.0,1,1,1
8303,858,12,1,2,1,2,0,1,1,1.0,0.0,1,1,1
8304,858,13,1,2,1,2,0,1,0,4.0,0.0,1,1,1
8305,858,14,1,1,1,2,1,0,0,1.0,0.0,1,1,1
8306,858,15,1,1,1,2,0,1,0,1.0,0.0,1,1,1
8307,858,16,1,2,1,2,0,1,0,6.0,0.0,1,1,1
8308,858,17,1,1,1,2,1,0,1,5.0,0.0,1,1,1
8309,858,18,1,2,1,2,1,1,0,4.0,0.0,1,1,1
8310,858,19,1,2,1,2,1,0,0,2.0,0.0,1,1,1
8311,858,20,1,2,1,2,0,0,1,,0.0,1,1,None
8312,859,0,1,0,1,2,0,0,0,4.0,0.0,1,1,1
8313,859,1,1,0,1,2,1,0,0,1.0,0.0,1,1,1
8314,859,2,1,1,1,2,0,1,0,4.0,0.0,1,1,1
8315,859,3,1,1,1,2,1,0,0,4.0,0.0,1,1,1
8316,859,4,1,1,1,2,1,0,0,3.0,0.0,1,1,1
8317,859,5,1,1,1,2,0,1,1,2.0,0.0,1,1,1
8318,859,6,1,1,1,2,0,0,1,7.0,0.0,1,1,1
8319,859,7,1,2,1,2,1,1,1,4.0,0.0,1,1,1
8320,859,8,1,1,0,2,1,0,0,3.0,0.0,1,1,1
8321,859,9,1,2,1,2,0,1,1,6.0,0.0,1,1,1
8322,859,10,1,1,1,2,1,0,1,0.0,0.0,1,1,1
8323,859,11,1,1,1,1,0,0,0,3.0,0.0,1,1,0
8324,859,12,1,2,1,1,0,1,1,1.0,-1.0,1,0,0
8325,859,13,2,2,1,1,0,1,0,,-1.0,1,0,None
8326,860,0,1,1,1,3,0,0,0,5.0,0.0,1,1,1
8327,860,1,1,2,1,3,1,1,0,1.0,0.0,1,1,1
8328,860,2,1,2,1,3,0,1,0,3.0,0.0,1,1,1
8329,860,3,1,2,1,4,0,1,1,3.0,0.0,1,1,1
8330,860,4,1,2,1,4,0,1,1,4.0,0.0,1,1,1
8331,860,5,1,0,1,4,1,0,0,1.0,0.0,1,1,1
8332,860,6,1,2,1,4,0,1,0,6.0,0.0,1,1,1
8333,860,7,1,1,1,4,1,0,1,0.0,0.0,1,1,1
8334,860,8,2,1,1,4,0,0,0,6.0,0.0,1,1,1
8335,860,9,1,1,1,3,1,0,1,5.0,0.0,1,1,1
8336,860,10,1,1,1,4,1,1,0,4.0,0.0,1,1,1
8337,860,11,1,1,1,4,1,0,0,5.0,0.0,1,1,1
8338,860,12,1,2,1,4,1,1,0,5.0,0.0,1,1,1
8339,860,13,1,2,1,4,1,1,0,3.0,0.0,1,1,0
8340,860,14,1,2,1,4,0,1,1,0.0,-1.0,1,0,0
8341,860,15,0,2,1,4,0,0,0,,-1.0,1,0,None
8342,861,0,1,2,1,2,0,0,0,2.0,0.0,1,1,1
8343,861,1,1,2,1,2,0,0,1,3.0,0.0,1,1,1
8344,861,2,1,2,1,2,0,1,1,0.0,0.0,1,1,0
8345,861,3,2,2,1,2,0,0,0,1.0,-1.0,1,0,0
8346,861,4,2,2,0,2,0,1,0,,-1.0,1,0,None
8347,862,0,0,1,1,3,0,0,0,4.0,0.0,1,1,1
8348,862,1,0,1,1,3,1,0,0,6.0,0.0,1,1,1
8349,862,2,0,1,1,3,1,0,1,2.0,0.0,1,1,0
8350,862,3,0,1,1,3,0,0,1,2.0,-1.0,1,0,0
8351,862,4,0,0,1,3,0,0,1,,-1.0,1,0,None
8352,863,0,2,2,1,2,0,0,0,5.0,0.0,1,1,1
8353,863,1,2,2,1,2,1,1,0,6.0,0.0,1,1,1
8354,863,2,1,1,1,2,1,0,1,1.0,0.0,1,1,1
8355,863,3,1,2,1,2,0,1,0,0.0,0.0,1,1,1
8356,863,4,1,2,1,2,0,0,0,2.0,0.0,1,1,1
8357,863,5,0,2,1,2,0,0,1,2.0,0.0,1,1,0
8358,863,6,0,2,1,2,0,0,1,0.0,-1.0,1,0,0
8359,863,7,0,2,1,1,0,0,0,,-1.0,1,0,None
8360,864,0,1,2,1,1,0,0,0,0.0,-1.0,1,0,0
8361,864,1,1,2,0,1,0,0,0,,-1.0,1,0,None
8362,865,0,1,0,1,4,0,0,0,5.0,0.0,1,1,1
8363,865,1,1,0,1,4,1,1,0,5.0,0.0,1,1,1
8364,865,2,1,0,1,4,1,1,0,0.0,0.0,1,1,1
8365,865,3,1,0,1,4,0,0,0,6.0,0.0,1,1,1
8366,865,4,1,0,1,1,1,0,1,1.0,0.0,1,1,1
8367,865,5,1,1,1,1,0,1,0,6.0,0.0,1,1,1
8368,865,6,1,1,1,1,1,0,1,7.0,0.0,1,1,1
8369,865,7,1,1,1,1,1,1,1,6.0,0.0,1,1,1
8370,865,8,1,1,1,1,1,0,1,6.0,0.0,1,1,1
8371,865,9,1,1,1,1,1,0,1,3.0,0.0,1,1,1
8372,865,10,1,2,1,1,0,1,1,7.0,0.0,1,1,1
8373,865,11,1,1,1,1,1,1,1,7.0,0.0,1,1,1
8374,865,12,1,2,1,1,1,1,1,6.0,0.0,1,1,1
8375,865,13,1,1,1,1,1,0,1,0.0,0.0,1,1,1
8376,865,14,2,1,1,1,0,0,0,4.0,0.0,1,1,1
8377,865,15,1,1,1,1,1,0,0,4.0,0.0,1,1,1
8378,865,16,1,1,1,1,1,0,0,4.0,0.0,1,1,1
8379,865,17,1,1,1,1,1,0,0,1.0,0.0,1,1,1
8380,865,18,1,2,1,1,0,1,0,7.0,0.0,1,1,1
8381,865,19,1,2,1,1,1,1,1,2.0,0.0,1,1,1
8382,865,20,1,2,1,1,0,0,1,,0.0,1,1,None
8383,866,0,0,1,1,2,0,0,0,5.0,0.0,1,1,1
8384,866,1,0,1,1,2,1,1,0,7.0,0.0,1,1,1
8385,866,2,0,2,1,2,1,1,1,3.0,0.0,1,1,0
8386,866,3,0,2,1,2,0,1,1,1.0,-1.0,1,0,0
8387,866,4,0,2,0,2,0,1,0,,-1.0,1,0,None
8388,867,0,1,2,1,2,0,0,0,0.0,1.0,1,2,2
8389,867,1,1,1,1,2,0,0,0,,1.0,1,2,None
8390,868,0,1,2,0,2,0,0,0,0.0,-1.0,1,0,0
8391,868,1,1,2,0,1,0,0,0,,-1.0,1,0,None
8392,869,0,1,1,1,1,0,0,0,3.0,-1.0,1,0,0
8393,869,1,0,2,1,1,0,1,1,,-1.0,1,0,None
8394,870,0,2,1,1,2,0,0,0,1.0,0.0,1,1,0
8395,870,1,2,1,0,2,0,1,0,0.0,-1.0,1,0,0
8396,870,2,2,1,0,1,0,0,0,,-1.0,1,0,None
8397,871,0,1,0,1,4,0,0,0,4.0,0.0,1,1,1
8398,871,1,1,0,1,4,1,0,0,4.0,0.0,1,1,1
8399,871,2,1,0,1,4,1,0,0,4.0,0.0,1,1,1
8400,871,3,1,0,1,3,1,0,0,2.0,0.0,1,1,1
8401,871,4,1,0,1,4,0,0,1,1.0,0.0,1,1,1
8402,871,5,1,1,1,4,0,1,0,0.0,0.0,1,1,1
8403,871,6,1,1,1,4,0,0,0,2.0,0.0,1,1,1
8404,871,7,1,1,1,3,0,0,1,3.0,0.0,1,1,1
8405,871,8,1,1,1,4,0,1,1,2.0,0.0,1,1,1
8406,871,9,1,1,1,4,0,0,1,1.0,0.0,1,1,1
8407,871,10,1,2,1,4,0,1,0,7.0,0.0,1,1,0
8408,871,11,1,1,1,4,1,1,1,3.0,-1.0,1,0,0
8409,871,12,2,2,1,4,0,1,1,,-1.0,1,0,None
8410,872,0,1,2,1,2,0,0,0,3.0,0.0,1,1,1
8411,872,1,1,2,1,2,0,1,1,6.0,0.0,1,1,1
8412,872,2,1,0,1,2,1,0,1,1.0,0.0,1,1,1
8413,872,3,1,1,1,2,0,1,0,3.0,0.0,1,1,1
8414,872,4,1,2,1,2,0,1,1,1.0,0.0,1,1,1
8415,872,5,1,2,1,2,0,1,0,2.0,0.0,1,1,1
8416,872,6,0,2,1,2,0,0,1,2.0,0.0,1,1,1
8417,872,7,0,2,1,2,0,0,1,6.0,0.0,1,1,1
8418,872,8,0,2,1,2,1,0,1,0.0,0.0,1,1,1
8419,872,9,0,2,1,2,0,0,0,0.0,0.0,1,1,1
8420,872,10,0,1,1,2,0,0,0,3.0,0.0,1,1,1
8421,872,11,0,1,1,2,0,1,1,3.0,0.0,1,1,1
8422,872,12,0,2,1,2,0,1,1,7.0,0.0,1,1,1
8423,872,13,0,2,1,2,1,1,1,1.0,0.0,1,1,1
8424,872,14,0,2,1,2,0,1,0,3.0,0.0,1,1,1
8425,872,15,0,2,1,2,0,1,1,3.0,0.0,1,1,0
8426,872,16,0,2,1,2,0,1,1,6.0,-1.0,1,0,0
8427,872,17,0,2,1,1,1,0,1,,-1.0,1,0,None
8428,873,0,1,2,1,4,0,0,0,0.0,0.0,1,1,1
8429,873,1,1,2,1,4,0,0,0,4.0,0.0,1,1,1
8430,873,2,1,2,1,4,1,0,0,3.0,0.0,1,1,0
8431,873,3,1,2,1,4,0,1,1,0.0,-1.0,1,0,0
8432,873,4,1,2,0,3,0,0,0,,-1.0,1,0,None
8433,874,0,1,1,1,0,0,0,0,5.0,0.0,1,1,1
8434,874,1,1,2,1,0,1,1,0,6.0,0.0,1,1,1
8435,874,2,1,1,1,0,1,0,1,2.0,0.0,1,1,1
8436,874,3,1,2,1,0,0,0,1,5.0,0.0,1,1,1
8437,874,4,1,2,1,0,1,1,0,0.0,0.0,1,1,0
8438,874,5,1,2,1,0,0,0,0,0.0,-1.0,1,0,0
8439,874,6,1,2,0,0,0,0,0,,-1.0,1,0,None
8440,875,0,1,0,1,4,0,0,0,1.0,0.0,1,1,1
8441,875,1,1,1,1,4,0,1,0,7.0,0.0,1,1,0
8442,875,2,1,2,1,4,1,1,1,2.0,-1.0,1,0,0
8443,875,3,2,2,1,1,0,0,1,,-1.0,1,0,None
8444,876,0,1,2,1,0,0,0,0,6.0,0.0,1,1,1
8445,876,1,1,2,1,0,1,0,1,7.0,0.0,1,1,1
8446,876,2,1,1,1,0,1,1,1,5.0,0.0,1,1,1
8447,876,3,1,2,1,0,1,1,0,6.0,0.0,1,1,1
8448,876,4,1,2,1,0,1,0,1,6.0,0.0,1,1,1
8449,876,5,1,1,1,0,1,0,1,1.0,0.0,1,1,1
8450,876,6,1,2,1,0,0,1,0,6.0,0.0,1,1,1
8451,876,7,1,1,1,0,1,0,1,2.0,0.0,1,1,1
8452,876,8,1,1,1,0,0,0,1,3.0,0.0,1,1,0
8453,876,9,1,2,1,0,0,1,1,1.0,-1.0,1,0,0
8454,876,10,2,2,1,0,0,1,0,,-1.0,1,0,None
8455,877,0,0,1,1,2,0,0,0,1.0,-1.0,1,0,0
8456,877,1,0,2,0,3,0,1,0,,-1.0,1,0,None
8457,878,0,1,1,1,3,0,0,0,4.0,0.0,1,1,1
8458,878,1,1,1,1,4,1,0,0,7.0,0.0,1,1,1
8459,878,2,1,2,1,4,1,1,1,4.0,0.0,1,1,1
8460,878,3,1,1,1,4,1,0,0,2.0,0.0,1,1,1
8461,878,4,2,1,1,4,0,0,1,0.0,0.0,1,1,0
8462,878,5,2,1,1,4,0,0,0,7.0,-1.0,1,0,0
8463,878,6,2,2,1,4,1,1,1,,-1.0,1,0,None
8464,879,0,2,1,1,2,0,0,0,7.0,0.0,1,1,1
8465,879,1,2,1,1,2,1,1,1,0.0,0.0,1,1,1
8466,879,2,2,1,1,1,0,0,0,6.0,0.0,1,1,1
8467,879,3,1,1,1,1,1,0,1,7.0,0.0,1,1,1
8468,879,4,1,2,1,1,1,1,1,2.0,0.0,1,1,1
8469,879,5,1,2,1,1,0,0,1,3.0,0.0,1,1,1
8470,879,6,1,2,1,1,0,1,1,1.0,0.0,1,1,1
8471,879,7,1,2,1,1,0,1,0,3.0,0.0,1,1,1
8472,879,8,1,2,1,1,0,1,1,1.0,0.0,1,1,1
8473,879,9,1,2,1,1,0,1,0,2.0,0.0,1,1,1
8474,879,10,1,2,1,1,0,0,1,5.0,0.0,1,1,1
8475,879,11,1,2,1,1,1,1,0,4.0,0.0,1,1,1
8476,879,12,1,1,1,1,1,0,0,6.0,0.0,1,1,1
8477,879,13,1,1,1,1,1,0,1,3.0,0.0,1,1,1
8478,879,14,1,2,1,1,0,1,1,4.0,0.0,1,1,1
8479,879,15,1,2,1,1,1,0,0,4.0,0.0,1,1,1
8480,879,16,1,1,1,0,1,0,0,5.0,0.0,1,1,1
8481,879,17,1,1,1,0,1,1,0,5.0,0.0,1,1,1
8482,879,18,1,2,1,0,1,1,0,5.0,0.0,1,1,1
8483,879,19,1,2,1,0,1,1,0,3.0,0.0,1,1,1
8484,879,20,1,2,1,0,0,1,1,,0.0,1,1,None
8485,880,0,1,0,1,2,0,0,0,5.0,0.0,1,1,1
8486,880,1,1,1,1,2,1,1,0,3.0,0.0,1,1,1
8487,880,2,1,2,1,2,0,1,1,3.0,0.0,1,1,1
8488,880,3,1,2,1,2,0,1,1,2.0,0.0,1,1,1
8489,880,4,2,2,1,2,0,0,1,5.0,0.0,1,1,1
8490,880,5,1,2,1,2,1,1,0,6.0,0.0,1,1,1
8491,880,6,1,1,1,2,1,0,1,1.0,0.0,1,1,1
8492,880,7,1,2,1,2,0,1,0,6.0,0.0,1,1,1
8493,880,8,1,2,1,2,1,0,1,7.0,0.0,1,1,1
8494,880,9,1,2,1,2,1,1,1,2.0,0.0,1,1,1
8495,880,10,1,2,1,2,0,0,1,6.0,0.0,1,1,1
8496,880,11,1,2,1,2,1,0,1,1.0,0.0,1,1,1
8497,880,12,1,2,1,2,0,1,0,2.0,0.0,1,1,1
8498,880,13,1,2,1,1,0,0,1,4.0,0.0,1,1,1
8499,880,14,1,1,1,1,1,0,0,2.0,0.0,1,1,1
8500,880,15,1,1,1,1,0,0,1,3.0,0.0,1,1,1
8501,880,16,2,1,1,1,0,1,1,5.0,0.0,1,1,0
8502,880,17,2,1,1,1,1,1,0,4.0,-1.0,1,0,0
8503,880,18,2,0,1,1,1,0,0,,-1.0,1,0,None
8504,881,0,0,1,1,3,0,0,0,0.0,0.0,1,1,0
8505,881,1,0,1,1,3,0,0,0,1.0,-1.0,1,0,0
8506,881,2,0,2,1,3,0,1,0,,-1.0,1,0,None
8507,882,0,1,1,1,4,0,0,0,3.0,0.0,1,1,1
8508,882,1,1,2,1,4,0,1,1,1.0,0.0,1,1,1
8509,882,2,1,2,1,4,0,1,0,0.0,0.0,1,1,1
8510,882,3,1,2,1,4,0,0,0,2.0,0.0,1,1,1
8511,882,4,1,1,1,4,0,0,1,0.0,0.0,1,1,0
8512,882,5,1,1,0,4,0,0,0,0.0,-1.0,1,0,0
8513,882,6,1,2,0,4,0,0,0,,-1.0,1,0,None
8514,883,0,1,1,0,3,0,0,0,4.0,0.0,1,1,0
8515,883,1,1,1,0,3,1,0,0,1.0,-1.0,1,0,0
8516,883,2,1,2,0,3,0,1,0,,-1.0,1,0,None
8517,884,0,2,0,1,2,0,0,0,1.0,0.0,1,1,1
8518,884,1,2,1,1,2,0,1,0,3.0,0.0,1,1,1
8519,884,2,2,2,1,2,0,1,1,3.0,0.0,1,1,1
8520,884,3,2,2,1,2,0,1,1,3.0,0.0,1,1,1
8521,884,4,2,2,1,2,0,1,1,5.0,0.0,1,1,1
8522,884,5,2,2,1,2,1,1,0,2.0,0.0,1,1,1
8523,884,6,2,2,1,2,0,0,1,1.0,0.0,1,1,1
8524,884,7,2,2,1,2,0,1,0,1.0,0.0,1,1,1
8525,884,8,2,2,1,2,0,1,0,1.0,0.0,1,1,1
8526,884,9,2,2,1,2,0,1,0,2.0,0.0,1,1,0
8527,884,10,2,2,1,2,0,0,1,2.0,-1.0,1,0,0
8528,884,11,2,2,1,1,0,0,1,,-1.0,1,0,None
8529,885,0,2,1,1,2,0,0,0,2.0,0.0,1,1,0
8530,885,1,2,1,1,1,0,0,1,5.0,-1.0,1,0,0
8531,885,2,2,2,1,1,1,1,0,,-1.0,1,0,None
8532,886,0,1,2,1,2,0,0,0,7.0,0.0,1,1,1
8533,886,1,1,2,1,2,1,1,1,3.0,0.0,1,1,1
8534,886,2,1,2,1,2,0,1,1,0.0,0.0,1,1,1
8535,886,3,1,2,1,1,0,0,0,3.0,0.0,1,1,1
8536,886,4,1,2,1,1,0,1,1,4.0,0.0,1,1,1
8537,886,5,1,1,1,1,1,0,0,5.0,0.0,1,1,1
8538,886,6,1,2,1,1,1,1,0,2.0,0.0,1,1,1
8539,886,7,1,2,1,0,0,0,1,5.0,0.0,1,1,1
8540,886,8,1,2,1,0,1,1,0,6.0,0.0,1,1,1
8541,886,9,1,1,1,0,1,0,1,7.0,0.0,1,1,1
8542,886,10,1,2,1,0,1,1,1,3.0,0.0,1,1,1
8543,886,11,1,2,1,0,0,1,1,5.0,0.0,1,1,1
8544,886,12,1,2,1,0,1,1,0,0.0,0.0,1,1,1
8545,886,13,1,2,1,1,0,0,0,5.0,0.0,1,1,1
8546,886,14,1,1,1,1,1,1,0,1.0,0.0,1,1,1
8547,886,15,1,2,1,1,0,1,0,3.0,0.0,1,1,1
8548,886,16,1,2,1,1,0,1,1,1.0,0.0,1,1,0
8549,886,17,1,2,1,1,0,1,0,1.0,-1.0,1,0,0
8550,886,18,0,2,1,1,0,1,0,,-1.0,1,0,None
8551,887,0,0,2,1,2,0,0,0,2.0,0.0,1,1,1
8552,887,1,0,1,1,2,0,0,1,0.0,0.0,1,1,1
8553,887,2,0,1,1,1,0,0,0,0.0,0.0,1,1,1
8554,887,3,0,1,1,1,0,0,0,2.0,0.0,1,1,1
8555,887,4,0,1,1,1,0,0,1,6.0,0.0,1,1,0
8556,887,5,0,1,1,1,1,0,1,1.0,-1.0,1,0,0
8557,887,6,0,2,1,1,0,1,0,,-1.0,1,0,None
8558,888,0,0,0,1,2,0,0,0,7.0,0.0,1,1,1
8559,888,1,0,0,1,2,1,1,1,2.0,0.0,1,1,0
8560,888,2,0,0,1,2,0,0,1,1.0,-1.0,1,0,0
8561,888,3,0,0,0,2,0,1,0,,-1.0,1,0,None
8562,889,0,0,2,1,2,0,0,0,7.0,0.0,1,1,0
8563,889,1,0,2,1,2,1,1,1,1.0,-1.0,1,0,0
8564,889,2,0,2,0,2,0,1,0,,-1.0,1,0,None
8565,890,0,1,1,1,0,0,0,0,0.0,0.0,1,1,1
8566,890,1,1,0,1,0,0,0,0,0.0,0.0,1,1,1
8567,890,2,1,0,1,0,0,0,0,3.0,0.0,1,1,0
8568,890,3,1,1,1,0,0,1,1,3.0,-1.0,1,0,0
8569,890,4,2,2,1,0,0,1,1,,-1.0,1,0,None
8570,891,0,2,1,1,2,0,0,0,0.0,-1.0,1,0,0
8571,891,1,2,1,0,1,0,0,0,,-1.0,1,0,None
8572,892,0,1,2,1,1,0,0,0,4.0,0.0,1,1,1
8573,892,1,1,2,1,1,1,0,0,1.0,0.0,1,1,1
8574,892,2,1,2,1,1,0,1,0,4.0,0.0,1,1,1
8575,892,3,1,1,1,1,1,0,0,2.0,0.0,1,1,1
8576,892,4,1,1,1,1,0,0,1,4.0,0.0,1,1,1
8577,892,5,1,1,1,1,1,0,0,3.0,0.0,1,1,1
8578,892,6,1,2,1,1,0,1,1,7.0,0.0,1,1,1
8579,892,7,1,2,1,1,1,1,1,3.0,0.0,1,1,1
8580,892,8,1,2,1,1,0,1,1,6.0,0.0,1,1,1
8581,892,9,1,1,1,1,1,0,1,7.0,0.0,1,1,1
8582,892,10,1,2,1,1,1,1,1,3.0,0.0,1,1,1
8583,892,11,1,2,1,1,0,1,1,7.0,0.0,1,1,1
8584,892,12,1,2,1,1,1,1,1,1.0,0.0,1,1,1
8585,892,13,1,2,1,1,0,1,0,7.0,0.0,1,1,0
8586,892,14,1,2,1,1,1,1,1,3.0,-1.0,1,0,0
8587,892,15,2,2,1,1,0,1,1,,-1.0,1,0,None
8588,893,0,1,1,0,2,0,0,0,0.0,-1.0,1,0,0
8589,893,1,2,2,0,2,0,0,0,,-1.0,1,0,None
8590,894,0,1,0,1,2,0,0,0,2.0,0.0,1,1,1
8591,894,1,1,0,1,2,0,0,1,6.0,0.0,1,1,1
8592,894,2,1,0,1,2,1,0,1,2.0,0.0,1,1,1
8593,894,3,1,0,1,1,0,0,1,0.0,0.0,1,1,1
8594,894,4,1,0,1,1,0,0,0,5.0,0.0,1,1,1
8595,894,5,1,1,1,1,1,1,0,7.0,0.0,1,1,1
8596,894,6,1,1,1,1,1,1,1,1.0,0.0,1,1,1
8597,894,7,1,2,1,1,0,1,0,5.0,0.0,1,1,1
8598,894,8,1,2,1,1,1,1,0,2.0,0.0,1,1,1
8599,894,9,1,2,1,1,0,0,1,1.0,0.0,1,1,1
8600,894,10,1,2,1,1,0,1,0,6.0,0.0,1,1,1
8601,894,11,1,1,1,1,1,0,1,5.0,0.0,1,1,1
8602,894,12,1,1,0,1,1,1,0,4.0,0.0,1,1,1
8603,894,13,1,1,0,1,1,0,0,4.0,0.0,1,1,0
8604,894,14,1,1,0,1,1,0,0,7.0,-1.0,1,0,0
8605,894,15,1,2,0,1,1,1,1,,-1.0,1,0,None
8606,895,0,0,2,1,2,0,0,0,3.0,0.0,1,1,1
8607,895,1,0,2,1,2,0,1,1,4.0,0.0,1,1,1
8608,895,2,0,2,1,2,1,0,0,2.0,0.0,1,1,1
8609,895,3,0,2,1,2,0,0,1,3.0,0.0,1,1,1
8610,895,4,0,2,1,2,0,1,1,4.0,0.0,1,1,1
8611,895,5,0,1,1,2,1,0,0,2.0,0.0,1,1,1
8612,895,6,0,1,1,1,0,0,1,0.0,0.0,1,1,1
8613,895,7,0,1,1,0,0,0,0,6.0,0.0,1,1,1
8614,895,8,0,1,1,0,1,0,1,6.0,0.0,1,1,1
8615,895,9,0,1,1,0,1,0,1,4.0,0.0,1,1,0
8616,895,10,0,1,1,0,1,0,0,3.0,-1.0,1,0,0
8617,895,11,0,2,1,0,0,1,1,,-1.0,1,0,None
8618,896,0,0,1,1,1,0,0,0,1.0,-1.0,1,0,0
8619,896,1,0,2,1,1,0,1,0,,-1.0,1,0,None
8620,897,0,1,0,1,2,0,0,0,3.0,0.0,1,1,1
8621,897,1,1,1,1,2,0,1,1,6.0,0.0,1,1,1
8622,897,2,1,1,1,2,1,0,1,5.0,0.0,1,1,1
8623,897,3,1,2,1,2,1,1,0,1.0,0.0,1,1,1
8624,897,4,1,2,1,2,0,1,0,4.0,0.0,1,1,1
8625,897,5,1,2,1,1,1,0,0,4.0,0.0,1,1,1
8626,897,6,1,1,0,1,1,0,0,5.0,0.0,1,1,1
8627,897,7,1,1,1,1,1,1,0,2.0,0.0,1,1,1
8628,897,8,1,1,1,1,0,0,1,2.0,0.0,1,1,1
8629,897,9,1,1,1,1,0,0,1,4.0,0.0,1,1,1
8630,897,10,1,1,1,1,1,0,0,0.0,0.0,1,1,1
8631,897,11,1,1,1,0,0,0,0,4.0,0.0,1,1,1
8632,897,12,1,1,1,0,1,0,0,3.0,0.0,1,1,1
8633,897,13,1,2,1,0,0,1,1,2.0,0.0,1,1,1
8634,897,14,1,2,1,1,0,0,1,2.0,0.0,1,1,1
8635,897,15,1,2,1,1,0,0,1,0.0,0.0,1,1,1
8636,897,16,1,1,1,1,0,0,0,5.0,0.0,1,1,1
8637,897,17,1,1,1,1,1,1,0,2.0,0.0,1,1,1
8638,897,18,1,1,1,1,0,0,1,6.0,0.0,1,1,1
8639,897,19,1,1,1,1,1,0,1,5.0,0.0,1,1,1
8640,897,20,1,1,1,1,1,1,0,,0.0,1,1,None
8641,898,0,2,1,0,2,0,0,0,7.0,-1.0,1,0,0
8642,898,1,2,2,0,2,1,1,1,,-1.0,1,0,None
8643,899,0,1,2,1,2,0,0,0,0.0,0.0,1,1,1
8644,899,1,1,2,1,2,0,0,0,3.0,0.0,1,1,1
8645,899,2,1,2,1,2,0,1,1,0.0,0.0,1,1,1
8646,899,3,1,2,1,1,0,0,0,7.0,0.0,1,1,1
8647,899,4,1,2,1,1,1,1,1,1.0,0.0,1,1,1
8648,899,5,1,2,1,1,0,1,0,2.0,0.0,1,1,1
8649,899,6,1,2,1,0,0,0,1,7.0,0.0,1,1,1
8650,899,7,1,2,1,0,1,1,1,2.0,0.0,1,1,1
8651,899,8,1,2,1,0,0,0,1,0.0,0.0,1,1,1
8652,899,9,1,1,1,0,0,0,0,6.0,0.0,1,1,1
8653,899,10,1,1,1,0,1,0,1,6.0,0.0,1,1,1
8654,899,11,1,1,1,0,1,0,1,4.0,0.0,1,1,1
8655,899,12,1,1,1,0,1,0,0,2.0,0.0,1,1,0
8656,899,13,2,1,1,0,0,0,1,0.0,-1.0,1,0,0
8657,899,14,2,1,0,0,0,0,0,,-1.0,1,0,None
8658,900,0,0,0,1,2,0,0,0,7.0,0.0,1,1,1
8659,900,1,0,1,1,2,1,1,1,1.0,0.0,1,1,0
8660,900,2,0,2,1,2,0,1,0,2.0,-1.0,1,0,0
8661,900,3,0,2,1,1,0,0,1,,-1.0,1,0,None
8662,901,0,1,2,1,3,0,0,0,7.0,0.0,1,1,1
8663,901,1,1,2,1,3,1,1,1,4.0,0.0,1,1,1
8664,901,2,1,2,1,3,1,0,0,1.0,0.0,1,1,1
8665,901,3,1,2,1,3,0,1,0,0.0,0.0,1,1,1
8666,901,4,1,1,1,3,0,0,0,3.0,0.0,1,1,1
8667,901,5,1,2,1,3,0,1,1,2.0,0.0,1,1,0
8668,901,6,1,2,1,3,0,0,1,5.0,-1.0,1,0,0
8669,901,7,1,2,0,3,1,1,0,,-1.0,1,0,None
8670,902,0,1,1,1,3,0,0,0,5.0,0.0,1,1,1
8671,902,1,1,2,1,3,1,1,0,1.0,0.0,1,1,1
8672,902,2,1,2,1,3,0,1,0,5.0,0.0,1,1,1
8673,902,3,1,2,1,3,1,1,0,2.0,0.0,1,1,1
8674,902,4,1,2,1,3,0,0,1,5.0,0.0,1,1,1
8675,902,5,1,2,1,3,1,1,0,7.0,0.0,1,1,1
8676,902,6,1,2,1,3,1,1,1,0.0,0.0,1,1,1
8677,902,7,1,2,1,3,0,0,0,5.0,0.0,1,1,1
8678,902,8,1,2,1,3,1,1,0,5.0,0.0,1,1,1
8679,902,9,1,2,1,3,1,1,0,2.0,0.0,1,1,1
8680,902,10,1,2,1,3,0,0,1,3.0,0.0,1,1,1
8681,902,11,1,2,1,3,0,1,1,4.0,0.0,1,1,1
8682,902,12,1,2,1,3,1,0,0,3.0,0.0,1,1,1
8683,902,13,1,2,1,3,0,1,1,0.0,0.0,1,1,1
8684,902,14,1,2,0,2,0,0,0,3.0,0.0,1,1,1
8685,902,15,1,2,1,2,0,1,1,4.0,0.0,1,1,1
8686,902,16,1,1,1,2,1,0,0,6.0,0.0,1,1,1
8687,902,17,1,1,1,2,1,0,1,3.0,0.0,1,1,1
8688,902,18,1,2,1,2,0,1,1,2.0,0.0,1,1,1
8689,902,19,1,2,1,2,0,0,1,6.0,0.0,1,1,1
8690,902,20,1,2,1,2,1,0,1,,0.0,1,1,None
8691,903,0,1,1,0,2,0,0,0,2.0,0.0,1,1,1
8692,903,1,1,1,1,1,0,0,1,4.0,0.0,1,1,1
8693,903,2,1,1,0,1,1,0,0,7.0,0.0,1,1,1
8694,903,3,1,2,1,1,1,1,1,7.0,0.0,1,1,1
8695,903,4,1,2,1,1,1,1,1,2.0,0.0,1,1,1
8696,903,5,1,2,1,1,0,0,1,7.0,0.0,1,1,1
8697,903,6,1,2,1,1,1,1,1,0.0,0.0,1,1,1
8698,903,7,1,2,1,1,0,0,0,3.0,0.0,1,1,1
8699,903,8,1,2,1,1,0,1,1,6.0,0.0,1,1,1
8700,903,9,1,2,1,1,1,0,1,4.0,0.0,1,1,1
8701,903,10,1,1,1,1,1,0,0,7.0,0.0,1,1,1
8702,903,11,1,2,1,1,1,1,1,0.0,0.0,1,1,1
8703,903,12,1,2,1,1,0,0,0,3.0,0.0,1,1,1
8704,903,13,1,2,1,1,0,1,1,4.0,0.0,1,1,1
8705,903,14,1,1,0,0,1,0,0,2.0,0.0,1,1,1
8706,903,15,1,1,1,0,0,0,1,4.0,0.0,1,1,1
8707,903,16,1,1,1,0,1,0,0,3.0,0.0,1,1,1
8708,903,17,1,2,1,0,0,1,1,4.0,0.0,1,1,1
8709,903,18,1,2,1,0,1,0,0,5.0,0.0,1,1,1
8710,903,19,1,1,1,0,1,1,0,5.0,0.0,1,1,1
8711,903,20,1,2,1,0,1,1,0,,0.0,1,1,None
8712,904,0,1,2,1,1,0,0,0,7.0,0.0,1,1,1
8713,904,1,1,2,1,1,1,1,1,1.0,0.0,1,1,1
8714,904,2,1,2,1,2,0,1,0,5.0,0.0,1,1,1
8715,904,3,1,2,1,3,1,1,0,3.0,0.0,1,1,1
8716,904,4,1,2,1,4,0,1,1,2.0,0.0,1,1,0
8717,904,5,1,2,1,4,0,0,1,2.0,-1.0,1,0,0
8718,904,6,2,2,1,4,0,0,1,,-1.0,1,0,None
8719,905,0,2,1,1,1,0,0,0,2.0,-1.0,1,0,0
8720,905,1,2,0,1,0,0,0,1,,-1.0,1,0,None
8721,906,0,1,0,1,3,0,0,0,2.0,0.0,1,1,1
8722,906,1,1,0,1,3,0,0,1,6.0,0.0,1,1,1
8723,906,2,1,0,1,4,1,0,1,0.0,0.0,1,1,1
8724,906,3,1,0,1,3,0,0,0,7.0,0.0,1,1,1
8725,906,4,1,1,1,4,1,1,1,4.0,0.0,1,1,1
8726,906,5,1,1,1,3,1,0,0,5.0,0.0,1,1,1
8727,906,6,1,1,1,3,1,1,0,4.0,0.0,1,1,1
8728,906,7,1,0,1,3,1,0,0,7.0,0.0,1,1,1
8729,906,8,1,1,1,4,1,1,1,1.0,0.0,1,1,1
8730,906,9,1,2,1,4,0,1,0,6.0,0.0,1,1,1
8731,906,10,1,1,1,4,1,0,1,2.0,0.0,1,1,1
8732,906,11,1,1,1,4,0,0,1,4.0,0.0,1,1,1
8733,906,12,1,1,1,4,1,0,0,4.0,0.0,1,1,1
8734,906,13,1,1,0,4,1,0,0,0.0,0.0,1,1,0
8735,906,14,1,1,0,4,0,0,0,5.0,-1.0,1,0,0
8736,906,15,1,2,0,4,1,1,0,,-1.0,1,0,None
8737,907,0,1,0,1,2,0,0,0,2.0,0.0,1,1,1
8738,907,1,1,0,1,2,0,0,1,0.0,0.0,1,1,1
8739,907,2,0,0,1,2,0,0,0,6.0,0.0,1,1,1
8740,907,3,0,0,1,2,1,0,1,7.0,0.0,1,1,1
8741,907,4,0,1,1,2,1,1,1,5.0,0.0,1,1,1
8742,907,5,0,2,1,2,1,1,0,2.0,0.0,1,1,1
8743,907,6,0,2,1,2,0,0,1,7.0,0.0,1,1,1
8744,907,7,0,2,1,2,1,1,1,3.0,0.0,1,1,1
8745,907,8,0,2,1,2,0,1,1,5.0,0.0,1,1,1
8746,907,9,0,2,1,2,1,1,0,2.0,0.0,1,1,1
8747,907,10,0,2,1,2,0,0,1,3.0,0.0,1,1,1
8748,907,11,0,2,1,2,0,1,1,1.0,0.0,1,1,0
8749,907,12,0,2,1,2,0,1,0,4.0,-1.0,1,0,0
8750,907,13,0,2,1,1,1,0,0,,-1.0,1,0,None
8751,908,0,0,1,1,2,0,0,0,2.0,0.0,1,1,1
8752,908,1,0,1,1,2,0,0,1,0.0,0.0,1,1,1
8753,908,2,0,1,1,2,0,0,0,0.0,0.0,1,1,1
8754,908,3,0,1,1,2,0,0,0,3.0,0.0,1,1,1
8755,908,4,0,2,1,2,0,1,1,6.0,0.0,1,1,1
8756,908,5,0,1,1,2,1,0,1,4.0,0.0,1,1,1
8757,908,6,0,1,1,2,1,0,0,4.0,0.0,1,1,1
8758,908,7,0,1,1,1,1,0,0,4.0,0.0,1,1,1
8759,908,8,0,1,1,1,1,0,0,5.0,0.0,1,1,0
8760,908,9,0,1,1,1,1,1,0,1.0,-1.0,1,0,0
8761,908,10,0,2,1,1,0,1,0,,-1.0,1,0,None
8762,909,0,1,0,0,2,0,0,0,4.0,0.0,1,1,1
8763,909,1,1,0,0,2,1,0,0,6.0,0.0,1,1,1
8764,909,2,1,0,1,2,1,0,1,5.0,0.0,1,1,1
8765,909,3,1,1,1,2,1,1,0,7.0,0.0,1,1,1
8766,909,4,1,2,1,2,1,1,1,5.0,0.0,1,1,1
8767,909,5,1,2,1,2,1,1,0,5.0,0.0,1,1,1
8768,909,6,1,2,1,2,1,1,0,3.0,0.0,1,1,1
8769,909,7,1,2,1,2,0,1,1,2.0,0.0,1,1,1
8770,909,8,1,1,1,2,0,0,1,7.0,0.0,1,1,1
8771,909,9,1,2,1,2,1,1,1,1.0,0.0,1,1,1
8772,909,10,2,2,1,2,0,1,0,3.0,0.0,1,1,1
8773,909,11,2,2,1,2,0,1,1,5.0,0.0,1,1,1
8774,909,12,1,2,1,2,1,1,0,1.0,0.0,1,1,1
8775,909,13,1,2,1,2,0,1,0,6.0,0.0,1,1,1
8776,909,14,1,2,1,1,1,0,1,0.0,0.0,1,1,1
8777,909,15,1,2,1,1,0,0,0,1.0,0.0,1,1,0
8778,909,16,1,2,1,1,0,1,0,0.0,-1.0,1,0,0
8779,909,17,0,2,1,1,0,0,0,,-1.0,1,0,None
8780,910,0,2,0,1,2,0,0,0,5.0,0.0,1,1,1
8781,910,1,2,1,1,2,1,1,0,0.0,0.0,1,1,1
8782,910,2,2,1,1,2,0,0,0,1.0,0.0,1,1,1
8783,910,3,2,2,1,2,0,1,0,2.0,0.0,1,1,1
8784,910,4,2,2,1,2,0,0,1,4.0,0.0,1,1,1
8785,910,5,2,1,1,2,1,0,0,4.0,0.0,1,1,1
8786,910,6,2,1,1,2,1,0,0,3.0,0.0,1,1,1
8787,910,7,2,2,1,2,0,1,1,6.0,0.0,1,1,0
8788,910,8,2,1,1,1,1,0,1,1.0,-1.0,1,0,0
8789,910,9,2,2,1,1,0,1,0,,-1.0,1,0,None
8790,911,0,2,1,1,2,0,0,0,0.0,0.0,1,1,1
8791,911,1,2,1,1,2,0,0,0,7.0,0.0,1,1,1
8792,911,2,1,2,1,2,1,1,1,6.0,0.0,1,1,1
8793,911,3,1,1,1,2,1,0,1,0.0,0.0,1,1,1
8794,911,4,1,1,1,1,0,0,0,1.0,0.0,1,1,1
8795,911,5,1,2,1,1,0,1,0,7.0,0.0,1,1,1
8796,911,6,1,2,1,1,1,1,1,4.0,0.0,1,1,1
8797,911,7,1,2,1,1,1,0,0,1.0,0.0,1,1,1
8798,911,8,1,2,1,1,0,1,0,2.0,0.0,1,1,1
8799,911,9,1,2,1,1,0,0,1,4.0,0.0,1,1,1
8800,911,10,1,2,1,1,1,0,0,4.0,0.0,1,1,1
8801,911,11,1,1,1,1,1,0,0,2.0,0.0,1,1,1
8802,911,12,1,1,1,1,0,0,1,4.0,0.0,1,1,1
8803,911,13,1,1,1,1,1,0,0,7.0,0.0,1,1,1
8804,911,14,1,1,1,1,1,1,1,7.0,0.0,1,1,1
8805,911,15,1,2,1,1,1,1,1,7.0,0.0,1,1,1
8806,911,16,1,2,1,1,1,1,1,5.0,0.0,1,1,1
8807,911,17,1,2,1,1,1,1,0,1.0,0.0,1,1,0
8808,911,18,1,2,1,1,0,1,0,1.0,-1.0,1,0,0
8809,911,19,2,2,1,1,0,1,0,,-1.0,1,0,None
8810,912,0,1,1,1,3,0,0,0,6.0,0.0,1,1,1
8811,912,1,1,1,1,3,1,0,1,5.0,0.0,1,1,1
8812,912,2,1,1,1,3,1,1,0,0.0,0.0,1,1,1
8813,912,3,1,1,0,3,0,0,0,0.0,0.0,1,1,1
8814,912,4,1,1,0,2,0,0,0,5.0,0.0,1,1,1
8815,912,5,1,1,0,2,1,1,0,2.0,0.0,1,1,1
8816,912,6,1,1,1,2,0,0,1,4.0,0.0,1,1,1
8817,912,7,1,1,1,2,1,0,0,2.0,0.0,1,1,1
8818,912,8,1,1,1,2,0,0,1,6.0,0.0,1,1,1
8819,912,9,1,1,1,2,1,0,1,5.0,0.0,1,1,1
8820,912,10,1,2,1,2,1,1,0,2.0,0.0,1,1,1
8821,912,11,1,2,1,2,0,0,1,1.0,0.0,1,1,1
8822,912,12,1,2,0,2,0,1,0,7.0,0.0,1,1,1
8823,912,13,1,2,1,2,1,1,1,4.0,0.0,1,1,1
8824,912,14,1,1,1,2,1,0,0,1.0,0.0,1,1,1
8825,912,15,1,2,1,2,0,1,0,0.0,0.0,1,1,1
8826,912,16,1,2,1,1,0,0,0,6.0,0.0,1,1,1
8827,912,17,1,1,1,1,1,0,1,0.0,0.0,1,1,1
8828,912,18,1,1,1,1,0,0,0,2.0,0.0,1,1,1
8829,912,19,1,1,1,0,0,0,1,7.0,0.0,1,1,1
8830,912,20,1,2,1,0,1,1,1,,0.0,1,1,None
8831,913,0,1,1,0,0,0,0,0,7.0,0.0,1,1,1
8832,913,1,1,2,1,0,1,1,1,2.0,0.0,1,1,1
8833,913,2,1,2,1,0,0,0,1,0.0,0.0,1,1,1
8834,913,3,1,2,1,0,0,0,0,4.0,0.0,1,1,1
8835,913,4,1,1,1,0,1,0,0,6.0,0.0,1,1,1
8836,913,5,1,1,1,0,1,0,1,4.0,0.0,1,1,1
8837,913,6,1,1,1,0,1,0,0,6.0,0.0,1,1,1
8838,913,7,1,1,1,0,1,0,1,6.0,0.0,1,1,1
8839,913,8,1,1,1,0,1,0,1,3.0,0.0,1,1,1
8840,913,9,1,2,1,0,0,1,1,4.0,0.0,1,1,1
8841,913,10,1,1,1,0,1,0,0,5.0,0.0,1,1,1
8842,913,11,1,1,1,0,1,1,0,4.0,0.0,1,1,1
8843,913,12,1,1,1,0,1,0,0,6.0,0.0,1,1,1
8844,913,13,1,1,1,0,1,0,1,3.0,0.0,1,1,1
8845,913,14,1,2,1,0,0,1,1,3.0,0.0,1,1,1
8846,913,15,1,2,1,0,0,1,1,5.0,0.0,1,1,1
8847,913,16,1,2,1,0,1,1,0,0.0,0.0,1,1,0
8848,913,17,1,2,1,0,0,0,0,0.0,-1.0,1,0,0
8849,913,18,1,2,0,0,0,0,0,,-1.0,1,0,None
8850,914,0,0,2,1,2,0,0,0,2.0,0.0,1,1,1
8851,914,1,0,2,1,2,0,0,1,3.0,0.0,1,1,1
8852,914,2,0,2,1,2,0,1,1,6.0,0.0,1,1,1
8853,914,3,0,2,1,2,1,0,1,7.0,0.0,1,1,1
8854,914,4,0,2,1,2,1,1,1,1.0,0.0,1,1,1
8855,914,5,0,2,1,2,0,1,0,7.0,0.0,1,1,1
8856,914,6,0,2,1,2,1,1,1,7.0,0.0,1,1,1
8857,914,7,0,2,1,2,1,1,1,2.0,0.0,1,1,1
8858,914,8,0,2,1,2,0,0,1,2.0,0.0,1,1,1
8859,914,9,0,2,1,2,0,0,1,5.0,0.0,1,1,1
8860,914,10,0,2,1,2,1,1,0,0.0,0.0,1,1,1
8861,914,11,0,2,1,2,0,0,0,2.0,0.0,1,1,1
8862,914,12,0,2,1,2,0,0,1,2.0,0.0,1,1,1
8863,914,13,0,2,1,2,0,0,1,0.0,0.0,1,1,1
8864,914,14,0,2,1,2,0,0,0,6.0,0.0,1,1,1
8865,914,15,0,1,1,2,1,0,1,1.0,0.0,1,1,1
8866,914,16,0,2,1,2,0,1,0,7.0,0.0,1,1,1
8867,914,17,0,2,1,2,1,1,1,3.0,0.0,1,1,1
8868,914,18,0,2,1,2,0,1,1,1.0,0.0,1,1,0
8869,914,19,0,2,1,2,0,1,0,5.0,-1.0,1,0,0
8870,914,20,0,2,0,2,1,1,0,,-1.0,1,0,None
8871,915,0,1,2,1,1,0,0,0,5.0,0.0,1,1,1
8872,915,1,1,1,1,1,1,1,0,5.0,0.0,1,1,0
8873,915,2,1,2,1,1,1,1,0,5.0,-1.0,1,0,0
8874,915,3,1,2,0,1,1,1,0,,-1.0,1,0,None
8875,916,0,0,0,1,2,0,0,0,6.0,0.0,1,1,1
8876,916,1,0,0,1,2,1,0,1,7.0,0.0,1,1,1
8877,916,2,0,0,1,2,1,1,1,2.0,0.0,1,1,1
8878,916,3,0,0,1,2,0,0,1,6.0,0.0,1,1,1
8879,916,4,0,0,1,2,1,0,1,7.0,0.0,1,1,1
8880,916,5,0,1,1,2,1,1,1,6.0,0.0,1,1,0
8881,916,6,0,1,1,1,1,0,1,1.0,-1.0,1,0,0
8882,916,7,0,1,0,1,0,1,0,,-1.0,1,0,None
8883,917,0,2,2,1,2,0,0,0,7.0,0.0,1,1,1
8884,917,1,1,2,1,2,1,1,1,1.0,0.0,1,1,1
8885,917,2,1,2,1,2,0,1,0,5.0,0.0,1,1,1
8886,917,3,1,2,1,2,1,1,0,7.0,0.0,1,1,1
8887,917,4,1,2,1,2,1,1,1,1.0,0.0,1,1,1
8888,917,5,2,2,1,2,0,1,0,7.0,0.0,1,1,0
8889,917,6,2,2,1,2,1,1,1,1.0,-1.0,1,0,0
8890,917,7,2,2,0,2,0,1,0,,-1.0,1,0,None
8891,918,0,2,1,0,2,0,0,0,0.0,-1.0,1,0,0
8892,918,1,2,0,0,2,0,0,0,,-1.0,1,0,None
8893,919,0,2,1,1,2,0,0,0,0.0,0.0,1,1,1
8894,919,1,2,1,1,2,0,0,0,7.0,0.0,1,1,1
8895,919,2,2,2,1,2,1,1,1,7.0,0.0,1,1,1
8896,919,3,2,2,1,2,1,1,1,3.0,0.0,1,1,1
8897,919,4,2,2,1,2,0,1,1,4.0,0.0,1,1,1
8898,919,5,2,1,1,1,1,0,0,2.0,0.0,1,1,0
8899,919,6,2,1,1,1,0,0,1,7.0,-1.0,1,0,0
8900,919,7,2,2,1,1,1,1,1,,-1.0,1,0,None
8901,920,0,1,1,0,2,0,0,0,1.0,-1.0,1,0,0
8902,920,1,0,2,0,2,0,1,0,,-1.0,1,0,None
8903,921,0,0,1,1,2,0,0,0,0.0,0.0,1,1,1
8904,921,1,0,2,1,2,0,0,0,5.0,0.0,1,1,1
8905,921,2,0,2,1,2,1,1,0,1.0,0.0,1,1,0
8906,921,3,0,2,1,2,0,1,0,1.0,-1.0,1,0,0
8907,921,4,0,2,0,2,0,1,0,,-1.0,1,0,None
8908,922,0,1,0,1,3,0,0,0,5.0,0.0,1,1,1
8909,922,1,1,1,1,4,1,1,0,6.0,0.0,1,1,1
8910,922,2,1,0,1,4,1,0,1,5.0,0.0,1,1,1
8911,922,3,1,1,1,4,1,1,0,5.0,0.0,1,1,1
8912,922,4,1,2,1,4,1,1,0,4.0,0.0,1,1,1
8913,922,5,1,1,1,4,1,0,0,0.0,0.0,1,1,1
8914,922,6,1,1,1,4,0,0,0,2.0,0.0,1,1,0
8915,922,7,0,1,1,4,0,0,1,5.0,-1.0,1,0,0
8916,922,8,0,2,1,4,1,1,0,,-1.0,1,0,None
8917,923,0,2,1,1,2,0,0,0,6.0,0.0,1,1,1
8918,923,1,2,1,1,2,1,0,1,7.0,0.0,1,1,1
8919,923,2,1,2,1,2,1,1,1,3.0,0.0,1,1,1
8920,923,3,1,2,1,2,0,1,1,5.0,0.0,1,1,1
8921,923,4,1,2,1,2,1,1,0,4.0,0.0,1,1,1
8922,923,5,1,2,1,2,1,0,0,3.0,0.0,1,1,1
8923,923,6,1,2,1,2,0,1,1,6.0,0.0,1,1,1
8924,923,7,1,1,1,2,1,0,1,2.0,0.0,1,1,1
8925,923,8,1,1,1,2,0,0,1,6.0,0.0,1,1,1
8926,923,9,1,1,1,2,1,0,1,5.0,0.0,1,1,1
8927,923,10,1,2,1,2,1,1,0,2.0,0.0,1,1,1
8928,923,11,1,2,1,2,0,0,1,7.0,0.0,1,1,1
8929,923,12,1,2,1,2,1,1,1,3.0,0.0,1,1,1
8930,923,13,1,2,1,2,0,1,1,0.0,0.0,1,1,1
8931,923,14,1,2,1,2,0,0,0,4.0,0.0,1,1,1
8932,923,15,1,1,1,2,1,0,0,4.0,0.0,1,1,1
8933,923,16,1,1,1,2,1,0,0,6.0,0.0,1,1,1
8934,923,17,1,1,1,1,1,0,1,2.0,0.0,1,1,1
8935,923,18,1,1,1,1,0,0,1,0.0,0.0,1,1,0
8936,923,19,2,1,1,1,0,0,0,0.0,-1.0,1,0,0
8937,923,20,2,1,0,1,0,0,0,,-1.0,1,0,None
8938,924,0,1,1,0,2,0,0,0,7.0,0.0,1,1,1
8939,924,1,1,2,1,2,1,1,1,0.0,0.0,1,1,1
8940,924,2,1,2,1,2,0,0,0,5.0,0.0,1,1,1
8941,924,3,1,2,1,2,1,1,0,7.0,0.0,1,1,1
8942,924,4,1,2,1,2,1,1,1,2.0,0.0,1,1,1
8943,924,5,1,2,1,2,0,0,1,1.0,0.0,1,1,1
8944,924,6,0,2,1,2,0,1,0,0.0,0.0,1,1,1
8945,924,7,0,2,1,2,0,0,0,2.0,0.0,1,1,1
8946,924,8,0,2,1,2,0,0,1,6.0,0.0,1,1,1
8947,924,9,0,1,1,1,1,0,1,2.0,0.0,1,1,0
8948,924,10,0,1,1,1,0,0,1,5.0,-1.0,1,0,0
8949,924,11,0,2,1,1,1,1,0,,-1.0,1,0,None
8950,925,0,2,2,1,2,0,0,0,0.0,0.0,1,1,1
8951,925,1,2,2,1,2,0,0,0,1.0,0.0,1,1,1
8952,925,2,2,2,1,2,0,1,0,1.0,0.0,1,1,1
8953,925,3,2,2,1,2,0,1,0,4.0,0.0,1,1,1
8954,925,4,2,2,1,2,1,0,0,7.0,0.0,1,1,1
8955,925,5,2,1,1,2,1,1,1,3.0,0.0,1,1,1
8956,925,6,2,1,1,2,0,1,1,5.0,0.0,1,1,1
8957,925,7,2,1,1,2,1,1,0,1.0,0.0,1,1,1
8958,925,8,2,2,1,2,0,1,0,6.0,0.0,1,1,1
8959,925,9,2,1,1,1,1,0,1,2.0,0.0,1,1,0
8960,925,10,2,1,1,1,0,0,1,3.0,-1.0,1,0,0
8961,925,11,2,2,1,1,0,1,1,,-1.0,1,0,None
8962,926,0,1,0,0,2,0,0,0,6.0,0.0,1,1,1
8963,926,1,1,0,1,2,1,0,1,5.0,0.0,1,1,1
8964,926,2,1,1,1,2,1,1,0,6.0,0.0,1,1,1
8965,926,3,1,1,1,1,1,0,1,6.0,0.0,1,1,1
8966,926,4,1,1,1,1,1,0,1,6.0,0.0,1,1,1
8967,926,5,1,1,1,1,1,0,1,7.0,0.0,1,1,1
8968,926,6,1,2,1,1,1,1,1,6.0,0.0,1,1,1
8969,926,7,1,1,1,1,1,0,1,7.0,0.0,1,1,1
8970,926,8,1,2,1,1,1,1,1,3.0,0.0,1,1,1
8971,926,9,1,2,1,1,0,1,1,6.0,0.0,1,1,1
8972,926,10,1,2,1,1,1,0,1,5.0,0.0,1,1,1
8973,926,11,1,1,1,1,1,1,0,1.0,0.0,1,1,1
8974,926,12,1,1,1,1,0,1,0,2.0,0.0,1,1,0
8975,926,13,2,1,1,0,0,0,1,7.0,-1.0,1,0,0
8976,926,14,2,2,1,0,1,1,1,,-1.0,1,0,None
8977,927,0,1,1,1,3,0,0,0,3.0,-1.0,1,0,0
8978,927,1,0,2,1,3,0,1,1,,-1.0,1,0,None
8979,928,0,1,0,1,3,0,0,0,7.0,0.0,1,1,1
8980,928,1,1,1,1,3,1,1,1,7.0,0.0,1,1,1
8981,928,2,1,2,1,3,1,1,1,0.0,0.0,1,1,1
8982,928,3,1,2,1,3,0,0,0,5.0,0.0,1,1,1
8983,928,4,1,2,1,4,1,1,0,0.0,0.0,1,1,1
8984,928,5,1,1,1,4,0,0,0,1.0,0.0,1,1,1
8985,928,6,1,2,1,4,0,1,0,2.0,0.0,1,1,1
8986,928,7,1,2,1,3,0,0,1,1.0,0.0,1,1,1
8987,928,8,1,2,1,4,0,1,0,7.0,0.0,1,1,1
8988,928,9,1,2,1,4,1,1,1,4.0,0.0,1,1,1
8989,928,10,1,2,1,4,1,0,0,5.0,0.0,1,1,1
8990,928,11,1,2,1,4,1,1,0,2.0,0.0,1,1,1
8991,928,12,1,2,1,4,0,0,1,3.0,0.0,1,1,1
8992,928,13,1,2,1,4,0,1,1,0.0,0.0,1,1,1
8993,928,14,1,2,1,3,0,0,0,0.0,0.0,1,1,0
8994,928,15,1,2,1,4,0,0,0,1.0,-1.0,1,0,0
8995,928,16,2,2,1,4,0,1,0,,-1.0,1,0,None
8996,929,0,1,2,1,2,0,0,0,6.0,0.0,1,1,1
8997,929,1,1,2,1,2,1,0,1,3.0,0.0,1,1,1
8998,929,2,2,2,1,2,0,1,1,5.0,0.0,1,1,1
8999,929,3,2,2,1,2,1,1,0,7.0,0.0,1,1,1
9000,929,4,1,2,1,2,1,1,1,6.0,0.0,1,1,2
9001,929,5,1,1,1,2,1,0,1,0.0,1.0,1,2,2
9002,929,6,1,1,1,2,0,0,0,,1.0,1,2,None
9003,930,0,1,0,1,2,0,0,0,2.0,0.0,1,1,1
9004,930,1,1,0,1,2,0,0,1,6.0,0.0,1,1,1
9005,930,2,1,0,1,2,1,0,1,1.0,0.0,1,1,2
9006,930,3,1,1,1,2,0,1,0,0.0,1.0,1,2,2
9007,930,4,1,1,1,2,0,0,0,,1.0,1,2,None
9008,931,0,2,2,1,2,0,0,0,1.0,0.0,1,1,1
9009,931,1,2,2,1,2,0,1,0,0.0,0.0,1,1,1
9010,931,2,2,1,1,1,0,0,0,0.0,0.0,1,1,1
9011,931,3,2,1,1,1,0,0,0,7.0,0.0,1,1,1
9012,931,4,1,2,1,1,1,1,1,6.0,0.0,1,1,1
9013,931,5,1,1,1,1,1,0,1,7.0,0.0,1,1,1
9014,931,6,1,1,1,1,1,1,1,6.0,0.0,1,1,1
9015,931,7,1,1,1,1,1,0,1,2.0,0.0,1,1,1
9016,931,8,1,1,1,0,0,0,1,5.0,0.0,1,1,1
9017,931,9,1,2,1,0,1,1,0,6.0,0.0,1,1,1
9018,931,10,1,1,1,0,1,0,1,3.0,0.0,1,1,0
9019,931,11,1,2,1,0,0,1,1,0.0,-1.0,1,0,0
9020,931,12,2,2,1,0,0,0,0,,-1.0,1,0,None
9021,932,0,1,1,1,0,0,0,0,3.0,-1.0,1,0,0
9022,932,1,2,2,1,0,0,1,1,,-1.0,1,0,None
9023,933,0,1,2,1,4,0,0,0,6.0,0.0,1,1,1
9024,933,1,1,2,1,4,1,0,1,2.0,0.0,1,1,1
9025,933,2,1,2,1,4,0,0,1,1.0,0.0,1,1,1
9026,933,3,1,2,1,4,0,1,0,6.0,0.0,1,1,1
9027,933,4,1,2,1,3,1,0,1,5.0,0.0,1,1,1
9028,933,5,1,2,1,4,1,1,0,4.0,0.0,1,1,1
9029,933,6,1,1,1,4,1,0,0,5.0,0.0,1,1,1
9030,933,7,1,2,1,4,1,1,0,4.0,0.0,1,1,1
9031,933,8,1,2,1,3,1,0,0,5.0,0.0,1,1,0
9032,933,9,1,2,1,3,1,1,0,1.0,-1.0,1,0,0
9033,933,10,2,2,1,4,0,1,0,,-1.0,1,0,None
9034,934,0,2,1,1,1,0,0,0,7.0,-1.0,1,0,0
9035,934,1,2,2,1,1,1,1,1,,-1.0,1,0,None
9036,935,0,2,2,1,2,0,0,0,0.0,0.0,1,1,1
9037,935,1,2,2,1,2,0,0,0,7.0,0.0,1,1,1
9038,935,2,2,2,1,2,1,1,1,6.0,0.0,1,1,1
9039,935,3,2,2,1,2,1,0,1,4.0,0.0,1,1,1
9040,935,4,2,2,1,2,1,0,0,1.0,0.0,1,1,1
9041,935,5,2,2,1,2,0,1,0,0.0,0.0,1,1,0
9042,935,6,2,2,1,2,0,0,0,0.0,-1.0,1,0,0
9043,935,7,2,2,0,2,0,0,0,,-1.0,1,0,None
9044,936,0,1,0,1,1,0,0,0,3.0,0.0,1,1,1
9045,936,1,1,0,1,1,0,1,1,1.0,0.0,1,1,1
9046,936,2,1,0,1,1,0,1,0,4.0,0.0,1,1,1
9047,936,3,1,0,1,1,1,0,0,5.0,0.0,1,1,1
9048,936,4,1,1,1,1,1,1,0,3.0,0.0,1,1,1
9049,936,5,1,1,1,1,0,1,1,5.0,0.0,1,1,1
9050,936,6,1,1,1,1,1,1,0,2.0,0.0,1,1,1
9051,936,7,1,1,1,1,0,0,1,2.0,0.0,1,1,0
9052,936,8,1,1,1,1,0,0,1,2.0,-1.0,1,0,0
9053,936,9,0,0,1,1,0,0,1,,-1.0,1,0,None
9054,937,0,0,2,1,2,0,0,0,4.0,0.0,1,1,1
9055,937,1,0,1,1,2,1,0,0,4.0,0.0,1,1,1
9056,937,2,0,1,1,1,1,0,0,2.0,0.0,1,1,1
9057,937,3,0,1,1,1,0,0,1,4.0,0.0,1,1,1
9058,937,4,0,1,1,0,1,0,0,6.0,0.0,1,1,1
9059,937,5,0,1,1,0,1,0,1,4.0,0.0,1,1,0
9060,937,6,0,1,1,0,1,0,0,7.0,-1.0,1,0,0
9061,937,7,0,2,1,0,1,1,1,,-1.0,1,0,None
9062,938,0,0,1,1,2,0,0,0,0.0,0.0,1,1,0
9063,938,1,0,1,1,1,0,0,0,7.0,-1.0,1,0,0
9064,938,2,0,2,1,1,1,1,1,,-1.0,1,0,None
9065,939,0,2,1,1,2,0,0,0,3.0,0.0,1,1,1
9066,939,1,2,2,1,2,0,1,1,3.0,0.0,1,1,1
9067,939,2,2,2,1,2,0,1,1,7.0,0.0,1,1,1
9068,939,3,1,2,1,2,1,1,1,1.0,0.0,1,1,1
9069,939,4,1,2,1,2,0,1,0,7.0,0.0,1,1,1
9070,939,5,1,2,1,2,1,1,1,6.0,0.0,1,1,1
9071,939,6,1,2,1,2,1,0,1,6.0,0.0,1,1,1
9072,939,7,1,2,1,1,1,0,1,6.0,0.0,1,1,1
9073,939,8,1,1,1,1,1,0,1,6.0,0.0,1,1,1
9074,939,9,1,1,1,1,1,0,1,2.0,0.0,1,1,1
9075,939,10,1,1,1,1,0,0,1,5.0,0.0,1,1,1
9076,939,11,1,2,1,1,1,1,0,2.0,0.0,1,1,1
9077,939,12,1,2,1,1,0,0,1,4.0,0.0,1,1,1
9078,939,13,1,1,0,0,1,0,0,4.0,0.0,1,1,1
9079,939,14,1,1,0,0,1,0,0,3.0,0.0,1,1,1
9080,939,15,1,2,1,0,0,1,1,4.0,0.0,1,1,1
9081,939,16,1,1,1,0,1,0,0,1.0,0.0,1,1,0
9082,939,17,1,2,1,0,0,1,0,0.0,-1.0,1,0,0
9083,939,18,0,2,1,0,0,0,0,,-1.0,1,0,None
9084,940,0,1,2,1,2,0,0,0,1.0,-1.0,1,0,0
9085,940,1,2,2,0,2,0,1,0,,-1.0,1,0,None
9086,941,0,2,2,1,2,0,0,0,3.0,0.0,1,1,1
9087,941,1,2,2,1,2,0,1,1,7.0,0.0,1,1,0
9088,941,2,2,2,1,2,1,1,1,1.0,-1.0,1,0,0
9089,941,3,2,2,1,3,0,1,0,,-1.0,1,0,None
9090,942,0,1,0,1,3,0,0,0,3.0,0.0,1,1,1
9091,942,1,1,1,1,4,0,1,1,3.0,0.0,1,1,1
9092,942,2,1,2,1,4,0,1,1,3.0,0.0,1,1,1
9093,942,3,1,2,1,4,0,1,1,1.0,0.0,1,1,1
9094,942,4,1,2,1,4,0,1,0,7.0,0.0,1,1,1
9095,942,5,1,2,1,4,1,1,1,4.0,0.0,1,1,1
9096,942,6,1,1,1,3,1,0,0,1.0,0.0,1,1,1
9097,942,7,1,2,1,4,0,1,0,7.0,0.0,1,1,1
9098,942,8,1,2,1,4,1,1,1,4.0,0.0,1,1,1
9099,942,9,1,1,1,4,1,0,0,7.0,0.0,1,1,1
9100,942,10,1,2,1,4,1,1,1,6.0,0.0,1,1,1
9101,942,11,1,2,1,4,1,0,1,2.0,0.0,1,1,1
9102,942,12,1,2,1,3,0,0,1,6.0,0.0,1,1,1
9103,942,13,1,1,1,3,1,0,1,4.0,0.0,1,1,1
9104,942,14,1,1,1,2,1,0,0,1.0,0.0,1,1,0
9105,942,15,1,2,1,2,0,1,0,0.0,-1.0,1,0,0
9106,942,16,2,2,1,3,0,0,0,,-1.0,1,0,None
9107,943,0,0,1,1,3,0,0,0,4.0,0.0,1,1,0
9108,943,1,0,1,1,4,1,0,0,7.0,-1.0,1,0,0
9109,943,2,0,2,1,4,1,1,1,,-1.0,1,0,None
9110,944,0,2,2,1,2,0,0,0,7.0,0.0,1,1,1
9111,944,1,2,2,1,2,1,1,1,2.0,0.0,1,1,1
9112,944,2,2,1,1,2,0,0,1,6.0,0.0,1,1,0
9113,944,3,2,1,1,2,1,0,1,0.0,-1.0,1,0,0
9114,944,4,2,1,0,1,0,0,0,,-1.0,1,0,None
9115,945,0,1,0,1,4,0,0,0,3.0,0.0,1,1,1
9116,945,1,1,1,1,4,0,1,1,4.0,0.0,1,1,0
9117,945,2,1,1,1,4,1,0,0,1.0,-1.0,1,0,0
9118,945,3,1,2,0,4,0,1,0,,-1.0,1,0,None
9119,946,0,0,1,1,2,0,0,0,7.0,0.0,1,1,1
9120,946,1,0,2,1,2,1,1,1,7.0,0.0,1,1,1
9121,946,2,0,2,1,2,1,1,1,3.0,0.0,1,1,1
9122,946,3,0,2,1,2,0,1,1,6.0,0.0,1,1,1
9123,946,4,0,1,1,1,1,0,1,4.0,0.0,1,1,1
9124,946,5,0,1,1,1,1,0,0,3.0,0.0,1,1,1
9125,946,6,0,1,1,1,0,1,1,6.0,0.0,1,1,0
9126,946,7,0,1,1,1,1,0,1,3.0,-1.0,1,0,0
9127,946,8,0,2,1,1,0,1,1,,-1.0,1,0,None
9128,947,0,1,1,1,3,0,0,0,3.0,0.0,1,1,1
9129,947,1,1,2,1,3,0,1,1,0.0,0.0,1,1,1
9130,947,2,1,1,0,1,0,0,0,4.0,0.0,1,1,1
9131,947,3,1,1,0,1,1,0,0,4.0,0.0,1,1,1
9132,947,4,1,1,0,1,1,0,0,7.0,0.0,1,1,1
9133,947,5,1,2,1,1,1,1,1,6.0,0.0,1,1,1
9134,947,6,1,2,1,1,1,0,1,6.0,0.0,1,1,1
9135,947,7,1,1,1,1,1,0,1,6.0,0.0,1,1,1
9136,947,8,1,1,1,1,1,0,1,5.0,0.0,1,1,1
9137,947,9,1,1,1,1,1,1,0,5.0,0.0,1,1,1
9138,947,10,1,2,1,1,1,1,0,7.0,0.0,1,1,1
9139,947,11,1,2,1,1,1,1,1,0.0,0.0,1,1,1
9140,947,12,1,2,1,1,0,0,0,0.0,0.0,1,1,1
9141,947,13,1,2,1,1,0,0,0,6.0,0.0,1,1,1
9142,947,14,1,1,1,1,1,0,1,1.0,0.0,1,1,0
9143,947,15,1,2,1,1,0,1,0,0.0,-1.0,1,0,0
9144,947,16,2,2,1,1,0,0,0,,-1.0,1,0,None
9145,948,0,2,2,1,2,0,0,0,0.0,0.0,1,1,1
9146,948,1,2,2,1,2,0,0,0,2.0,0.0,1,1,1
9147,948,2,2,2,1,2,0,0,1,7.0,0.0,1,1,1
9148,948,3,2,2,1,2,1,1,1,7.0,0.0,1,1,1
9149,948,4,1,2,1,2,1,1,1,3.0,0.0,1,1,1
9150,948,5,1,2,1,2,0,1,1,6.0,0.0,1,1,1
9151,948,6,1,2,1,2,1,0,1,6.0,0.0,1,1,1
9152,948,7,1,2,1,2,1,0,1,7.0,0.0,1,1,1
9153,948,8,1,1,1,2,1,1,1,2.0,0.0,1,1,1
9154,948,9,1,0,1,2,0,0,1,3.0,0.0,1,1,1
9155,948,10,1,1,1,2,0,1,1,6.0,0.0,1,1,1
9156,948,11,1,1,1,1,1,0,1,3.0,0.0,1,1,1
9157,948,12,1,2,1,1,0,1,1,1.0,0.0,1,1,1
9158,948,13,1,2,1,1,0,1,0,4.0,0.0,1,1,1
9159,948,14,1,1,1,1,1,0,0,2.0,0.0,1,1,1
9160,948,15,1,1,1,1,0,0,1,0.0,0.0,1,1,1
9161,948,16,1,1,1,1,0,0,0,5.0,0.0,1,1,1
9162,948,17,1,2,1,1,1,1,0,3.0,0.0,1,1,1
9163,948,18,1,2,1,1,0,1,1,1.0,0.0,1,1,1
9164,948,19,1,2,1,1,0,1,0,1.0,0.0,1,1,1
9165,948,20,1,2,1,1,0,1,0,,0.0,1,1,None
9166,949,0,0,1,1,2,0,0,0,7.0,0.0,1,1,1
9167,949,1,0,2,1,2,1,1,1,3.0,0.0,1,1,0
9168,949,2,0,2,1,2,0,1,1,4.0,-1.0,1,0,0
9169,949,3,0,2,0,2,1,0,0,,-1.0,1,0,None
9170,950,0,1,0,1,2,0,0,0,4.0,0.0,1,1,1
9171,950,1,1,0,1,2,1,0,0,0.0,0.0,1,1,1
9172,950,2,1,0,1,1,0,0,0,5.0,0.0,1,1,1
9173,950,3,1,1,0,1,1,1,0,3.0,0.0,1,1,1
9174,950,4,1,1,1,1,0,1,1,0.0,0.0,1,1,1
9175,950,5,1,1,1,1,0,0,0,3.0,0.0,1,1,1
9176,950,6,1,2,1,1,0,1,1,2.0,0.0,1,1,0
9177,950,7,1,2,1,1,0,0,1,5.0,-1.0,1,0,0
9178,950,8,1,2,0,1,1,1,0,,-1.0,1,0,None
9179,951,0,1,0,1,2,0,0,0,4.0,0.0,1,1,1
9180,951,1,1,0,1,1,1,0,0,2.0,0.0,1,1,1
9181,951,2,1,0,1,1,0,0,1,0.0,0.0,1,1,1
9182,951,3,1,0,1,1,0,0,0,3.0,0.0,1,1,1
9183,951,4,1,0,1,1,0,1,1,0.0,0.0,1,1,0
9184,951,5,1,0,1,1,0,0,0,0.0,-1.0,1,0,0
9185,951,6,1,0,0,1,0,0,0,,-1.0,1,0,None
9186,952,0,0,1,1,3,0,0,0,4.0,0.0,1,1,0
9187,952,1,0,1,1,3,1,0,0,7.0,-1.0,1,0,0
9188,952,2,0,2,1,3,1,1,1,,-1.0,1,0,None
9189,953,0,0,1,1,2,0,0,0,6.0,0.0,1,1,1
9190,953,1,0,1,1,2,1,0,1,7.0,0.0,1,1,1
9191,953,2,0,2,1,2,1,1,1,4.0,0.0,1,1,1
9192,953,3,0,2,1,2,1,0,0,2.0,0.0,1,1,1
9193,953,4,0,2,1,2,0,0,1,6.0,0.0,1,1,1
9194,953,5,0,2,1,2,1,0,1,1.0,0.0,1,1,1
9195,953,6,0,2,1,2,0,1,0,6.0,0.0,1,1,1
9196,953,7,0,2,1,2,1,0,1,2.0,0.0,1,1,1
9197,953,8,0,2,1,2,0,0,1,2.0,0.0,1,1,1
9198,953,9,0,2,1,2,0,0,1,6.0,0.0,1,1,1
9199,953,10,0,1,1,1,1,0,1,5.0,0.0,1,1,1
9200,953,11,0,1,1,1,1,1,0,0.0,0.0,1,1,1
9201,953,12,0,1,1,1,0,0,0,3.0,0.0,1,1,0
9202,953,13,0,1,1,1,0,1,1,5.0,-1.0,1,0,0
9203,953,14,0,1,0,1,1,1,0,,-1.0,1,0,None
9204,954,0,2,0,1,2,0,0,0,7.0,0.0,1,1,1
9205,954,1,2,1,1,2,1,1,1,0.0,0.0,1,1,1
9206,954,2,2,1,1,2,0,0,0,1.0,0.0,1,1,1
9207,954,3,2,2,1,2,0,1,0,5.0,0.0,1,1,1
9208,954,4,1,1,1,2,1,1,0,3.0,0.0,1,1,1
9209,954,5,1,2,1,2,0,1,1,2.0,0.0,1,1,1
9210,954,6,1,2,1,2,0,0,1,7.0,0.0,1,1,1
9211,954,7,1,1,1,2,1,1,1,1.0,0.0,1,1,1
9212,954,8,1,1,1,2,0,1,0,1.0,0.0,1,1,1
9213,954,9,2,2,1,2,0,1,0,0.0,0.0,1,1,1
9214,954,10,2,2,1,2,0,0,0,6.0,0.0,1,1,1
9215,954,11,2,1,1,2,1,0,1,7.0,0.0,1,1,1
9216,954,12,1,2,1,2,1,1,1,6.0,0.0,1,1,1
9217,954,13,1,2,1,2,1,0,1,4.0,0.0,1,1,1
9218,954,14,1,2,1,2,1,0,0,6.0,0.0,1,1,1
9219,954,15,1,1,1,2,1,0,1,3.0,0.0,1,1,1
9220,954,16,1,2,1,2,0,1,1,2.0,0.0,1,1,1
9221,954,17,1,2,1,2,0,0,1,1.0,0.0,1,1,1
9222,954,18,1,2,1,2,0,1,0,4.0,0.0,1,1,1
9223,954,19,1,2,1,2,1,0,0,5.0,0.0,1,1,1
9224,954,20,1,2,1,2,1,1,0,,0.0,1,1,None
9225,955,0,1,1,1,1,0,0,0,6.0,0.0,1,1,1
9226,955,1,1,1,1,2,1,0,1,5.0,0.0,1,1,1
9227,955,2,1,2,1,3,1,1,0,5.0,0.0,1,1,1
9228,955,3,1,2,1,3,1,1,0,3.0,0.0,1,1,1
9229,955,4,1,2,1,4,0,1,1,4.0,0.0,1,1,1
9230,955,5,1,2,1,4,1,0,0,2.0,0.0,1,1,1
9231,955,6,1,2,1,3,0,0,1,2.0,0.0,1,1,1
9232,955,7,1,2,1,3,0,0,1,6.0,0.0,1,1,1
9233,955,8,1,2,1,4,1,0,1,1.0,0.0,1,1,1
9234,955,9,1,2,1,4,0,1,0,7.0,0.0,1,1,1
9235,955,10,1,2,1,4,1,1,1,2.0,0.0,1,1,1
9236,955,11,1,2,1,3,0,0,1,7.0,0.0,1,1,1
9237,955,12,1,2,1,3,1,1,1,0.0,0.0,1,1,1
9238,955,13,1,2,1,2,0,0,0,0.0,0.0,1,1,1
9239,955,14,1,2,1,1,0,0,0,6.0,0.0,1,1,1
9240,955,15,1,2,1,1,1,0,1,3.0,0.0,1,1,1
9241,955,16,1,2,1,1,0,1,1,6.0,0.0,1,1,1
9242,955,17,1,1,1,1,1,0,1,4.0,0.0,1,1,1
9243,955,18,1,1,1,2,1,0,0,6.0,0.0,1,1,1
9244,955,19,1,1,1,2,1,0,1,6.0,0.0,1,1,1
9245,955,20,1,1,1,2,1,0,1,,0.0,1,1,None
9246,956,0,2,1,1,2,0,0,0,0.0,0.0,1,1,1
9247,956,1,2,1,1,2,0,0,0,1.0,0.0,1,1,1
9248,956,2,2,1,1,2,0,1,0,5.0,0.0,1,1,1
9249,956,3,1,2,1,2,1,1,0,7.0,0.0,1,1,1
9250,956,4,1,2,1,2,1,1,1,4.0,0.0,1,1,1
9251,956,5,1,2,0,2,1,0,0,7.0,0.0,1,1,1
9252,956,6,1,2,1,2,1,1,1,4.0,0.0,1,1,1
9253,956,7,1,0,1,2,1,0,0,7.0,0.0,1,1,1
9254,956,8,1,1,1,2,1,1,1,2.0,0.0,1,1,1
9255,956,9,1,1,1,1,0,0,1,5.0,0.0,1,1,1
9256,956,10,1,2,1,1,1,1,0,2.0,0.0,1,1,1
9257,956,11,1,2,1,1,0,0,1,0.0,0.0,1,1,1
9258,956,12,1,2,1,1,0,0,0,4.0,0.0,1,1,0
9259,956,13,1,1,1,1,1,0,0,1.0,-1.0,1,0,0
9260,956,14,2,2,1,1,0,1,0,,-1.0,1,0,None
9261,957,0,1,2,1,2,0,0,0,7.0,0.0,1,1,1
9262,957,1,1,1,1,2,1,1,1,5.0,0.0,1,1,1
9263,957,2,1,1,1,2,1,1,0,2.0,0.0,1,1,1
9264,957,3,1,1,1,2,0,0,1,5.0,0.0,1,1,1
9265,957,4,1,1,1,2,1,1,0,1.0,0.0,1,1,1
9266,957,5,1,2,1,2,0,1,0,1.0,0.0,1,1,1
9267,957,6,1,2,1,2,0,1,0,4.0,0.0,1,1,1
9268,957,7,1,0,1,2,1,0,0,2.0,0.0,1,1,1
9269,957,8,1,0,1,2,0,0,1,1.0,0.0,1,1,1
9270,957,9,1,0,1,2,0,1,0,0.0,0.0,1,1,1
9271,957,10,1,0,1,2,0,0,0,7.0,0.0,1,1,1
9272,957,11,1,1,1,2,1,1,1,6.0,0.0,1,1,1
9273,957,12,1,1,1,1,1,0,1,3.0,0.0,1,1,0
9274,957,13,1,2,1,1,0,1,1,0.0,-1.0,1,0,0
9275,957,14,2,2,0,1,0,0,0,,-1.0,1,0,None
9276,958,0,1,2,1,4,0,0,0,5.0,0.0,1,1,1
9277,958,1,1,2,1,4,1,1,0,5.0,0.0,1,1,1
9278,958,2,1,2,1,4,1,1,0,4.0,0.0,1,1,0
9279,958,3,1,1,1,1,1,0,0,1.0,-1.0,1,0,0
9280,958,4,1,2,0,1,0,1,0,,-1.0,1,0,None
9281,959,0,1,1,1,1,0,0,0,5.0,0.0,1,1,1
9282,959,1,1,1,1,1,1,1,0,4.0,0.0,1,1,1
9283,959,2,1,1,1,1,1,0,0,0.0,0.0,1,1,1
9284,959,3,1,1,1,1,0,0,0,5.0,0.0,1,1,1
9285,959,4,1,2,1,1,1,1,0,4.0,0.0,1,1,1
9286,959,5,1,1,1,1,1,0,0,3.0,0.0,1,1,1
9287,959,6,1,2,1,1,0,1,1,1.0,0.0,1,1,1
9288,959,7,1,2,1,1,0,1,0,6.0,0.0,1,1,1
9289,959,8,1,1,1,1,1,0,1,4.0,0.0,1,1,1
9290,959,9,1,1,1,1,1,0,0,5.0,0.0,1,1,1
9291,959,10,1,2,1,1,1,1,0,3.0,0.0,1,1,1
9292,959,11,1,2,1,1,0,1,1,4.0,0.0,1,1,1
9293,959,12,1,2,1,1,1,0,0,2.0,0.0,1,1,1
9294,959,13,1,2,1,1,0,0,1,1.0,0.0,1,1,1
9295,959,14,1,2,1,1,0,1,0,5.0,0.0,1,1,1
9296,959,15,1,2,1,1,1,1,0,2.0,0.0,1,1,1
9297,959,16,1,2,1,1,0,0,1,0.0,0.0,1,1,1
9298,959,17,1,2,1,1,0,0,0,0.0,0.0,1,1,1
9299,959,18,1,2,1,1,0,0,0,6.0,0.0,1,1,1
9300,959,19,1,2,1,1,1,0,1,2.0,0.0,1,1,1
9301,959,20,1,2,1,1,0,0,1,,0.0,1,1,None
9302,960,0,0,1,1,1,0,0,0,2.0,0.0,1,1,0
9303,960,1,0,1,1,1,0,0,1,3.0,-1.0,1,0,0
9304,960,2,0,2,1,1,0,1,1,,-1.0,1,0,None
9305,961,0,1,1,1,3,0,0,0,6.0,0.0,1,1,1
9306,961,1,1,1,1,2,1,0,1,2.0,0.0,1,1,1
9307,961,2,1,1,1,2,0,0,1,6.0,0.0,1,1,0
9308,961,3,1,1,1,3,1,0,1,1.0,-1.0,1,0,0
9309,961,4,1,2,0,3,0,1,0,,-1.0,1,0,None
9310,962,0,1,2,1,2,0,0,0,0.0,1.0,1,2,2
9311,962,1,1,1,1,2,0,0,0,,1.0,1,2,None
9312,963,0,1,2,0,2,0,0,0,4.0,0.0,1,1,1
9313,963,1,1,1,0,1,1,0,0,3.0,0.0,1,1,0
9314,963,2,1,2,1,1,0,1,1,1.0,-1.0,1,0,0
9315,963,3,2,2,1,1,0,1,0,,-1.0,1,0,None
9316,964,0,2,1,1,4,0,0,0,1.0,0.0,1,1,1
9317,964,1,1,2,1,4,0,1,0,6.0,0.0,1,1,1
9318,964,2,1,1,1,1,1,0,1,4.0,0.0,1,1,1
9319,964,3,1,1,1,1,1,0,0,4.0,0.0,1,1,1
9320,964,4,1,1,1,1,1,0,0,6.0,0.0,1,1,1
9321,964,5,1,1,1,1,1,0,1,5.0,0.0,1,1,1
9322,964,6,1,2,1,1,1,1,0,4.0,0.0,1,1,1
9323,964,7,1,1,1,1,1,0,0,2.0,0.0,1,1,1
9324,964,8,1,2,1,1,0,0,1,4.0,0.0,1,1,1
9325,964,9,1,1,1,1,1,0,0,7.0,0.0,1,1,1
9326,964,10,1,2,1,1,1,1,1,1.0,0.0,1,1,1
9327,964,11,1,2,1,1,0,1,0,1.0,0.0,1,1,1
9328,964,12,1,2,1,1,0,1,0,4.0,0.0,1,1,1
9329,964,13,1,2,1,1,1,0,0,4.0,0.0,1,1,1
9330,964,14,1,1,1,1,1,0,0,6.0,0.0,1,1,1
9331,964,15,1,1,1,1,1,0,1,2.0,0.0,1,1,1
9332,964,16,1,1,1,1,0,0,1,6.0,0.0,1,1,1
9333,964,17,1,1,1,1,1,0,1,4.0,0.0,1,1,1
9334,964,18,1,1,0,1,1,0,0,6.0,0.0,1,1,1
9335,964,19,1,1,1,1,1,0,1,4.0,0.0,1,1,1
9336,964,20,1,1,0,0,1,0,0,,0.0,1,1,None
9337,965,0,1,1,1,1,0,0,0,3.0,0.0,1,1,1
9338,965,1,1,2,1,1,0,1,1,6.0,0.0,1,1,1
9339,965,2,1,2,1,1,1,0,1,7.0,0.0,1,1,1
9340,965,3,1,2,1,1,1,1,1,4.0,0.0,1,1,1
9341,965,4,1,2,1,1,1,0,0,4.0,0.0,1,1,1
9342,965,5,1,1,1,1,1,0,0,7.0,0.0,1,1,1
9343,965,6,1,2,1,1,1,1,1,5.0,0.0,1,1,1
9344,965,7,1,2,1,1,1,1,0,4.0,0.0,1,1,1
9345,965,8,1,1,1,1,1,0,0,7.0,0.0,1,1,1
9346,965,9,1,1,1,1,1,1,1,5.0,0.0,1,1,1
9347,965,10,1,2,1,1,1,1,0,2.0,0.0,1,1,1
9348,965,11,1,2,1,1,0,0,1,5.0,0.0,1,1,1
9349,965,12,1,2,1,1,1,1,0,6.0,0.0,1,1,1
9350,965,13,1,2,1,0,1,0,1,7.0,0.0,1,1,1
9351,965,14,1,2,1,0,1,1,1,5.0,0.0,1,1,1
9352,965,15,1,2,1,0,1,1,0,5.0,0.0,1,1,1
9353,965,16,1,2,1,0,1,1,0,2.0,0.0,1,1,1
9354,965,17,1,1,1,0,0,0,1,2.0,0.0,1,1,1
9355,965,18,0,1,1,0,0,0,1,0.0,0.0,1,1,1
9356,965,19,0,1,1,0,0,0,0,3.0,0.0,1,1,1
9357,965,20,0,1,1,0,0,1,1,,0.0,1,1,None
9358,966,0,2,1,1,2,0,0,0,7.0,0.0,1,1,1
9359,966,1,2,2,1,2,1,1,1,0.0,0.0,1,1,1
9360,966,2,2,2,1,2,0,0,0,3.0,0.0,1,1,1
9361,966,3,2,2,1,2,0,1,1,4.0,0.0,1,1,1
9362,966,4,2,2,1,2,1,0,0,3.0,0.0,1,1,0
9363,966,5,2,2,1,2,0,1,1,4.0,-1.0,1,0,0
9364,966,6,2,2,1,1,1,0,0,,-1.0,1,0,None
9365,967,0,1,1,1,3,0,0,0,1.0,0.0,1,1,1
9366,967,1,1,2,1,3,0,1,0,6.0,0.0,1,1,1
9367,967,2,1,1,1,4,1,0,1,2.0,0.0,1,1,1
9368,967,3,1,1,1,4,0,0,1,7.0,0.0,1,1,1
9369,967,4,1,2,1,4,1,1,1,0.0,0.0,1,1,1
9370,967,5,1,2,1,4,0,0,0,6.0,0.0,1,1,1
9371,967,6,1,1,1,4,1,0,1,7.0,0.0,1,1,1
9372,967,7,1,2,1,4,1,1,1,5.0,0.0,1,1,1
9373,967,8,1,2,1,4,1,1,0,2.0,0.0,1,1,1
9374,967,9,1,2,1,4,0,0,1,6.0,0.0,1,1,1
9375,967,10,1,1,1,4,1,0,1,6.0,0.0,1,1,1
9376,967,11,1,1,1,3,1,0,1,7.0,0.0,1,1,1
9377,967,12,1,2,1,3,1,1,1,2.0,0.0,1,1,1
9378,967,13,1,2,1,3,0,0,1,6.0,0.0,1,1,1
9379,967,14,1,2,1,2,1,0,1,2.0,0.0,1,1,1
9380,967,15,1,2,1,3,0,0,1,2.0,0.0,1,1,1
9381,967,16,1,2,1,2,0,0,1,1.0,0.0,1,1,1
9382,967,17,1,2,1,3,0,1,0,0.0,0.0,1,1,1
9383,967,18,2,2,1,2,0,0,0,4.0,0.0,1,1,1
9384,967,19,2,2,1,2,1,0,0,3.0,0.0,1,1,1
9385,967,20,2,2,1,2,0,1,1,,0.0,1,1,None
9386,968,0,0,1,1,2,0,0,0,2.0,0.0,1,1,1
9387,968,1,0,1,1,2,0,0,1,4.0,0.0,1,1,1
9388,968,2,0,1,1,2,1,0,0,0.0,0.0,1,1,1
9389,968,3,0,1,0,2,0,0,0,1.0,0.0,1,1,0
9390,968,4,0,1,0,2,0,1,0,1.0,-1.0,1,0,0
9391,968,5,0,2,0,2,0,1,0,,-1.0,1,0,None
9392,969,0,2,1,1,2,0,0,0,0.0,0.0,1,1,1
9393,969,1,2,1,1,2,0,0,0,0.0,0.0,1,1,1
9394,969,2,2,1,1,2,0,0,0,7.0,0.0,1,1,1
9395,969,3,2,1,1,2,1,1,1,3.0,0.0,1,1,1
9396,969,4,2,2,1,2,0,1,1,3.0,0.0,1,1,1
9397,969,5,2,2,1,2,0,1,1,6.0,0.0,1,1,1
9398,969,6,1,1,1,1,1,0,1,6.0,0.0,1,1,1
9399,969,7,1,1,1,1,1,0,1,0.0,0.0,1,1,1
9400,969,8,1,1,1,0,0,0,0,4.0,0.0,1,1,1
9401,969,9,1,1,1,0,1,0,0,3.0,0.0,1,1,1
9402,969,10,1,2,1,0,0,1,1,5.0,0.0,1,1,1
9403,969,11,1,2,1,0,1,1,0,3.0,0.0,1,1,1
9404,969,12,1,2,1,0,0,1,1,1.0,0.0,1,1,1
9405,969,13,1,2,1,0,0,1,0,4.0,0.0,1,1,1
9406,969,14,1,1,0,0,1,0,0,7.0,0.0,1,1,1
9407,969,15,1,2,1,0,1,1,1,6.0,0.0,1,1,1
9408,969,16,1,1,1,1,1,0,1,7.0,0.0,1,1,1
9409,969,17,1,1,1,1,1,1,1,4.0,0.0,1,1,1
9410,969,18,1,1,1,1,1,0,0,3.0,0.0,1,1,1
9411,969,19,1,2,1,1,0,1,1,2.0,0.0,1,1,1
9412,969,20,1,2,1,1,0,0,1,,0.0,1,1,None
9413,970,0,1,2,1,3,0,0,0,0.0,0.0,1,1,0
9414,970,1,1,2,1,2,0,0,0,2.0,-1.0,1,0,0
9415,970,2,2,2,1,3,0,0,1,,-1.0,1,0,None
9416,971,0,0,2,1,2,0,0,0,7.0,0.0,1,1,0
9417,971,1,0,1,1,2,1,1,1,4.0,-1.0,1,0,0
9418,971,2,0,1,0,1,1,0,0,,-1.0,1,0,None
9419,972,0,0,1,1,0,0,0,0,3.0,0.0,1,1,1
9420,972,1,1,2,1,0,0,1,1,0.0,0.0,1,1,1
9421,972,2,1,2,1,0,0,0,0,2.0,0.0,1,1,1
9422,972,3,2,1,1,0,0,0,1,4.0,0.0,1,1,1
9423,972,4,1,1,1,1,1,0,0,0.0,0.0,1,1,1
9424,972,5,1,1,1,1,0,0,0,6.0,0.0,1,1,1
9425,972,6,1,1,1,1,1,0,1,4.0,0.0,1,1,1
9426,972,7,1,1,1,1,1,0,0,4.0,0.0,1,1,1
9427,972,8,1,1,1,1,1,0,0,2.0,0.0,1,1,1
9428,972,9,1,1,1,1,0,0,1,2.0,0.0,1,1,1
9429,972,10,1,1,1,0,0,0,1,1.0,0.0,1,1,0
9430,972,11,1,1,0,0,0,1,0,7.0,-1.0,1,0,0
9431,972,12,1,2,0,0,1,1,1,,-1.0,1,0,None
9432,973,0,1,1,1,3,0,0,0,1.0,0.0,1,1,1
9433,973,1,1,1,1,3,0,1,0,3.0,0.0,1,1,1
9434,973,2,1,2,1,3,0,1,1,4.0,0.0,1,1,1
9435,973,3,1,1,1,2,1,0,0,1.0,0.0,1,1,1
9436,973,4,1,2,0,2,0,1,0,3.0,0.0,1,1,1
9437,973,5,1,2,1,2,0,1,1,1.0,0.0,1,1,1
9438,973,6,2,2,1,2,0,1,0,6.0,0.0,1,1,1
9439,973,7,2,2,1,2,1,0,1,6.0,0.0,1,1,1
9440,973,8,1,1,1,2,1,0,1,1.0,0.0,1,1,1
9441,973,9,1,2,1,2,0,1,0,5.0,0.0,1,1,1
9442,973,10,1,2,1,2,1,1,0,3.0,0.0,1,1,1
9443,973,11,1,2,1,2,0,1,1,5.0,0.0,1,1,1
9444,973,12,1,2,1,2,1,1,0,0.0,0.0,1,1,1
9445,973,13,1,1,1,1,0,0,0,7.0,0.0,1,1,1
9446,973,14,1,2,1,1,1,1,1,6.0,0.0,1,1,1
9447,973,15,1,2,1,1,1,0,1,6.0,0.0,1,1,1
9448,973,16,1,2,1,1,1,0,1,1.0,0.0,1,1,1
9449,973,17,1,2,1,1,0,1,0,5.0,0.0,1,1,1
9450,973,18,1,2,1,1,1,1,0,3.0,0.0,1,1,1
9451,973,19,1,2,1,1,0,1,1,4.0,0.0,1,1,1
9452,973,20,1,1,1,1,1,0,0,,0.0,1,1,None
9453,974,0,0,1,1,3,0,0,0,1.0,-1.0,1,0,0
9454,974,1,0,2,0,3,0,1,0,,-1.0,1,0,None
9455,975,0,1,1,0,3,0,0,0,0.0,0.0,1,1,1
9456,975,1,0,1,0,2,0,0,0,1.0,0.0,1,1,0
9457,975,2,0,1,0,2,0,1,0,2.0,-1.0,1,0,0
9458,975,3,0,0,1,3,0,0,1,,-1.0,1,0,None
9459,976,0,1,0,1,2,0,0,0,3.0,0.0,1,1,1
9460,976,1,1,0,1,2,0,1,1,0.0,0.0,1,1,1
9461,976,2,1,0,1,2,0,0,0,0.0,0.0,1,1,1
9462,976,3,1,0,1,2,0,0,0,5.0,0.0,1,1,1
9463,976,4,1,0,1,2,1,1,0,4.0,0.0,1,1,1
9464,976,5,1,0,1,2,1,0,0,3.0,0.0,1,1,1
9465,976,6,1,1,1,2,0,1,1,4.0,0.0,1,1,1
9466,976,7,1,1,1,2,1,0,0,2.0,0.0,1,1,1
9467,976,8,1,1,1,2,0,0,1,3.0,0.0,1,1,1
9468,976,9,0,2,1,2,0,1,1,7.0,0.0,1,1,1
9469,976,10,0,2,1,2,1,1,1,1.0,0.0,1,1,1
9470,976,11,0,2,1,2,0,1,0,5.0,0.0,1,1,1
9471,976,12,0,2,1,2,1,1,0,6.0,0.0,1,1,1
9472,976,13,0,2,1,2,1,0,1,5.0,0.0,1,1,1
9473,976,14,0,2,1,2,1,1,0,1.0,0.0,1,1,1
9474,976,15,0,2,1,2,0,1,0,2.0,0.0,1,1,1
9475,976,16,0,2,1,2,0,0,1,7.0,0.0,1,1,1
9476,976,17,0,2,1,2,1,1,1,4.0,0.0,1,1,1
9477,976,18,0,1,1,2,1,0,0,4.0,0.0,1,1,1
9478,976,19,0,1,1,2,1,0,0,7.0,0.0,1,1,1
9479,976,20,0,1,1,2,1,1,1,,0.0,1,1,None
9480,977,0,0,1,1,4,0,0,0,2.0,0.0,1,1,0
9481,977,1,0,1,1,4,0,0,1,5.0,-1.0,1,0,0
9482,977,2,0,2,1,4,1,1,0,,-1.0,1,0,None
9483,978,0,1,2,1,2,0,0,0,2.0,0.0,1,1,1
9484,978,1,1,2,1,2,0,0,1,1.0,0.0,1,1,1
9485,978,2,1,2,1,2,0,1,0,1.0,0.0,1,1,1
9486,978,3,1,2,1,2,0,1,0,4.0,0.0,1,1,1
9487,978,4,1,2,1,2,1,0,0,2.0,0.0,1,1,1
9488,978,5,1,2,1,1,0,0,1,2.0,0.0,1,1,1
9489,978,6,1,1,1,0,0,0,1,7.0,0.0,1,1,1
9490,978,7,1,2,1,0,1,1,1,3.0,0.0,1,1,0
9491,978,8,1,2,1,0,0,1,1,2.0,-1.0,1,0,0
9492,978,9,0,2,1,0,0,0,1,,-1.0,1,0,None
9493,979,0,2,1,1,3,0,0,0,5.0,0.0,1,1,1
9494,979,1,1,2,1,4,1,1,0,6.0,0.0,1,1,1
9495,979,2,1,2,1,3,1,0,1,6.0,0.0,1,1,0
9496,979,3,1,1,1,4,1,0,1,1.0,-1.0,1,0,0
9497,979,4,2,2,1,4,0,1,0,,-1.0,1,0,None
9498,980,0,1,2,0,2,0,0,0,0.0,0.0,1,1,0
9499,980,1,1,2,0,2,0,0,0,1.0,-1.0,1,0,0
9500,980,2,2,2,0,2,0,1,0,,-1.0,1,0,None
9501,981,0,2,1,1,3,0,0,0,4.0,0.0,1,1,0
9502,981,1,2,1,1,4,1,0,0,3.0,-1.0,1,0,0
9503,981,2,2,2,1,4,0,1,1,,-1.0,1,0,None
9504,982,0,0,1,1,3,0,0,0,5.0,-1.0,1,0,0
9505,982,1,0,1,0,3,1,1,0,,-1.0,1,0,None
9506,983,0,1,1,1,3,0,0,0,1.0,-1.0,1,0,0
9507,983,1,1,2,0,3,0,1,0,,-1.0,1,0,None
9508,984,0,0,1,1,2,0,0,0,4.0,0.0,1,1,1
9509,984,1,0,1,1,2,1,0,0,4.0,0.0,1,1,1
9510,984,2,0,1,1,2,1,0,0,3.0,0.0,1,1,1
9511,984,3,0,2,1,2,0,1,1,0.0,0.0,1,1,1
9512,984,4,0,2,1,2,0,0,0,3.0,0.0,1,1,1
9513,984,5,0,2,1,2,0,1,1,1.0,0.0,1,1,1
9514,984,6,1,2,1,2,0,1,0,5.0,0.0,1,1,1
9515,984,7,1,2,1,2,1,1,0,6.0,0.0,1,1,1
9516,984,8,1,2,1,2,1,0,1,2.0,0.0,1,1,1
9517,984,9,1,2,1,2,0,0,1,6.0,0.0,1,1,1
9518,984,10,1,1,1,2,1,0,1,3.0,0.0,1,1,1
9519,984,11,1,1,1,2,0,1,1,2.0,0.0,1,1,1
9520,984,12,1,1,1,2,0,0,1,6.0,0.0,1,1,1
9521,984,13,1,1,1,1,1,0,1,5.0,0.0,1,1,1
9522,984,14,1,2,1,1,1,1,0,7.0,0.0,1,1,1
9523,984,15,1,2,1,1,1,1,1,2.0,0.0,1,1,1
9524,984,16,1,2,1,1,0,0,1,7.0,0.0,1,1,1
9525,984,17,1,2,1,1,1,1,1,2.0,0.0,1,1,1
9526,984,18,1,2,1,1,0,0,1,2.0,0.0,1,1,0
9527,984,19,1,2,1,1,0,0,1,0.0,-1.0,1,0,0
9528,984,20,0,2,1,1,0,0,0,,-1.0,1,0,None
9529,985,0,2,1,1,0,0,0,0,5.0,0.0,1,1,0
9530,985,1,2,1,1,0,1,1,0,4.0,-1.0,1,0,0
9531,985,2,2,1,0,0,1,0,0,,-1.0,1,0,None
9532,986,0,1,0,1,2,0,0,0,1.0,0.0,1,1,1
9533,986,1,1,1,1,2,0,1,0,7.0,0.0,1,1,1
9534,986,2,1,1,1,2,1,1,1,6.0,0.0,1,1,1
9535,986,3,1,1,1,2,1,0,1,1.0,0.0,1,1,1
9536,986,4,1,2,0,2,0,1,0,5.0,0.0,1,1,1
9537,986,5,1,2,0,2,1,1,0,4.0,0.0,1,1,1
9538,986,6,1,2,0,2,1,0,0,1.0,0.0,1,1,1
9539,986,7,1,2,0,2,0,1,0,4.0,0.0,1,1,1
9540,986,8,1,2,0,2,1,0,0,1.0,0.0,1,1,1
9541,986,9,1,2,0,2,0,1,0,1.0,0.0,1,1,1
9542,986,10,1,2,0,2,0,1,0,7.0,0.0,1,1,1
9543,986,11,1,2,0,2,1,1,1,0.0,0.0,1,1,1
9544,986,12,1,2,0,2,0,0,0,4.0,0.0,1,1,1
9545,986,13,1,2,0,2,1,0,0,3.0,0.0,1,1,1
9546,986,14,2,2,1,2,0,1,1,0.0,0.0,1,1,1
9547,986,15,2,2,1,2,0,0,0,2.0,0.0,1,1,1
9548,986,16,2,2,1,2,0,0,1,6.0,0.0,1,1,1
9549,986,17,2,1,1,2,1,0,1,7.0,0.0,1,1,1
9550,986,18,1,2,1,2,1,1,1,7.0,0.0,1,1,1
9551,986,19,1,2,1,2,1,1,1,2.0,0.0,1,1,1
9552,986,20,1,2,1,1,0,0,1,,0.0,1,1,None
9553,987,0,2,1,1,2,0,0,0,7.0,0.0,1,1,1
9554,987,1,1,1,1,2,1,1,1,4.0,0.0,1,1,1
9555,987,2,1,1,1,2,1,0,0,1.0,0.0,1,1,1
9556,987,3,1,2,1,2,0,1,0,3.0,0.0,1,1,1
9557,987,4,0,2,1,2,0,1,1,7.0,0.0,1,1,1
9558,987,5,0,2,1,2,1,1,1,3.0,0.0,1,1,1
9559,987,6,0,2,1,2,0,1,1,0.0,0.0,1,1,1
9560,987,7,0,1,1,2,0,0,0,6.0,0.0,1,1,1
9561,987,8,0,1,1,2,1,0,1,0.0,0.0,1,1,1
9562,987,9,0,1,1,2,0,0,0,5.0,0.0,1,1,1
9563,987,10,0,2,1,2,1,1,0,6.0,0.0,1,1,0
9564,987,11,0,2,1,2,1,0,1,4.0,-1.0,1,0,0
9565,987,12,0,2,1,1,1,0,0,,-1.0,1,0,None
9566,988,0,1,0,1,2,0,0,0,6.0,0.0,1,1,1
9567,988,1,1,0,1,2,1,0,1,0.0,0.0,1,1,1
9568,988,2,1,0,1,2,0,0,0,3.0,0.0,1,1,2
9569,988,3,1,1,1,2,0,1,1,0.0,1.0,1,2,2
9570,988,4,1,1,1,2,0,0,0,,1.0,1,2,None
9571,989,0,1,0,1,0,0,0,0,4.0,0.0,1,1,1
9572,989,1,1,0,1,0,1,0,0,7.0,0.0,1,1,1
9573,989,2,1,0,1,0,1,1,1,2.0,0.0,1,1,1
9574,989,3,1,0,1,0,0,0,1,6.0,0.0,1,1,1
9575,989,4,1,0,1,0,1,0,1,7.0,0.0,1,1,1
9576,989,5,1,1,1,0,1,1,1,4.0,0.0,1,1,1
9577,989,6,1,1,1,0,1,0,0,4.0,0.0,1,1,1
9578,989,7,1,1,1,0,1,0,0,0.0,0.0,1,1,1
9579,989,8,1,1,1,0,0,0,0,4.0,0.0,1,1,1
9580,989,9,1,1,1,0,1,0,0,7.0,0.0,1,1,1
9581,989,10,1,2,1,0,1,1,1,6.0,0.0,1,1,1
9582,989,11,1,2,1,0,1,0,1,2.0,0.0,1,1,0
9583,989,12,1,2,1,0,0,0,1,3.0,-1.0,1,0,0
9584,989,13,2,2,1,0,0,1,1,,-1.0,1,0,None
9585,990,0,2,2,1,2,0,0,0,7.0,0.0,1,1,1
9586,990,1,2,2,1,2,1,1,1,4.0,0.0,1,1,1
9587,990,2,2,2,1,2,1,0,0,3.0,0.0,1,1,1
9588,990,3,2,2,1,2,0,1,1,2.0,0.0,1,1,1
9589,990,4,2,2,1,2,0,0,1,6.0,0.0,1,1,1
9590,990,5,1,2,1,2,1,0,1,4.0,0.0,1,1,1
9591,990,6,1,1,1,2,1,0,0,5.0,0.0,1,1,1
9592,990,7,1,2,1,2,1,1,0,7.0,0.0,1,1,1
9593,990,8,1,2,1,2,1,1,1,4.0,0.0,1,1,1
9594,990,9,1,1,1,2,1,0,0,6.0,0.0,1,1,1
9595,990,10,1,1,1,2,1,0,1,5.0,0.0,1,1,1
9596,990,11,1,2,1,2,1,1,0,4.0,0.0,1,1,1
9597,990,12,1,1,1,2,1,0,0,1.0,0.0,1,1,1
9598,990,13,1,2,1,2,0,1,0,0.0,0.0,1,1,1
9599,990,14,0,2,1,2,0,0,0,3.0,0.0,1,1,1
9600,990,15,0,2,1,2,0,1,1,3.0,0.0,1,1,1
9601,990,16,0,2,1,2,0,1,1,6.0,0.0,1,1,1
9602,990,17,0,1,1,2,1,0,1,3.0,0.0,1,1,0
9603,990,18,0,2,1,2,0,1,1,4.0,-1.0,1,0,0
9604,990,19,0,2,1,1,1,0,0,,-1.0,1,0,None
9605,991,0,1,2,0,2,0,0,0,6.0,0.0,1,1,1
9606,991,1,1,1,1,2,1,0,1,3.0,0.0,1,1,1
9607,991,2,2,2,1,2,0,1,1,3.0,0.0,1,1,1
9608,991,3,2,2,1,2,0,1,1,3.0,0.0,1,1,1
9609,991,4,2,2,1,2,0,1,1,0.0,0.0,1,1,1
9610,991,5,1,2,1,2,0,0,0,6.0,0.0,1,1,1
9611,991,6,1,2,1,2,1,0,1,5.0,0.0,1,1,2
9612,991,7,1,2,1,2,1,1,0,0.0,1.0,1,2,2
9613,991,8,1,1,1,2,0,0,0,,1.0,1,2,None
9614,992,0,1,2,1,2,0,0,0,2.0,0.0,1,1,1
9615,992,1,1,2,1,2,0,0,1,1.0,0.0,1,1,1
9616,992,2,1,2,1,2,0,1,0,3.0,0.0,1,1,1
9617,992,3,2,2,1,2,0,1,1,5.0,0.0,1,1,1
9618,992,4,2,2,1,2,1,1,0,5.0,0.0,1,1,1
9619,992,5,2,2,1,2,1,1,0,3.0,0.0,1,1,1
9620,992,6,2,2,1,2,0,1,1,0.0,0.0,1,1,1
9621,992,7,2,1,1,1,0,0,0,4.0,0.0,1,1,1
9622,992,8,2,1,1,1,1,0,0,4.0,0.0,1,1,0
9623,992,9,2,1,1,1,1,0,0,1.0,-1.0,1,0,0
9624,992,10,2,2,1,1,0,1,0,,-1.0,1,0,None
9625,993,0,1,1,1,4,0,0,0,7.0,0.0,1,1,1
9626,993,1,1,2,1,4,1,1,1,2.0,0.0,1,1,1
9627,993,2,1,2,1,4,0,0,1,2.0,0.0,1,1,1
9628,993,3,1,2,1,4,0,0,1,7.0,0.0,1,1,1
9629,993,4,1,2,1,4,1,1,1,7.0,0.0,1,1,1
9630,993,5,1,2,1,4,1,1,1,1.0,0.0,1,1,0
9631,993,6,1,2,1,4,0,1,0,1.0,-1.0,1,0,0
9632,993,7,2,2,1,4,0,1,0,,-1.0,1,0,None
9633,994,0,2,2,1,2,0,0,0,4.0,-1.0,1,0,0
9634,994,1,2,2,0,2,1,0,0,,-1.0,1,0,None
9635,995,0,1,1,1,1,0,0,0,3.0,0.0,1,1,1
9636,995,1,1,2,1,1,0,1,1,5.0,0.0,1,1,1
9637,995,2,1,2,1,1,1,1,0,3.0,0.0,1,1,1
9638,995,3,1,2,1,1,0,1,1,4.0,0.0,1,1,1
9639,995,4,1,1,1,1,1,0,0,3.0,0.0,1,1,1
9640,995,5,1,2,1,1,0,1,1,4.0,0.0,1,1,1
9641,995,6,1,2,1,1,1,0,0,5.0,0.0,1,1,1
9642,995,7,1,2,1,1,1,1,0,2.0,0.0,1,1,1
9643,995,8,1,1,1,1,0,0,1,2.0,0.0,1,1,1
9644,995,9,1,1,1,1,0,0,1,4.0,0.0,1,1,1
9645,995,10,1,1,1,1,1,0,0,4.0,0.0,1,1,1
9646,995,11,1,1,1,1,1,0,0,5.0,0.0,1,1,1
9647,995,12,1,2,1,1,1,1,0,5.0,0.0,1,1,1
9648,995,13,1,1,1,1,1,1,0,1.0,0.0,1,1,1
9649,995,14,1,2,1,1,0,1,0,3.0,0.0,1,1,1
9650,995,15,1,2,1,1,0,1,1,7.0,0.0,1,1,1
9651,995,16,1,2,1,1,1,1,1,5.0,0.0,1,1,1
9652,995,17,1,2,1,1,1,1,0,5.0,0.0,1,1,1
9653,995,18,1,2,1,1,1,1,0,3.0,0.0,1,1,1
9654,995,19,1,2,1,1,0,1,1,6.0,0.0,1,1,1
9655,995,20,1,2,1,1,1,0,1,,0.0,1,1,None
9656,996,0,2,0,1,2,0,0,0,1.0,0.0,1,1,1
9657,996,1,2,0,1,2,0,1,0,3.0,0.0,1,1,1
9658,996,2,2,1,1,2,0,1,1,4.0,0.0,1,1,1
9659,996,3,2,1,1,2,1,0,0,2.0,0.0,1,1,1
9660,996,4,2,1,1,2,0,0,1,6.0,0.0,1,1,1
9661,996,5,2,1,1,1,1,0,1,6.0,0.0,1,1,1
9662,996,6,2,1,1,1,1,0,1,0.0,0.0,1,1,0
9663,996,7,2,1,1,1,0,0,0,7.0,-1.0,1,0,0
9664,996,8,2,2,1,1,1,1,1,,-1.0,1,0,None
9665,997,0,0,2,1,2,0,0,0,0.0,0.0,1,1,1
9666,997,1,0,2,1,2,0,0,0,6.0,0.0,1,1,1
9667,997,2,0,1,1,2,1,0,1,6.0,0.0,1,1,1
9668,997,3,0,1,1,2,1,0,1,6.0,0.0,1,1,1
9669,997,4,0,1,1,2,1,0,1,3.0,0.0,1,1,1
9670,997,5,0,2,1,2,0,1,1,2.0,0.0,1,1,1
9671,997,6,0,2,1,2,0,0,1,1.0,0.0,1,1,1
9672,997,7,0,2,1,2,0,1,0,0.0,0.0,1,1,1
9673,997,8,0,2,1,2,0,0,0,1.0,0.0,1,1,1
9674,997,9,0,2,1,2,0,1,0,7.0,0.0,1,1,1
9675,997,10,0,2,1,2,1,1,1,3.0,0.0,1,1,0
9676,997,11,0,2,1,2,0,1,1,0.0,-1.0,1,0,0
9677,997,12,0,2,0,2,0,0,0,,-1.0,1,0,None
9678,998,0,2,1,1,3,0,0,0,4.0,0.0,1,1,1
9679,998,1,1,1,1,3,1,0,0,6.0,0.0,1,1,1
9680,998,2,1,1,1,3,1,0,1,4.0,0.0,1,1,1
9681,998,3,1,1,1,3,1,0,0,1.0,0.0,1,1,1
9682,998,4,1,2,1,4,0,1,0,6.0,0.0,1,1,1
9683,998,5,1,1,1,4,1,0,1,5.0,0.0,1,1,1
9684,998,6,1,2,1,4,1,1,0,7.0,0.0,1,1,1
9685,998,7,1,1,1,4,1,1,1,6.0,0.0,1,1,1
9686,998,8,1,1,1,3,1,0,1,5.0,0.0,1,1,1
9687,998,9,1,1,1,4,1,1,0,2.0,0.0,1,1,1
9688,998,10,1,0,1,4,0,0,1,1.0,0.0,1,1,1
9689,998,11,0,1,1,4,0,1,0,4.0,0.0,1,1,0
9690,998,12,0,1,1,3,1,0,0,3.0,-1.0,1,0,0
9691,998,13,0,2,1,3,0,1,1,,-1.0,1,0,None
9692,999,0,2,1,1,2,0,0,0,4.0,0.0,1,1,1
9693,999,1,1,1,1,1,1,0,0,3.0,0.0,1,1,1
9694,999,2,1,2,1,1,0,1,1,0.0,0.0,1,1,1
9695,999,3,1,2,1,0,0,0,0,2.0,0.0,1,1,1
9696,999,4,1,2,1,0,0,0,1,1.0,0.0,1,1,0
9697,999,5,1,2,1,0,0,1,0,3.0,-1.0,1,0,0
9698,999,6,0,2,1,0,0,1,1,,-1.0,1,0,None
